nqr_id,code,title,sector,nsqf_level,url
1284,2020/HYC/HSSCI/3770,Line Patrolling Man (Oil  Gas),Hydrocarbon,Level 3,https://www.nqr.gov.in/qualifications/1284
1285,2020/HYC/HSSCI/3769,Process Instrument Technician (Oil & Gas),Hydrocarbon,Level 4,https://www.nqr.gov.in/qualifications/1285
1309,2020/HYC/HSSCI/3612,Excavator-Pipeline,Hydrocarbon,Level 2,https://www.nqr.gov.in/qualifications/1309
1310,2020/HYC/HSSCI/3611,Fire Safety Technician (Oil & Gas),Hydrocarbon,Level 4,https://www.nqr.gov.in/qualifications/1310
1349,2020/OAFM/MEPSC/03792,Hindi Typist,Oﬃce Administration & Facility Management,Level 4,https://www.nqr.gov.in/qualifications/1349
1355,2020/ITES/ASAP/03802,Certificate Course in Coding Skills,IT-ITeS,Level 5,https://www.nqr.gov.in/qualifications/1355
1421,2020/CON/IESC/3881,Transit and Self-Loading Mixer Operator,Infrastructure,Level 4,https://www.nqr.gov.in/qualifications/1421
1513,2020/HYC/HSSCI/03997,SS (Stainless Steel) Tubing Technician,Hydrocarbon,Level 4,https://www.nqr.gov.in/qualifications/1513
1584,2021/HYC/HSSCI/04095,Gas Meter Reader,Hydrocarbon,Level 3,https://www.nqr.gov.in/qualifications/1584
1585,2021/HYC/HSSCI/04096,Pipeline Maintenance Technician (Mechanical),Hydrocarbon,Level 4,https://www.nqr.gov.in/qualifications/1585
1752,2020/ITES/ITSSC/04331,AI – Data Quality Analyst,IT-ITeS,Level 5,https://www.nqr.gov.in/qualifications/1752
1756,2021/AUT/ASDC/04333,Automotive Assembly Assistant,Automotive,Level 2,https://www.nqr.gov.in/qualifications/1756
1760,2021/AUT/ASDC/04346,Automotive Forging Technician,Automotive,Level 4,https://www.nqr.gov.in/qualifications/1760
1762,2021/AUT/ASDC/04340,Automotive Machining Master Technician,Automotive,Level 6,https://www.nqr.gov.in/qualifications/1762
1766,2021/AUT/ASDC/04351,Automotive Maintenance Lead Technician-Electrical,Automotive,Level 5,https://www.nqr.gov.in/qualifications/1766
1767,2021/AUT/ASDC/04352,Automotive Maintenance Lead Technician-Mechanical,Automotive,Level 5,https://www.nqr.gov.in/qualifications/1767
1768,2021/AUT/ASDC/04344,Automotive Body Painting Operator,Automotive,Level 3,https://www.nqr.gov.in/qualifications/1768
1772,2021/AUT/ASDC/04337,Automotive Welding Machine Master Technician,Automotive,Level 6,https://www.nqr.gov.in/qualifications/1772
1784,2021/AUT/ASDC/04347,Automotive Material Handling Assistant,Automotive,Level 2,https://www.nqr.gov.in/qualifications/1784
1785,2021/AUT/ASDC/04350,Automotive Production Equipment Design Engineer,Automotive,Level 6,https://www.nqr.gov.in/qualifications/1785
2032,2021/HYC/HSSCI/04663,Cathodic Protection Technician,Hydrocarbon,Level 4,https://www.nqr.gov.in/qualifications/2032
2034,2021/HYC/HSSCI/04664,Direct Marketing Agent - Piped Natural Gas (PNG),Hydrocarbon,Level 4,https://www.nqr.gov.in/qualifications/2034
2035,2021/HYC/HSSCI/04662,Project Supervisor - City Gas Distribution (CGD),Hydrocarbon,Level 5,https://www.nqr.gov.in/qualifications/2035
2036,2021/HYC/HSSCI/04665,Store Keeper (Petroleum Products),Hydrocarbon,Level 3,https://www.nqr.gov.in/qualifications/2036
2201,2021/PWD/SCPWD/04886,Solar PV Installer-Civil-PwD LD,Persons with Disability,Level 4,https://www.nqr.gov.in/qualifications/2201
2202,2021/PWD/SCPWD/04887,Solar PV Installer-Civil-PwD SHI,Persons with Disability,Level 4,https://www.nqr.gov.in/qualifications/2202
2203,2021/PWD/SCPWD/04885,Solar PV Installer-Electrical-PwD SHI,Persons with Disability,Level 4,https://www.nqr.gov.in/qualifications/2203
2204,2021/PWD/SCPWD/04884,Solar PV Installer-Electrical-PwD LD,Persons with Disability,Level 4,https://www.nqr.gov.in/qualifications/2204
2205,2021/PWD/SCPWD/04883,Solar PV Installer (Suryamitra)-PwD SHI,Persons with Disability,Level 4,https://www.nqr.gov.in/qualifications/2205
2251,2021/EHW/ESSC/04794,Field Technician Computing And Peripherals,Electronics & HW,Level 4,https://www.nqr.gov.in/qualifications/2251
2253,2021/EHW/ESSC/04792,Wiring Harness Assembly Operator,Electronics & HW,Level 3,https://www.nqr.gov.in/qualifications/2253
2255,2021/EHW/ESSC/04790,Motor & Controller Repairing Technician,Electronics & HW,Level 4,https://www.nqr.gov.in/qualifications/2255
2256,2021/EHW/ESSC/04789,Battery System Repair Technician,Electronics & HW,Level 4,https://www.nqr.gov.in/qualifications/2256
2257,2021/EHW/ESSC/04788,Motor and Controller Design Engineer,Electronics & HW,Level 5,https://www.nqr.gov.in/qualifications/2257
2258,2021/EHW/ESSC/04787,Battery System Design Engineer,Electronics & HW,Level 5,https://www.nqr.gov.in/qualifications/2258
2259,2021/EHW/ESSC/04786,Electronic Hardware Assembly Operator,Electronics & HW,Level 4,https://www.nqr.gov.in/qualifications/2259
2260,2021/EHW/ESSC/04785,Battery System Assembly Operator,Electronics & HW,Level 4,https://www.nqr.gov.in/qualifications/2260
2268,2022/EHW/ESSC/05109,TV Repair Technician,Electronics & HW,Level 3,https://www.nqr.gov.in/qualifications/2268
2269,2022/EHW/ESSC/05110,Field Technician – Air Conditioner,Electronics & HW,Level 4,https://www.nqr.gov.in/qualifications/2269
2270,2022/EHW/ESSC/05111,Field Technician – Other Home Appliances,Electronics & HW,Level 4,https://www.nqr.gov.in/qualifications/2270
2272,2022/EHW/ESSC/05127,Service Technician – Home Appliances,Electronics & HW,Level 4,https://www.nqr.gov.in/qualifications/2272
2277,2022/EHW/ESSC/05117,IT Coordinator in School,Electronics & HW,Level 4,https://www.nqr.gov.in/qualifications/2277
2282,2022/EHW/ESSC/05123,Field Technicians – UPS and Inverter,Electronics & HW,Level 4,https://www.nqr.gov.in/qualifications/2282
2283,2022/EHW/ESSC/05124,PCB Assembly Operator,Electronics & HW,Level 4,https://www.nqr.gov.in/qualifications/2283
2284,2022/EHW/ESSC/05107,Welding Operator Electronics,Electronics & HW,Level 3,https://www.nqr.gov.in/qualifications/2284
2286,2022/EHW/ESSC/05125,DTH Set-top Box Installer and Service Technician,Electronics & HW,Level 4,https://www.nqr.gov.in/qualifications/2286
2287,2022/EHW/ESSC/05126,LED Light Repair Technician,Electronics & HW,Level 4,https://www.nqr.gov.in/qualifications/2287
2289,2022/EHW/ESSC/05113,Smartphone Assembly Technician,Electronics & HW,Level 4,https://www.nqr.gov.in/qualifications/2289
2290,2022/EHW/ESSC/05139,Pick-and-Place Assembly Operator,Electronics & HW,Level 4,https://www.nqr.gov.in/qualifications/2290
2291,2022/EHW/ESSC/05136,Electronics Manufacturing Services Technician,Electronics & HW,Level 4,https://www.nqr.gov.in/qualifications/2291
2292,2022/EHW/ESSC/05118,Solar Panel Installation Technician,Electronics & HW,Level 4,https://www.nqr.gov.in/qualifications/2292
2293,2022/EHW/ESSC/05138,Digital Cable Technician – Access,Electronics & HW,Level 4,https://www.nqr.gov.in/qualifications/2293
2297,2022/EHW/ESSC/05133,HVAC Technician,Electronics & HW,Level 4,https://www.nqr.gov.in/qualifications/2297
2299,2022/EHW/ESSC/05128,Through-hole Assembly Operator,Electronics & HW,Level 4,https://www.nqr.gov.in/qualifications/2299
2300,2022/EHW/ESSC/05129,Wireman Control Panel Electronics,Electronics & HW,Level 3,https://www.nqr.gov.in/qualifications/2300
2302,2021/ME/MESC/04873,AR/VR Developer,Media & Entertainment,Level 6,https://www.nqr.gov.in/qualifications/2302
2305,2022/HYC/HSSCI/05172,Retail Outlet Attendant (Oil & Gas),Hydrocarbon,Level 3,https://www.nqr.gov.in/qualifications/2305
2306,2022/HYC/HSSCI/05173,LPG Delivery Personnel,Hydrocarbon,Level 3,https://www.nqr.gov.in/qualifications/2306
2307,2022/HYC/HSSCI/05174,Tank Lorry Driver - Petroleum Products,Hydrocarbon,Level 4,https://www.nqr.gov.in/qualifications/2307
2308,2021/ME/MESC/04864,Assistant Costume Designer,Media & Entertainment,Level 3,https://www.nqr.gov.in/qualifications/2308
2309,2022/HYC/HSSCI/05175,LPG Mechanic,Hydrocarbon,Level 3,https://www.nqr.gov.in/qualifications/2309
2310,2021/ME/MESC/04868,Cinematographer,Media & Entertainment,Level 5,https://www.nqr.gov.in/qualifications/2310
2311,2021/ME/MESC/04865,Costume Designer,Media & Entertainment,Level 4,https://www.nqr.gov.in/qualifications/2311
2312,2022/HYC/HSSCI/05176,Industrial Electrician (Oil & Gas),Hydrocarbon,Level 4,https://www.nqr.gov.in/qualifications/2312
2313,2021/ME/MESC/04870,Event Planner/Event Manager,Media & Entertainment,Level 5,https://www.nqr.gov.in/qualifications/2313
2314,2021/ME/MESC/04871,Game Artist,Media & Entertainment,Level 5,https://www.nqr.gov.in/qualifications/2314
2315,2021/ME/MESC/04866,Offset Print Operator,Media & Entertainment,Level 4,https://www.nqr.gov.in/qualifications/2315
2317,2021/ME/MESC/04869,Project Manager (OOH) Media,Media & Entertainment,Level 5,https://www.nqr.gov.in/qualifications/2317
2318,2021/ME/MESC/04867,Still Photographer,Media & Entertainment,Level 4,https://www.nqr.gov.in/qualifications/2318
2319,2022/HYC/HSSCI/05178,Industrial Welder (Oil & Gas),Hydrocarbon,Level 4,https://www.nqr.gov.in/qualifications/2319
2320,2021/ME/MESC/04872,Technical Artist – AR/VR,Media & Entertainment,Level 5,https://www.nqr.gov.in/qualifications/2320
2391,2022/PWD/SCPWD/05262,Automotive Maintenance Technician-Mechanical -PwD SHI,Persons with Disability,Level 4,https://www.nqr.gov.in/qualifications/2391
2512,2022/PLUM/WMPS/05462,Plumbing Supervisor,Plumbing,Level 5,https://www.nqr.gov.in/qualifications/2512
2513,2022/PLUM/WMPS/05463,Storekeeper - Plumbing Projects,Plumbing,Level 4,https://www.nqr.gov.in/qualifications/2513
2514,2022/PLUM/WMPS/05464,Jal Mitra,Plumbing,Level 4,https://www.nqr.gov.in/qualifications/2514
2515,2022/PLUM/WMPS/05465,Water Pump Operator,Plumbing,Level 4,https://www.nqr.gov.in/qualifications/2515
2530,2022/ME/MESC/05190,ACCOUNT EXECUTIVE,Media & Entertainment,Level 4,https://www.nqr.gov.in/qualifications/2530
2531,2022/ME/MESC/05191,ADVERTISING OPERATIONS COORDINATOR,Media & Entertainment,Level 4,https://www.nqr.gov.in/qualifications/2531
2532,2022/ME/MESC/05193,Animation Director,Media & Entertainment,Level 6,https://www.nqr.gov.in/qualifications/2532
2533,2022/ME/MESC/05192,Animator,Media & Entertainment,Level 4,https://www.nqr.gov.in/qualifications/2533
2534,2022/ME/MESC/05195,Art Director (Animation & Gaming),Media & Entertainment,Level 6,https://www.nqr.gov.in/qualifications/2534
2535,2022/ME/MESC/05194,Art Director (Set Design),Media & Entertainment,Level 6,https://www.nqr.gov.in/qualifications/2535
2536,2022/ME/MESC/05196,Assistant Cameraman,Media & Entertainment,Level 3,https://www.nqr.gov.in/qualifications/2536
2537,2022/ME/MESC/05197,Camera Operator,Media & Entertainment,Level 4,https://www.nqr.gov.in/qualifications/2537
2538,2022/ME/MESC/05198,Character designer,Media & Entertainment,Level 4,https://www.nqr.gov.in/qualifications/2538
2539,2022/ME/MESC/05199,Clean-up artist,Media & Entertainment,Level 3,https://www.nqr.gov.in/qualifications/2539
2540,2022/ME/MESC/05200,Compositor,Media & Entertainment,Level 4,https://www.nqr.gov.in/qualifications/2540
2541,2022/ME/MESC/05201,Director of Photography,Media & Entertainment,Level 6,https://www.nqr.gov.in/qualifications/2541
2542,2022/ME/MESC/05202,Editor,Media & Entertainment,Level 4,https://www.nqr.gov.in/qualifications/2542
2543,2022/ME/MESC/05203,Hairdresser,Media & Entertainment,Level 4,https://www.nqr.gov.in/qualifications/2543
2544,2022/ME/MESC/05204,Layout designer,Media & Entertainment,Level 4,https://www.nqr.gov.in/qualifications/2544
2545,2022/ME/MESC/05205,Lighting artist,Media & Entertainment,Level 4,https://www.nqr.gov.in/qualifications/2545
2546,2022/ME/MESC/05206,LINE PRODUCER,Media & Entertainment,Level 6,https://www.nqr.gov.in/qualifications/2546
2547,2022/ME/MESC/05207,Live Action Director,Media & Entertainment,Level 6,https://www.nqr.gov.in/qualifications/2547
2548,2022/ME/MESC/05208,LOCATION MANAGER,Media & Entertainment,Level 5,https://www.nqr.gov.in/qualifications/2548
2549,2022/ME/MESC/05209,Make-up Artist,Media & Entertainment,Level 4,https://www.nqr.gov.in/qualifications/2549
2550,2022/ME/MESC/05210,Modeller,Media & Entertainment,Level 4,https://www.nqr.gov.in/qualifications/2550
2551,2022/ME/MESC/05211,PRODUCTION ASSISTANT,Media & Entertainment,Level 4,https://www.nqr.gov.in/qualifications/2551
2552,2022/ME/MESC/05212,Props Master,Media & Entertainment,Level 5,https://www.nqr.gov.in/qualifications/2552
2553,2022/ME/MESC/05213,Rigging Artist,Media & Entertainment,Level 4,https://www.nqr.gov.in/qualifications/2553
2554,2022/ME/MESC/05214,Roto Artist,Media & Entertainment,Level 4,https://www.nqr.gov.in/qualifications/2554
2555,2022/ME/MESC/05215,SALES EXECUTIVE (Media Org),Media & Entertainment,Level 4,https://www.nqr.gov.in/qualifications/2555
2556,2022/ME/MESC/05216,SCRIPT RESEARCHER,Media & Entertainment,Level 4,https://www.nqr.gov.in/qualifications/2556
2557,2022/ME/MESC/05217,SCRIPT WRITER,Media & Entertainment,Level 5,https://www.nqr.gov.in/qualifications/2557
2558,2022/ME/MESC/05218,SET CARPENTER,Media & Entertainment,Level 3,https://www.nqr.gov.in/qualifications/2558
2559,2022/ME/MESC/05219,Set Decorator,Media & Entertainment,Level 4,https://www.nqr.gov.in/qualifications/2559
2560,2022/ME/MESC/05220,Set Painter,Media & Entertainment,Level 3,https://www.nqr.gov.in/qualifications/2560
2561,2022/ME/MESC/05221,Set Plasterer,Media & Entertainment,Level 3,https://www.nqr.gov.in/qualifications/2561
2562,2022/ME/MESC/05222,Sound Assistant,Media & Entertainment,Level 3,https://www.nqr.gov.in/qualifications/2562
2563,2022/ME/MESC/05223,Sound Designer,Media & Entertainment,Level 5,https://www.nqr.gov.in/qualifications/2563
2564,2022/ME/MESC/05224,Sound Editor,Media & Entertainment,Level 4,https://www.nqr.gov.in/qualifications/2564
2565,2022/ME/MESC/05225,Sound Engineer,Media & Entertainment,Level 4,https://www.nqr.gov.in/qualifications/2565
2566,2022/ME/MESC/05226,Storyboard Artist,Media & Entertainment,Level 3,https://www.nqr.gov.in/qualifications/2566
2567,2022/ME/MESC/05227,Texturing Artist,Media & Entertainment,Level 4,https://www.nqr.gov.in/qualifications/2567
2568,2022/ME/MESC/05228,Unit Production Manager,Media & Entertainment,Level 5,https://www.nqr.gov.in/qualifications/2568
2570,2022/ME/MESC/05229,VFX Editor,Media & Entertainment,Level 4,https://www.nqr.gov.in/qualifications/2570
2571,2022/ME/MESC/05230,Voice-over Artist,Media & Entertainment,Level 4,https://www.nqr.gov.in/qualifications/2571
2645,2022/OAFM/MEPSC/05426,Armed Security Guard,Private Security,Level 4,https://www.nqr.gov.in/qualifications/2645
2663,2022/ME/MESC/05433,ACCOUNT DIRECTOR,Media & Entertainment,Level 6,https://www.nqr.gov.in/qualifications/2663
2666,2022/ME/MESC/05451,Actor,Media & Entertainment,Level 4,https://www.nqr.gov.in/qualifications/2666
2667,2022/ME/MESC/05441,COMMUNITY JOURNALIST,Media & Entertainment,Level 4,https://www.nqr.gov.in/qualifications/2667
2669,2022/ME/MESC/05450,Dancer,Media & Entertainment,Level 3,https://www.nqr.gov.in/qualifications/2669
2671,2022/ME/MESC/05446,DIGITAL MARKETING MANAGER,Media & Entertainment,Level 6,https://www.nqr.gov.in/qualifications/2671
2673,2022/ME/MESC/05434,EXECUTIVE PRODUCER,Media & Entertainment,Level 7,https://www.nqr.gov.in/qualifications/2673
2675,2022/ME/MESC/05452,GRAPHIC DESIGNER,Media & Entertainment,Level 4,https://www.nqr.gov.in/qualifications/2675
2684,2022/ME/MESC/05435,PROSTHETICS ARTIST,Media & Entertainment,Level 5,https://www.nqr.gov.in/qualifications/2684
2685,2022/ME/MESC/05436,Rendering Artist,Media & Entertainment,Level 4,https://www.nqr.gov.in/qualifications/2685
2686,2022/ME/MESC/05438,SALES MANAGER,Media & Entertainment,Level 6,https://www.nqr.gov.in/qualifications/2686
2687,2022/ME/MESC/05439,SCRIPT EDITOR,Media & Entertainment,Level 6,https://www.nqr.gov.in/qualifications/2687
2688,2022/ME/MESC/05443,Search Engine Marketing Executive,Media & Entertainment,Level 4,https://www.nqr.gov.in/qualifications/2688
2689,2022/ME/MESC/05444,Social Media Executive,Media & Entertainment,Level 4,https://www.nqr.gov.in/qualifications/2689
2691,2022/ME/MESC/05440,TRAFFIC COORDINATOR (Media Organisations),Media & Entertainment,Level 4,https://www.nqr.gov.in/qualifications/2691
2694,2022/ME/MESC/05442,SEARCH ENGINE OPTIMIZATION EXECUTIVE,Media & Entertainment,Level 4,https://www.nqr.gov.in/qualifications/2694
2697,2022/ME/MESC/05437,Sales Director (Media Org.),Media & Entertainment,Level 6,https://www.nqr.gov.in/qualifications/2697
2701,2022/ME/MESC/05445,Social Media Manager,Media & Entertainment,Level 5,https://www.nqr.gov.in/qualifications/2701
2707,2022/EHW/ESSC/05381,In-Store Demonstrator,Electronics & HW,Level 3,https://www.nqr.gov.in/qualifications/2707
2734,2022/EHW/ESSC/05386,Electronics Machine Maintenance Executive,Electronics & HW,Level 4,https://www.nqr.gov.in/qualifications/2734
2737,2022/EHW/ESSC/05383,Assembly Operator - TV,Electronics & HW,Level 4,https://www.nqr.gov.in/qualifications/2737
2738,2022/EHW/ESSC/05382,Assembly Operator - RAC,Electronics & HW,Level 4,https://www.nqr.gov.in/qualifications/2738
2739,2022/EHW/ESSC/05380,Electrical Assembly Operator - Control Panel,Electronics & HW,Level 3,https://www.nqr.gov.in/qualifications/2739
2741,2022/EHW/ESSC/05378,Solar LED Technician,Electronics & HW,Level 4,https://www.nqr.gov.in/qualifications/2741
2743,2022/EHW/ESSC/05376,Winding Operator,Electronics & HW,Level 4,https://www.nqr.gov.in/qualifications/2743
2746,2022/EHW/ESSC/05374,Incoming Materials Inspector - Electronics Items,Electronics & HW,Level 4,https://www.nqr.gov.in/qualifications/2746
2747,2022/EHW/ESSC/05373,Purchase-Executive,Electronics & HW,Level 4,https://www.nqr.gov.in/qualifications/2747
2748,2022/EHW/ESSC/05372,LED Luminary Mechanical Assembly and Testing Technician,Electronics & HW,Level 4,https://www.nqr.gov.in/qualifications/2748
2750,2022/EHW/ESSC/05371,Maintenance Technician,Electronics & HW,Level 3,https://www.nqr.gov.in/qualifications/2750
2756,2022/EHW/ESSC/05638,Assistant Installation Computing And Peripherals,Electronics & HW,Level 3,https://www.nqr.gov.in/qualifications/2756
2760,2022/EHW/ESSC/05636,Mobile Phone Hardware Repair Technician,Electronics & HW,Level 4,https://www.nqr.gov.in/qualifications/2760
2763,2022/CP/PCSC/05731,Wood Polisher,Paints & Coatings,Level 4,https://www.nqr.gov.in/qualifications/2763
2896,2022/ME/MESC/05697,3D Printing Operator,Media & Entertainment,Level 4,https://www.nqr.gov.in/qualifications/2896
2899,2022/ME/MESC/05688,Anchor,Media & Entertainment,Level 6,https://www.nqr.gov.in/qualifications/2899
2900,2022/ME/MESC/05695,Broadcasting Operation Manager,Media & Entertainment,Level 5,https://www.nqr.gov.in/qualifications/2900
2902,2022/ME/MESC/05704,Cinematic Tourism Manager,Media & Entertainment,Level 5,https://www.nqr.gov.in/qualifications/2902
2903,2022/ME/MESC/05694,Content Strategist,Media & Entertainment,Level 5,https://www.nqr.gov.in/qualifications/2903
2905,2022/ME/MESC/05686,Correspondent,Media & Entertainment,Level 4,https://www.nqr.gov.in/qualifications/2905
2906,2022/ME/MESC/05689,Desk Editor,Media & Entertainment,Level 5,https://www.nqr.gov.in/qualifications/2906
2907,2022/ME/MESC/05699,Gaffar Man,Media & Entertainment,Level 5,https://www.nqr.gov.in/qualifications/2907
2908,2022/ME/MESC/05698,Jr. Digital Film Restoration Artist,Media & Entertainment,Level 3,https://www.nqr.gov.in/qualifications/2908
2909,2022/ME/MESC/05696,Media IP (Intellectual Property) Merchandising Director,Media & Entertainment,Level 6,https://www.nqr.gov.in/qualifications/2909
2910,2022/ME/MESC/05693,Multiplex Operation Manager,Media & Entertainment,Level 5,https://www.nqr.gov.in/qualifications/2910
2911,2022/ME/MESC/05700,Music Therapist,Media & Entertainment,Level 5,https://www.nqr.gov.in/qualifications/2911
2912,2022/ME/MESC/05690,Radio Jockey,Media & Entertainment,Level 5,https://www.nqr.gov.in/qualifications/2912
2913,2022/ME/MESC/05687,Senior Correspondent,Media & Entertainment,Level 5,https://www.nqr.gov.in/qualifications/2913
2914,2022/ME/MESC/05701,Social Media Influencer,Media & Entertainment,Level 4,https://www.nqr.gov.in/qualifications/2914
2915,2022/ME/MESC/05703,Spot Boy,Media & Entertainment,Level 3,https://www.nqr.gov.in/qualifications/2915
2916,2022/ME/MESC/05691,Stuntman,Media & Entertainment,Level 4,https://www.nqr.gov.in/qualifications/2916
2925,2022/EHW/ESSC/05387,Assembly Line Operator,Electronics & HW,Level 3,https://www.nqr.gov.in/qualifications/2925
2943,2022/ME/MESC/05692,Radio Broadcast Technician,Media & Entertainment,Level 4,https://www.nqr.gov.in/qualifications/2943
3011,2022/ME/MESC/05702,Celebrity PR Manager,Media & Entertainment,Level 5,https://www.nqr.gov.in/qualifications/3011
3063,2022/ITES/NIELIT/05878,O Level ‘IT’,IT-ITeS,Level 4,https://www.nqr.gov.in/qualifications/3063
3064,2022/ITES/NIELIT/05879,A Level (IT),IT-ITeS,Level 5,https://www.nqr.gov.in/qualifications/3064
3068,2022/EHW/ESSC/05877,Drone Manufacturing and Assembly Technician,Electronics & HW,Level 4,https://www.nqr.gov.in/qualifications/3068
3082,2022/IS/IESC/05908,Aerial Work Platform Operator,Infrastructure,Level 4,https://www.nqr.gov.in/qualifications/3082
3083,2022/IS/IESC/05886,Backhoe Loader Operator,Infrastructure,Level 4,https://www.nqr.gov.in/qualifications/3083
3084,2022/IS/IESC/05890,Batching Plant Operator,Infrastructure,Level 4,https://www.nqr.gov.in/qualifications/3084
3085,2022/IS/IESC/05889,Junior Backhoe Operator,Infrastructure,Level 3,https://www.nqr.gov.in/qualifications/3085
3086,2022/IS/IESC/05894,Junior Excavator Operator,Infrastructure,Level 3,https://www.nqr.gov.in/qualifications/3086
3087,2022/IS/IESC/05898,Junior Mechanic (Engine),Infrastructure,Level 3,https://www.nqr.gov.in/qualifications/3087
3088,2022/IS/IESC/05902,Junior Operator Crane,Infrastructure,Level 3,https://www.nqr.gov.in/qualifications/3088
3089,2022/IS/IESC/05906,Junior Paver Operator / Screedman,Infrastructure,Level 3,https://www.nqr.gov.in/qualifications/3089
3090,2022/IS/IESC/05891,Mechanic (Engine),Infrastructure,Level 4,https://www.nqr.gov.in/qualifications/3090
3091,2022/IS/IESC/05888,Mechanic (Hydraulic),Infrastructure,Level 4,https://www.nqr.gov.in/qualifications/3091
3092,2022/IS/IESC/05893,Mechanic (Electrical/ Electronics/Instrumentation),Infrastructure,Level 4,https://www.nqr.gov.in/qualifications/3092
3093,2022/IS/IESC/05910,Skid Steer Loader Operator,Infrastructure,Level 4,https://www.nqr.gov.in/qualifications/3093
3094,2022/IS/IESC/05909,Supervisor Maintenance (Infrastructure Equipment),Infrastructure,Level 5,https://www.nqr.gov.in/qualifications/3094
3095,2022/IS/IESC/05907,Tower Crane Operator,Infrastructure,Level 4,https://www.nqr.gov.in/qualifications/3095
3096,2022/IS/IESC/05904,Crawler Crane Operator,Infrastructure,Level 4,https://www.nqr.gov.in/qualifications/3096
3097,2022/IS/IESC/05885,Excavator Operator,Infrastructure,Level 4,https://www.nqr.gov.in/qualifications/3097
3098,2022/IS/IESC/05905,Hot Mix Plant Operator,Infrastructure,Level 4,https://www.nqr.gov.in/qualifications/3098
3099,2022/IS/IESC/05903,Hydra Crane Operator,Infrastructure,Level 4,https://www.nqr.gov.in/qualifications/3099
3100,2022/IS/IESC/05897,Junior Mechanic (Electrical/ Electronics/ Instrumentation),Infrastructure,Level 3,https://www.nqr.gov.in/qualifications/3100
3101,2022/IS/IESC/05911,Junior Tower Crane Operator / Signalman,Infrastructure,Level 3,https://www.nqr.gov.in/qualifications/3101
3102,2022/IS/IESC/05901,Supervisor (Plant & Machinery),Infrastructure,Level 5,https://www.nqr.gov.in/qualifications/3102
3105,2022/IS/IESC/05895,Compactor Operator,Infrastructure,Level 4,https://www.nqr.gov.in/qualifications/3105
3106,2022/IS/IESC/05896,Concrete pump operator,Infrastructure,Level 4,https://www.nqr.gov.in/qualifications/3106
3107,2022/IS/IESC/05887,Junior Mechanic (Hydraulic),Infrastructure,Level 3,https://www.nqr.gov.in/qualifications/3107
3108,2022/IS/IESC/05900,Paver Operator,Infrastructure,Level 4,https://www.nqr.gov.in/qualifications/3108
3130,2022/ME/MESC/06038,AR VR Producer,Media & Entertainment,Level 7,https://www.nqr.gov.in/qualifications/3130
3131,2022/ME/MESC/06035,Dance Teacher,Media & Entertainment,Level 6,https://www.nqr.gov.in/qualifications/3131
3132,2022/ME/MESC/06029,Editor- in-chief (Print Media),Media & Entertainment,Level 6,https://www.nqr.gov.in/qualifications/3132
3133,2022/ME/MESC/06034,Fine-Arts Teacher,Media & Entertainment,Level 6,https://www.nqr.gov.in/qualifications/3133
3134,2022/ME/MESC/06031,Live Performer - Folk Art (Dancer / Singer),Media & Entertainment,Level 3,https://www.nqr.gov.in/qualifications/3134
3135,2022/ME/MESC/06036,Music Teacher,Media & Entertainment,Level 6,https://www.nqr.gov.in/qualifications/3135
3136,2022/ME/MESC/06032,Sculpt Artist,Media & Entertainment,Level 3,https://www.nqr.gov.in/qualifications/3136
3137,2022/ME/MESC/06033,Drawing and Painting Artist,Media & Entertainment,Level 3,https://www.nqr.gov.in/qualifications/3137
3138,2022/ME/MESC/06030,Studio Manager,Media & Entertainment,Level 5,https://www.nqr.gov.in/qualifications/3138
3139,2022/ME/MESC/06037,Video Blogger,Media & Entertainment,Level 4,https://www.nqr.gov.in/qualifications/3139
3194,2022/OAFM/MEPSC/06025,Assessor (VET and Skills),Oﬃce Administration & Facility Management,Level 5,https://www.nqr.gov.in/qualifications/3194
3195,2022/OAFM/MEPSC/06026,Lead Assessor (VET and Skills),Oﬃce Administration & Facility Management,Level 6,https://www.nqr.gov.in/qualifications/3195
3196,2022/OAFM/MEPSC/06028,Master Trainer (VET and Skills),Oﬃce Administration & Facility Management,Level 6,https://www.nqr.gov.in/qualifications/3196
3198,2022/OAFM/MEPSC/06023,Instructional Designer (VET and Skills),Oﬃce Administration & Facility Management,Level 6,https://www.nqr.gov.in/qualifications/3198
3199,2022/OAFM/MEPSC/06024,Trainer (VET and Skills),Oﬃce Administration & Facility Management,Level 5,https://www.nqr.gov.in/qualifications/3199
3200,2022/OAFM/MEPSC/06027,Training Centre Manager,Oﬃce Administration & Facility Management,Level 5,https://www.nqr.gov.in/qualifications/3200
3220,2022/OAFM/MEPSC/06151,CSR and Sustainability Head,Oﬃce Administration & Facility Management,Level 6,https://www.nqr.gov.in/qualifications/3220
3221,2022/OAFM/MEPSC/06150,CSR and Sustainability Manager,Oﬃce Administration & Facility Management,Level 5,https://www.nqr.gov.in/qualifications/3221
3222,2022/SEC/MEPSC/06149,CCTV Video Footage Auditor,Private Security,Level 4,https://www.nqr.gov.in/qualifications/3222
3223,2022/ETR/MEPSC/06152,Career and Education Counsellor,"Education, Training & Research",Level 5,https://www.nqr.gov.in/qualifications/3223
3254,2022/ITES/NIELIT/06122,Computer Applications Associate (CAA),IT-ITeS,Level 4,https://www.nqr.gov.in/qualifications/3254
3256,2022/EHW/NIELIT/06117,Repair and Maintenance Technician (Hospital Equipment),Electronics & HW,Level 4,https://www.nqr.gov.in/qualifications/3256
3258,2022/EHW/NIELIT/06119,Repair and Maintenance Assistant (X-Ray & Ultrasound Machine),Electronics & HW,Level 3,https://www.nqr.gov.in/qualifications/3258
3259,2022/EHW/NIELIT/06120,Repair & Maintenance Assistant (ICCU Equipments),Electronics & HW,Level 3,https://www.nqr.gov.in/qualifications/3259
3376,2022/HYC/HSSCI/06144,Loading Operator - LPG/Propane,Hydrocarbon,Level 3,https://www.nqr.gov.in/qualifications/3376
3405,2022/ITES/NIELIT/06334,Certified Office Automation and IT Assistant,IT-ITeS,Level 3,https://www.nqr.gov.in/qualifications/3405
3406,2022/ITES/NIELIT/06336,Certified Computer Application Accounting and Publishing Assistant,IT-ITeS,Level 3,https://www.nqr.gov.in/qualifications/3406
3407,2022/ITES/NIELIT/06337,Certified Data Entry and Office Assistant (Upskilling),IT-ITeS,Level 3,https://www.nqr.gov.in/qualifications/3407
3408,2022/EHW/NIELIT/06338,"Certified Repair & Maintenance Assistant (Power Supply, Inverter & UPS)",Electronics & HW,Level 3,https://www.nqr.gov.in/qualifications/3408
3420,2022/ITES/NIELIT/06335,IT Application Engineer (B Level - IT),IT-ITeS,Level 6,https://www.nqr.gov.in/qualifications/3420
3426,2022/TLW/LSC/06382,EXIM Executive,"Transportation, Logistics & Warehousing",Level 4,https://www.nqr.gov.in/qualifications/3426
3427,2022/TLW/LSC/06383,EXIM Supervisor,"Transportation, Logistics & Warehousing",Level 5,https://www.nqr.gov.in/qualifications/3427
3429,2022/TLW/LSC/06379,Land Transportation Executive,"Transportation, Logistics & Warehousing",Level 4,https://www.nqr.gov.in/qualifications/3429
3431,2022/TLW/LSC/06373,Supply Chain Associate,"Transportation, Logistics & Warehousing",Level 3,https://www.nqr.gov.in/qualifications/3431
3432,2022/TLW/LSC/06374,Supply Chain Executive,"Transportation, Logistics & Warehousing",Level 4,https://www.nqr.gov.in/qualifications/3432
3434,2022/TLW/LSC/06376,Warehouse Manager,"Transportation, Logistics & Warehousing",Level 6,https://www.nqr.gov.in/qualifications/3434
3438,2022/TLW/LSC/06375,"Warehousing, Inventory, Transportation (WIT) Trainee","Transportation, Logistics & Warehousing",Level 4,https://www.nqr.gov.in/qualifications/3438
3439,2022/TLW/LSC/06377,"Inventory, Materials Manager","Transportation, Logistics & Warehousing",Level 6,https://www.nqr.gov.in/qualifications/3439
3440,2022/TLW/LSC/06380,Land Transportation Supervisor,"Transportation, Logistics & Warehousing",Level 5,https://www.nqr.gov.in/qualifications/3440
3441,2022/TLW/LSC/06381,Land Transportation Manager,"Transportation, Logistics & Warehousing",Level 6,https://www.nqr.gov.in/qualifications/3441
3442,2022/TLW/LSC/06378,Land Transportation Associate,"Transportation, Logistics & Warehousing",Level 3,https://www.nqr.gov.in/qualifications/3442
3500,2022/OAFM/MEPSC/06409,Office Operations Executive,Oﬃce Administration & Facility Management,Level 4,https://www.nqr.gov.in/qualifications/3500
3507,2022/AA/AASSC/06397,Airport Terminal Operations Executive,Aerospace & Aviation,Level 4,https://www.nqr.gov.in/qualifications/3507
3508,2022/AA/AASSC/06399,Airport Terminal Operations Manager Operations,Aerospace & Aviation,Level 6,https://www.nqr.gov.in/qualifications/3508
3509,2022/AA/AASSC/06398,Airport Terminal Operations Supervisor,Aerospace & Aviation,Level 5,https://www.nqr.gov.in/qualifications/3509
3510,2022/TH/DWSSC/06425,Assistant Home Manager (Household & Small Establishment),Home Management and Caregiving,Level 5,https://www.nqr.gov.in/qualifications/3510
3511,2022/TH/DWSSC/06428,Baby Caregiver Non Clinical (Household & Care homes),Home Management and Caregiving,Level 3,https://www.nqr.gov.in/qualifications/3511
3512,2022/TH/DWSSC/06427,Caregiver - Mother and Newborn -Non Clinical (Household & Care Homes),Home Management and Caregiving,Level 3,https://www.nqr.gov.in/qualifications/3512
3513,2022/TH/DWSSC/06426,Professional Cook (Household & Small Establishment),Home Management and Caregiving,Level 4,https://www.nqr.gov.in/qualifications/3513
3515,2022/TH/THSC/06410,Naturalist (wildlife tourism),Tourism & Hospitality,Level 4.5,https://www.nqr.gov.in/qualifications/3515
3516,2022/EHW/ESSC/06452,Electrician,Electronics & HW,Level 4,https://www.nqr.gov.in/qualifications/3516
3517,2022/EHW/ESSC/06453,Junior Field Technician – Home Appliances,Electronics & HW,Level 3,https://www.nqr.gov.in/qualifications/3517
3519,2022/ETR/MEPSC/06473,Pre-School and Day Care Facilitator,Oﬃce Administration & Facility Management,Level 4,https://www.nqr.gov.in/qualifications/3519
3520,2022/US/MEPSC/06471,Nano Entrepreneur (Street Vendor),Oﬃce Administration & Facility Management,Level 3,https://www.nqr.gov.in/qualifications/3520
3521,2022/BFSI/MEPSC/06472,Consultant (Chartered Tax Practitioner),Oﬃce Administration & Facility Management,Level 5,https://www.nqr.gov.in/qualifications/3521
3522,2022/CP/PCSC/06469,General Industrial (Liquid) Painter,Paints & Coatings,Level 4,https://www.nqr.gov.in/qualifications/3522
3523,2022/CP/PCSC/06470,Technical Sales Representative,Paints & Coatings,Level 5,https://www.nqr.gov.in/qualifications/3523
3526,2022/POW/SCGJ/06461,Junior Technician- Solar EV charging station,Environmental Science,Level 3,https://www.nqr.gov.in/qualifications/3526
3527,2022/ES/SCGJ/06459,Junior Technician-Solar Cold Storage,Environmental Science,Level 3,https://www.nqr.gov.in/qualifications/3527
3528,2022/POW/SCGJ/06463,Junior Technician-Rooftop Rainwater Harvesting,Environmental Science,Level 3,https://www.nqr.gov.in/qualifications/3528
3529,2022/ES/SCGJ/06464,Rooftop Rainwater Harvesting Entrepreneur,Environmental Science,Level 4,https://www.nqr.gov.in/qualifications/3529
3530,2022/ES/SCGJ/06460,Solar Cold Storage Entrepreneur,Environmental Science,Level 4,https://www.nqr.gov.in/qualifications/3530
3531,2022/ES/SCGJ/06462,Solar EV Charging Entrepreneur,Environmental Science,Level 4,https://www.nqr.gov.in/qualifications/3531
3578,2022/HC/HCSSC/06733,Wooden Toy Maker - Artisan,Handicrafts & Carpets,Level 4,https://www.nqr.gov.in/qualifications/3578
3584,2022/FI/FICSI/06456,Food Analyst,Food Industry/Food Processing,Level 4,https://www.nqr.gov.in/qualifications/3584
3585,2022/FI/FICSI/06458,Internal Food Auditor-Food Processing,Food Industry/Food Processing,Level 6,https://www.nqr.gov.in/qualifications/3585
3586,2022/FI/FICSI/06457,Small Food Business Operator,Food Industry/Food Processing,Level 2,https://www.nqr.gov.in/qualifications/3586
3587,2022/FI/FICSI/06455,Supervisor-Food Processing Industries,Food Industry/Food Processing,Level 5,https://www.nqr.gov.in/qualifications/3587
3607,2022/CCM/CGSC/06612,Stainless Steel Fabricator,Capital Goods & Manufacturing,Level 5,https://www.nqr.gov.in/qualifications/3607
3609,2022/EHW/IASC/06504,Additive Manufacturing (3D Printing),Electronics & HW,Level 4,https://www.nqr.gov.in/qualifications/3609
3614,2022/AUT/IASC/06502,Industrial Automation Technician,Automotive,Level 4,https://www.nqr.gov.in/qualifications/3614
3615,2022/AUT/IASC/06500,Industrial Automation Specialist,Automotive,Level 5,https://www.nqr.gov.in/qualifications/3615
3617,2022/ETR/IASC/06501,Instrumentation Technician (Process Control),Capital Goods & Manufacturing,Level 4,https://www.nqr.gov.in/qualifications/3617
3618,2022/ETR/IASC/06497,Instrumentation Technician (Control Valve),Capital Goods & Manufacturing,Level 4,https://www.nqr.gov.in/qualifications/3618
3619,2022/ETR/IASC/06498,Junior Instrumentation Technician (Process Control),Capital Goods & Manufacturing,Level 3,https://www.nqr.gov.in/qualifications/3619
3623,QG-4.5-OA-00108-2023-V1-MEPSC,Start Up Support Executive,Oﬃce Administration & Facility Management,Level 4.5,https://www.nqr.gov.in/qualifications/3623
3624,QG-04-OA-00109-2023-V1-MEPSC,Sole proprietorship Associate,Oﬃce Administration & Facility Management,Level 4,https://www.nqr.gov.in/qualifications/3624
3625,QG-04-OA-00110-2023-V1-MEPSC,Office Executive,Oﬃce Administration & Facility Management,Level 4,https://www.nqr.gov.in/qualifications/3625
3626,QG-05-RI-00129-2023-V1-RCPSDC,Rubber Mixing Supervisor,Rubber Industry,Level 5,https://www.nqr.gov.in/qualifications/3626
3627,QG-05-RI-00130-2023-V1-RCPSDC,Rubber Moulding and Curing Supervisor,Rubber Industry,Level 5,https://www.nqr.gov.in/qualifications/3627
3628,QG-05-RI-00128-2023-V1-RCPSDC,Rubber Warehouse Supervisor,Rubber Industry,Level 5,https://www.nqr.gov.in/qualifications/3628
3633,QG-04-PD-00124-2023-V1-SCPWD,LED Light Repair Technician (Divyangjan)-LD,Persons with Disability,Level 4,https://www.nqr.gov.in/qualifications/3633
3634,QG-04-PD-00125-2023-V1-SCPWD,LED Light Repair Technician (Divyangjan)-SHI,Persons with Disability,Level 4,https://www.nqr.gov.in/qualifications/3634
3638,QG-04-PD-00126-2023-V1-SCPWD,Self Employed Tailor –(Divyangjan) LD,Persons with Disability,Level 4,https://www.nqr.gov.in/qualifications/3638
3639,QG-04-PD-00127-2023-V1-SCPWD,Self Employed Tailor Divyangjan- SHI,Persons with Disability,Level 4,https://www.nqr.gov.in/qualifications/3639
3642,2022/ES/SCGJ/06728,Agri-residue Aggregator,Environmental Science,Level 3,https://www.nqr.gov.in/qualifications/3642
3643,2022/ES/SCGJ/06730,Animal Waste Manure Aggregator,Environmental Science,Level 3,https://www.nqr.gov.in/qualifications/3643
3644,2022/ES/SCGJ/06731,Desludging Operator,Environmental Science,Level 3,https://www.nqr.gov.in/qualifications/3644
3648,2022/ES/SCGJ/06729,Biomass Depot Operator,Environmental Science,Level 4,https://www.nqr.gov.in/qualifications/3648
3654,QG-03-PL-00091-2023-V1-WBSC,Junior Plumber,Plumbing,Level 3,https://www.nqr.gov.in/qualifications/3654
3655,QG-03-CO-00090-2023-V1-WBSC,Assistant House Wireman and Motor Winder,Construction,Level 3,https://www.nqr.gov.in/qualifications/3655
3657,QG-04-BF-00102-2023-V1-BFSISSC,Sales Associate - Direct Channel,BFSI,Level 4,https://www.nqr.gov.in/qualifications/3657
3658,QG-04-BF-00103-2023-V1-BFSISSC,Bancassurance Relationship Associate,BFSI,Level 4,https://www.nqr.gov.in/qualifications/3658
3659,QG-04-BF-00101-2023-V1-BFSISSC,Back Office Associate - Financial Services,BFSI,Level 4,https://www.nqr.gov.in/qualifications/3659
3660,QG-04-CO-00088-2023-V1-ASAP,Marine Structural Fitter and Fabricator,Construction,Level 4,https://www.nqr.gov.in/qualifications/3660
3712,2022/ITES/ITSSC/06478,Software Programmer,IT-ITeS,Level 4,https://www.nqr.gov.in/qualifications/3712
3714,QG-04-AG-00092-2023-V1-ASCI,Vriksh Sanrakshak,Agriculture,Level 4,https://www.nqr.gov.in/qualifications/3714
3715,QG-05-AG-00093-2023-V1-ASCI,Precision Farming Technician,Agriculture,Level 5,https://www.nqr.gov.in/qualifications/3715
3727,QG-04-IT-00141-2023-V1-NIELIT,AI Development Associate,IT-ITeS,Level 4,https://www.nqr.gov.in/qualifications/3727
3728,2022/IS/IISSSC/06467,Metal Fabricator – Iron and Steel,Iron & Steel,Level 4,https://www.nqr.gov.in/qualifications/3728
3729,2022/IS/IISSSC/06468,Prefabricated Structure Installer,Iron & Steel,Level 4,https://www.nqr.gov.in/qualifications/3729
3730,2022/IS/IISSSC/06465,Process Control Engineer – Basic Oxygen Furnace (BOF),Iron & Steel,Level 6,https://www.nqr.gov.in/qualifications/3730
3731,2022/IS/IISSSC/06466,Safety Supervisor – Steel Plant,Iron & Steel,Level 5,https://www.nqr.gov.in/qualifications/3731
3732,QG-04-FI-00144-2023-V1-MSU,Large Cardamom Organic Cultivation and Management,Agriculture,Level 4,https://www.nqr.gov.in/qualifications/3732
3733,QG-04-TH-00131-2023-V1-THSC,Walk Tour Facilitator,Tourism & Hospitality,Level 4,https://www.nqr.gov.in/qualifications/3733
3752,QG-4.5-CO-00165-2023-V1-SSDF,BASIC SCAFFOLD INSPECTOR,Construction,Level 4.5,https://www.nqr.gov.in/qualifications/3752
3766,QG-02-CG-00180-2023-V1.1-CGSC,Polisher Optional: Polisher - Manual,Capital Goods & Manufacturing,Level 2,https://www.nqr.gov.in/qualifications/3766
3787,2022/PPP/CUTM/06495,Paper Recycling Operator cum Technician,Paper & Paper Products,Level 4,https://www.nqr.gov.in/qualifications/3787
3788,QG-04-TX-00106-2023-V1-DWSSC,Elderly Care Companion,Home Management and Caregiving,Level 4,https://www.nqr.gov.in/qualifications/3788
3789,QG-04-TX-00107-2023-V1-DWSSC,Multipurpose Executive (Small Establishment & Household),Home Management and Caregiving,Level 4,https://www.nqr.gov.in/qualifications/3789
3790,QG-03-TX-00104-2023-V1-DWSSC,Laundry Service Provider,Home Management and Caregiving,Level 3,https://www.nqr.gov.in/qualifications/3790
3791,QG-04-TX-00105-2023-V1-DWSSC,Tiffin Service Provider,Home Management and Caregiving,Level 4,https://www.nqr.gov.in/qualifications/3791
3792,QG-05-ES-00145-2023-V1-SCGJ,Green Hydrogen Plant Entrepreneur,Environmental Science,Level 5,https://www.nqr.gov.in/qualifications/3792
3808,NG-6.5-EH-00198-2023-V1-ESSC,Advanced Program on Nano Science and Technology,Electronics & HW,Level 6.5,https://www.nqr.gov.in/qualifications/3808
3809,NG-06-EH-00197-2023-V1-ESSC,Foundation Program on Nano Science and Technology,Electronics & HW,Level 6,https://www.nqr.gov.in/qualifications/3809
3821,QM-04-LS-00257-2023-V1.1-LSSSDC,"Chemist-Store (Pharma, Biological Products and Medical Devices) Option: 1.Automated warehouse operations=90 Hours",Life Sciences,Level 4,https://www.nqr.gov.in/qualifications/3821
3824,QC-04-LS-00258-2023-V1.1-LSSSDC,"Effluent Treatment Plant Operator – Life Sciences (Pharma, Bio-Pharma & Research)",Life Sciences,Level 4,https://www.nqr.gov.in/qualifications/3824
3853,QG-04-ET-00242-2023-V1-MEPSC,Training Coordinator (VET & Skills),Oﬃce Administration & Facility Management,Level 4,https://www.nqr.gov.in/qualifications/3853
3854,QG-5.5-OA-00241-2023-V1-MEPSC,Multifunctional Office Executive,Oﬃce Administration & Facility Management,Level 5.5,https://www.nqr.gov.in/qualifications/3854
3855,QG-4.5-OA-00243-2023-V1-MEPSC,HR Executive- Payroll and Employee Data Management,Oﬃce Administration & Facility Management,Level 4.5,https://www.nqr.gov.in/qualifications/3855
3856,QG-4.5-OA-00244-2023-V1-MEPSC,Recruitment Executive,Oﬃce Administration & Facility Management,Level 4.5,https://www.nqr.gov.in/qualifications/3856
3857,QG-04-OA-00245-2023-V1-MEPSC,Project Management Associate,Oﬃce Administration & Facility Management,Level 4,https://www.nqr.gov.in/qualifications/3857
3858,QG-4.5-TH-00143-2023-V1-MSU,Rural Tourism Entrepreneur,Tourism & Hospitality,Level 4.5,https://www.nqr.gov.in/qualifications/3858
3968,QG-03-EH-00384-2023-V1-ESSC,Assistant Technician – Smart Meter,Electronics & HW,Level 3,https://www.nqr.gov.in/qualifications/3968
3969,2022/BW/BWSSC/06575,Assistant Beauty Therapist,Beauty & Wellness,Level 3,https://www.nqr.gov.in/qualifications/3969
3970,2022/BW/BWSSC/06578,Assistant Hair Dresser and Stylist,Beauty & Wellness,Level 3,https://www.nqr.gov.in/qualifications/3970
3971,2022/BW/BWSSC/06581,Assistant Nail Technician,Beauty & Wellness,Level 3,https://www.nqr.gov.in/qualifications/3971
3972,2022/BW/BWSSC/06585,Assistant Spa Therapist,Beauty & Wellness,Level 3,https://www.nqr.gov.in/qualifications/3972
3973,2022/BW/BWSSC/06576,Beauty Therapist,Beauty & Wellness,Level 4,https://www.nqr.gov.in/qualifications/3973
3974,2022/BW/BWSSC/06584,"Bridal, Fashion and Portfolio Makeup Artist",Beauty & Wellness,Level 5,https://www.nqr.gov.in/qualifications/3974
3976,2022/BW/BWSSC/06579,Hair Dresser & Stylist,Beauty & Wellness,Level 4,https://www.nqr.gov.in/qualifications/3976
3977,2022/BW/BWSSC/06589,Master Wellness Neurotherapist,Beauty & Wellness,Level 5,https://www.nqr.gov.in/qualifications/3977
3980,2022/BW/BWSSC/06580,Personal Trainer (B&W),Beauty & Wellness,Level 4,https://www.nqr.gov.in/qualifications/3980
3981,2022/BW/BWSSC/06594,Professional Makeup Artist,Beauty & Wellness,Level 4,https://www.nqr.gov.in/qualifications/3981
3983,2022/BW/BWSSC/06577,Senior Beauty Therapist,Beauty & Wellness,Level 5,https://www.nqr.gov.in/qualifications/3983
3984,2022/BW/BWSSC/06588,Senior Wellness Neurotherapist,Beauty & Wellness,Level 4,https://www.nqr.gov.in/qualifications/3984
3985,2022/BW/BWSSC/06586,Spa Therapist,Beauty & Wellness,Level 4,https://www.nqr.gov.in/qualifications/3985
3986,2022/BW/BWSSC/06587,Wellness Neurotherapist,Beauty & Wellness,Level 3,https://www.nqr.gov.in/qualifications/3986
3987,2022/BW/BWSSC/06592,Yoga Instructor (B&W),Beauty & Wellness,Level 4,https://www.nqr.gov.in/qualifications/3987
3988,2022/BW/BWSSC/06593,Yoga Trainer (B&W),Beauty & Wellness,Level 5,https://www.nqr.gov.in/qualifications/3988
3997,QG-04-AG-00371-2023-V1-ASCI,Agri Commodity Fumigation Operator,Agriculture,Level 4,https://www.nqr.gov.in/qualifications/3997
3998,QG-5.5-AG-00352-2023-V1-ASCI,Agri Commodity Procurement Manager,Agriculture,Level 5.5,https://www.nqr.gov.in/qualifications/3998
3999,QG-05-AG-00350-2023-V1-ASCI,Agri Commodity Quality Assayer,Agriculture,Level 5,https://www.nqr.gov.in/qualifications/3999
4001,QG-05-AG-00345-2023-V1-ASCI,Agri Warehouse Supervisor,Agriculture,Level 5,https://www.nqr.gov.in/qualifications/4001
4007,QG-03-AG-00374-2023-V1-ASCI,Essential Oil Extractor,Agriculture,Level 3,https://www.nqr.gov.in/qualifications/4007
4008,QG-04-AG-00373-2023-V1-ASCI,Gardener cum Nursery Raiser,Agriculture,Level 4,https://www.nqr.gov.in/qualifications/4008
4009,QG-03-AG-00375-2023-V1-ASCI,Goat/Sheep Farmer,Agriculture,Level 3,https://www.nqr.gov.in/qualifications/4009
4010,QG-04-AG-00363-2023-V1-ASCI,Group Farming Practitioner,Agriculture,Level 4,https://www.nqr.gov.in/qualifications/4010
4012,QG-5.5-AG-00344-2023-V1-ASCI,Institution Development Manager,Agriculture,Level 5.5,https://www.nqr.gov.in/qualifications/4012
4014,QG-03-AG-00364-2023-V1-ASCI,Lac Cultivator,Agriculture,Level 3,https://www.nqr.gov.in/qualifications/4014
4015,QG-04-AG-00368-2023-V1-ASCI,Makhana Grower cum Processor,Agriculture,Level 4,https://www.nqr.gov.in/qualifications/4015
4017,QG-03-AG-00376-2023-V1-ASCI,Piggery Farmer,Agriculture,Level 3,https://www.nqr.gov.in/qualifications/4017
4019,QG-03-RI-00393-2023-V1,Agar Tree Artificial Inoculation Technician,Rubber Industry,Level 3,https://www.nqr.gov.in/qualifications/4019
4020,QG-2.5-RI-00392-2023-V1-RCPSDC,Agarwood Chip Cutter - General Worker,Rubber Industry,Level 2.5,https://www.nqr.gov.in/qualifications/4020
4021,QG-04-RI-00396-2023-V1-RCPSDC,Chemical Effluent Treatment Plant Operator,Rubber Industry,Level 4,https://www.nqr.gov.in/qualifications/4021
4022,QG-03-RI-00394-2023-V1-RCPSDC,Chemical Plant Assistant Operator,Rubber Industry,Level 3,https://www.nqr.gov.in/qualifications/4022
4023,QG-04-RI-00397-2023-V1-RCPSDC,Chemical Storage & Handling Operator,Rubber Industry,Level 4,https://www.nqr.gov.in/qualifications/4023
4024,QG-4.5-RI-00389-2023-V1-RCPSDC,Rubber Associate,Rubber Industry,Level 4.5,https://www.nqr.gov.in/qualifications/4024
4025,QG-5.5-RI-00390-2023-V1-RCPSDC,Rubber Specialist,Rubber Industry,Level 5.5,https://www.nqr.gov.in/qualifications/4025
4028,QG-04-AG-00377-2023-V1-ASCI,Spice Crop Cultivator,Agriculture,Level 4,https://www.nqr.gov.in/qualifications/4028
4031,QG-04-AG-00366-2023-V1-ASCI,Vineyard Grower,Agriculture,Level 4,https://www.nqr.gov.in/qualifications/4031
4034,QG-04-AG-00378-2023-V1-ASCI,Water Resource Community Mobilizer,Agriculture,Level 4,https://www.nqr.gov.in/qualifications/4034
4037,QG-04-RI-00395-2023-V1-RCPSDC,Analytical Instruments Operator (Chemical & Petrochemical),Rubber Industry,Level 4,https://www.nqr.gov.in/qualifications/4037
4041,2022/CP/RCPSDC/06956,Assistant Machine Operator - Injection Moulding Plastic,Rubber Industry,Level 3,https://www.nqr.gov.in/qualifications/4041
4042,2022/CP/RCPSDC/06957,Assistant Machine Operator - Stretch Blow Moulding Plastic,Rubber Industry,Level 3,https://www.nqr.gov.in/qualifications/4042
4043,2022/CP/RCPSDC/06959,Assistant Operator - Plastic Extrusion Machine,Rubber Industry,Level 3,https://www.nqr.gov.in/qualifications/4043
4047,2022/CP/RCPSDC/06958,Assistant Operator- Plastic 3D printing,Rubber Industry,Level 3,https://www.nqr.gov.in/qualifications/4047
4048,2022/RUB/RCPSDC/06955,Associate Designer - Die and Mould for Plastic including toys,Rubber Industry,Level 4,https://www.nqr.gov.in/qualifications/4048
4051,2022/RUB/RCPSDC/06938,Junior Rubber Technician/Technical Assistant (Rubber),Rubber Industry,Level 3,https://www.nqr.gov.in/qualifications/4051
4055,2022/RUB/RCPSDC/06954,Designer - Plastic Product including toys,Rubber Industry,Level 4,https://www.nqr.gov.in/qualifications/4055
4061,QG-4.5-IT-00406-2023-V1-MSU,Digital Communication and Collaboration Associate (Code: MSU/IT/0102),IT-ITeS,Level 4.5,https://www.nqr.gov.in/qualifications/4061
4062,QG-4.5-IT-00405-2023-V1-MSU,Digital Content Developer,IT-ITeS,Level 4.5,https://www.nqr.gov.in/qualifications/4062
4068,QG-04-TL-00461-2023-V1.1-TSSC,Technician – Automatic Train Protection System (ATPS),Telecom,Level 4,https://www.nqr.gov.in/qualifications/4068
4069,QG-05-TL-00462-2023-V1.1-TSSC,Technical Supervisor – Automatic Train Protection System (ATPS),Telecom,Level 5,https://www.nqr.gov.in/qualifications/4069
4072,QG-05-TL-00469-2023-V1.1-TSSC,Machine Learning (ML) Engineer,Telecom,Level 5,https://www.nqr.gov.in/qualifications/4072
4073,QG-03-TL-00464-2023-V1.1-TSSC,Jr. Technician - Last Mile Active Network,Telecom,Level 3,https://www.nqr.gov.in/qualifications/4073
4074,QG-05-TL-00470-2023-V1.1-TSSC,IoT Installation Solution Architect,Telecom,Level 5,https://www.nqr.gov.in/qualifications/4074
4080,QG-03-TL-00466-2023-V1.1-TSSC,Drone Monitoring and Maintenance Associate,Telecom,Level 3,https://www.nqr.gov.in/qualifications/4080
4085,QG-5.5-RI-00400-2023-V1-RCPSDC,Senior Rubber Technician,Rubber Industry,Level 5.5,https://www.nqr.gov.in/qualifications/4085
4087,QG-04-TL-00467-2023-V1.1-TSSC,AI & ML – Jr. Telecom Data Analyst,Telecom,Level 4,https://www.nqr.gov.in/qualifications/4087
4088,QG-03-TL-00463-2023-V1.1-TSSC,AI Devices Installation Operator,Telecom,Level 3,https://www.nqr.gov.in/qualifications/4088
4089,QG-04-TL-00468-2023-V1.1-TSSC,Cloud Computing – Jr. Analyst,Telecom,Level 4,https://www.nqr.gov.in/qualifications/4089
4093,2022/CP/RCPSDC/06960,Machine Operator - Injection Moulding Plastic,Rubber Industry,Level 4,https://www.nqr.gov.in/qualifications/4093
4094,2022/CP/RCPSDC/06961,Machine Operator - Stretch Blow Moulding Plastic,Rubber Industry,Level 4,https://www.nqr.gov.in/qualifications/4094
4096,2022/CP/RCPSDC/06963,Operator - Plastic Extrusion Machine,Rubber Industry,Level 4,https://www.nqr.gov.in/qualifications/4096
4097,2022/CP/RSDC/06962,Operator-Plastic 3D printing,Rubber Industry,Level 4,https://www.nqr.gov.in/qualifications/4097
4109,2022/RUB/RCPSDC/06974,Tyre Building Operator- Truck and Bus (Bias Tyre),Rubber Industry,Level 4,https://www.nqr.gov.in/qualifications/4109
4112,QG-03-TW-00238-2023-V1-LSC,Courier Associate - Operations,"Transportation, Logistics & Warehousing",Level 3,https://www.nqr.gov.in/qualifications/4112
4113,QG-06-TW-00231-2023-V1-LSC,Courier Manager - Operations,"Transportation, Logistics & Warehousing",Level 6,https://www.nqr.gov.in/qualifications/4113
4114,QG-05-TW-00230-2023-V1-LSC,Courier Supervisor - Operations,"Transportation, Logistics & Warehousing",Level 5,https://www.nqr.gov.in/qualifications/4114
4115,QG-06-TW-00240-2023-V1-LSC,E-commerce Manager,"Transportation, Logistics & Warehousing",Level 6,https://www.nqr.gov.in/qualifications/4115
4116,QG-05-TW-00239-2023-V1-LSC,E-commerce – Team Lead,"Transportation, Logistics & Warehousing",Level 5,https://www.nqr.gov.in/qualifications/4116
4117,QG-04-TW-00236-2023-V1-LSC,MHE operator and technician,"Transportation, Logistics & Warehousing",Level 4,https://www.nqr.gov.in/qualifications/4117
4118,QG-05-TW-00237-2023-V1-LSC,Refrigeration Equipment Maintenance Specialist,"Transportation, Logistics & Warehousing",Level 5,https://www.nqr.gov.in/qualifications/4118
4119,QG-04-TW-00234-2023-V1-LSC,Warehouse Executive,"Transportation, Logistics & Warehousing",Level 4,https://www.nqr.gov.in/qualifications/4119
4120,QG-04-TW-00407-2023-V1-LSC,Commercial Vehicle Driver - LMO,"Transportation, Logistics & Warehousing",Level 4,https://www.nqr.gov.in/qualifications/4120
4121,QG-05-TW-00232-2023-V1-LSC,Supply Chain Supervisor¬- Agri Commodities,"Transportation, Logistics & Warehousing",Level 5,https://www.nqr.gov.in/qualifications/4121
4122,QG-03-TW-00233-2023-V1-LSC,Warehouse Associate,"Transportation, Logistics & Warehousing",Level 3,https://www.nqr.gov.in/qualifications/4122
4123,QG-05-TW-00235-2023-V1-LSC,Warehouse Supervisor,"Transportation, Logistics & Warehousing",Level 5,https://www.nqr.gov.in/qualifications/4123
4124,QG-04-TW-00229-2023-V1-LSC,Courier Executive - Operations,"Transportation, Logistics & Warehousing",Level 4,https://www.nqr.gov.in/qualifications/4124
4125,QG-03-IT-00356-2023-V1-NIELIT,Artificial Intelligence Assistant,IT-ITeS,Level 3,https://www.nqr.gov.in/qualifications/4125
4126,QG-04-IT-00357-2023-V1-NIELIT,Artificial Intelligence Associate,IT-ITeS,Level 4,https://www.nqr.gov.in/qualifications/4126
4127,QG-4.5-IT-00358-2023-V1-NIELIT,Artificial Intelligence Application Developer,IT-ITeS,Level 4.5,https://www.nqr.gov.in/qualifications/4127
4128,QG-03-IT-00347-2023-V1-NIELIT,Data Analysis Assistant,IT-ITeS,Level 3,https://www.nqr.gov.in/qualifications/4128
4129,QG-03-IT-00353-2023-V1-NIELIT,Cloud Computing Assistant,IT-ITeS,Level 3,https://www.nqr.gov.in/qualifications/4129
4130,QG-04-IT-00354-2023-V1-NIELIT,Junior Cloud Computing Associate,IT-ITeS,Level 4,https://www.nqr.gov.in/qualifications/4130
4131,QG-4.5-IT-00355-2023-V1-NIELIT,Cloud Computing Associate,IT-ITeS,Level 4.5,https://www.nqr.gov.in/qualifications/4131
4132,QG-03-IT-00350-2023-V1-NIELIT,Cyber Security Assistant,IT-ITeS,Level 3,https://www.nqr.gov.in/qualifications/4132
4133,QG-04-IT-00360-2023-V1-NIELIT,Computer Applications and Business Accounting Associate,IT-ITeS,Level 4,https://www.nqr.gov.in/qualifications/4133
4134,QG-04-IT-00361-2023-V1-NIELIT,Cyber secured Web Development Associate,IT-ITeS,Level 4,https://www.nqr.gov.in/qualifications/4134
4135,QG-03-IT-00359-2023-V1-NIELIT,"Office Automation, Accounting and Publishing Assistant",IT-ITeS,Level 3,https://www.nqr.gov.in/qualifications/4135
4136,QG-03-IT-00344-2023-V1-NIELIT,Internet of Things (IoT) Assistant,IT-ITeS,Level 3,https://www.nqr.gov.in/qualifications/4136
4138,QG-4.5-IT-00346-2023-V1-NIELIT,Internet of Things (IoT) Developer,IT-ITeS,Level 4.5,https://www.nqr.gov.in/qualifications/4138
4139,QG-04-IT-00351-2023-V1-NIELIT,Junior Cyber Security Associate,IT-ITeS,Level 4,https://www.nqr.gov.in/qualifications/4139
4140,QG-4.5-IT-00352-2023-V1-NIELIT,Cyber Security Associate,IT-ITeS,Level 4.5,https://www.nqr.gov.in/qualifications/4140
4149,2022/IS/IISSSC/06814,EOT Overhead Crane Operator,Iron & Steel,Level 3,https://www.nqr.gov.in/qualifications/4149
4154,QG-04-HE-00409-2023-V1-HSSC,Pre-Hospital Trauma Assistant,Healthcare,Level 4,https://www.nqr.gov.in/qualifications/4154
4155,QG-2.5-HE-00358-2023-V1-HSSC,Foundation Course in Healthcare,Healthcare,Level 2.5,https://www.nqr.gov.in/qualifications/4155
4189,QG-04-IT-00348-2023-V1-NIELIT,Data Analysis Associate,IT-ITeS,Level 4,https://www.nqr.gov.in/qualifications/4189
4200,QG-04-TW-00369-2023-V1-LSC & 1.0,Drone Operator – Over Dimensional Cargo,"Transportation, Logistics & Warehousing",Level 4,https://www.nqr.gov.in/qualifications/4200
4201,QG-04-TW-00370-2023-V1-LSC & 1.0,Drone Operator – Warehouse,"Transportation, Logistics & Warehousing",Level 4,https://www.nqr.gov.in/qualifications/4201
4202,QG-06-TW-00378-2023-V1-LSC & 1.0,Functional Analyst - TMS,"Transportation, Logistics & Warehousing",Level 6,https://www.nqr.gov.in/qualifications/4202
4203,QG-06-TW-00377-2023-V1-LSC & 1.0,Functional Analyst - WMS,"Transportation, Logistics & Warehousing",Level 6,https://www.nqr.gov.in/qualifications/4203
4205,QM-05-BW-00440-2023-V1.1-BWSSC,Senior Hair Dresser & Stylist,Beauty & Wellness,Level 5,https://www.nqr.gov.in/qualifications/4205
4206,QM-06-BW-00441-2023-V1.1-BWSSC,Senior Yoga Trainer (B&W),Beauty & Wellness,Level 6,https://www.nqr.gov.in/qualifications/4206
4218,QG-03-PD-00156-2023-V1-SCPWD,Assistant Electrician-(Divyangjan) LD,Persons with Disability,Level 3,https://www.nqr.gov.in/qualifications/4218
4231,QM-04-PL-00371-2023-V1-WMPS,Technician - Water Distribution System (Multi – Skill),Plumbing,Level 4,https://www.nqr.gov.in/qualifications/4231
4239,QG-4.5-IT-00349-2023-V1-NIELIT,Junior Data Analyst,IT-ITeS,Level 4.5,https://www.nqr.gov.in/qualifications/4239
4241,NM-05-IT-00375-2023-V1-NASSCOM,Service Now System Administrator,IT-ITeS,Level 5,https://www.nqr.gov.in/qualifications/4241
4243,QG-02 -PD-00397-2023-V1-SCPWD,Assistant Plant Care Taker -(Divyangjan)-MD,Persons with Disability,Level 2,https://www.nqr.gov.in/qualifications/4243
4244,QG-04-IT-00404-2023-V1-ASAP,Rust Developer,IT-ITeS,Level 4,https://www.nqr.gov.in/qualifications/4244
4245,QG-02 -PD-00395-2023-V1-SCPWD,DATA ENTRY OPERATOR -(Divyangjan)-ID,Persons with Disability,Level 2,https://www.nqr.gov.in/qualifications/4245
4246,QG-3-FI-00359-2023-V1-FICSI,Millet Product Processor,Food Industry/Food Processing,Level 3,https://www.nqr.gov.in/qualifications/4246
4247,QG-02 -PD-00396-2023-V1-SCPWD,DATA ENTRY OPERATOR -(Divyangjan)-MD,Persons with Disability,Level 2,https://www.nqr.gov.in/qualifications/4247
4248,QG-04-TH-00402-2023-V1-THSC,Food styling Photographer,Tourism & Hospitality,Level 4,https://www.nqr.gov.in/qualifications/4248
4249,QG-04-PD-00380-2023-V1-SCPWD,Specialized Sewing Machine Operator -(Divyangjan)-LD,Persons with Disability,Level 4,https://www.nqr.gov.in/qualifications/4249
4250,QG-04-PD-00381-2023-V1-SCPWD,Specialized Sewing Machine Operator -(Divyangjan)- SHI,Persons with Disability,Level 4,https://www.nqr.gov.in/qualifications/4250
4251,QG-5-IS-00387-2023-V1-IISSSC,Induction Furnace-Process Control Operator,Iron & Steel,Level 5,https://www.nqr.gov.in/qualifications/4251
4252,QG-5.5-IS-00386-2023-V1-IISSSC,Sponge Iron / Direct Reduced Iron (DRI)-Process Control Engineer,Iron & Steel,Level 5.5,https://www.nqr.gov.in/qualifications/4252
4253,QG-5.5-IS-00385-2023-V1-IISSSC,Electric Arc Furnace (EAF)-Process Control Engineer,Iron & Steel,Level 5.5,https://www.nqr.gov.in/qualifications/4253
4254,QG-03 -PD-00399-2023-V1-SCPWD,Agarbatti Maker -(Divyangjan)-LD,Persons with Disability,Level 3,https://www.nqr.gov.in/qualifications/4254
4255,QG-03 -PD-00401-2023-V1-SCPWD,Agarbatti Maker -(Divyangjan)-LV,Persons with Disability,Level 3,https://www.nqr.gov.in/qualifications/4255
4256,QG-03 -PD-00400-2023-V1-SCPWD,Agarbatti Maker -(Divyangjan)-SHI,Persons with Disability,Level 3,https://www.nqr.gov.in/qualifications/4256
4257,QG-03 -PD-00402-2023-V1-SCPWD,Agarbatti Maker -(Divyangjan)-VI,Persons with Disability,Level 3,https://www.nqr.gov.in/qualifications/4257
4258,QG-05 -PD-00416-2023-V1-SCPWD,Data Associate -(Divyangjan)-LD,Persons with Disability,Level 5,https://www.nqr.gov.in/qualifications/4258
4259,QG-04-PD-00384-2023-V1-SCPWD,GST Assistant -(Divyangjan)-LD,Persons with Disability,Level 4,https://www.nqr.gov.in/qualifications/4259
4260,QG-04-PD-00385-2023-V1-SCPWD,GST Assistant -(Divyangjan)-SHI,Persons with Disability,Level 4,https://www.nqr.gov.in/qualifications/4260
4264,QG-03 -PD-00403-2023-V1-SCPWD,Warehouse Packer-(Divyangjan)-LD,Persons with Disability,Level 3,https://www.nqr.gov.in/qualifications/4264
4265,QG-03 -PD-00404-2023-V1-SCPWD,Warehouse Packer-(Divyangjan)-SHI,Persons with Disability,Level 3,https://www.nqr.gov.in/qualifications/4265
4266,QG-03 -PD-00405-2023-V1-SCPWD,Warehouse Packer-(Divyangjan)-VI,Persons with Disability,Level 3,https://www.nqr.gov.in/qualifications/4266
4268,2022/HLT/HSSC/06753,Ayurveda Ahara and Poshana Sahayak,Healthcare,Level 3,https://www.nqr.gov.in/qualifications/4268
4269,2022/HLT/HSSC/06754,Ayurveda Dietician,Healthcare,Level 6,https://www.nqr.gov.in/qualifications/4269
4272,2022/HLT/HSSC/06765,Geriatric Caregiver (Institutional & Home Care) Options (Palliative Care/Dementia Care),Healthcare,Level 4,https://www.nqr.gov.in/qualifications/4272
4273,2022/HLT/HSSC/06764,Healthcare Quality Assurance Manager,Healthcare,Level 6,https://www.nqr.gov.in/qualifications/4273
4276,2022/HLT/HSSC/06763,Patient Relations Associate,Healthcare,Level 5,https://www.nqr.gov.in/qualifications/4276
4279,QG-03 -PD-00407-2023-V1-SCPWD,Documentation Executive (Divyangjan) -LD,Persons with Disability,Level 4,https://www.nqr.gov.in/qualifications/4279
4283,QG-04-PD-00390-2023-V1-SCPWD,Handset Devices(Handset & Tablet) Technician (Divyangjan) -SHI,Persons with Disability,Level 4,https://www.nqr.gov.in/qualifications/4283
4284,QG-05 -PD-00418-2023-V1-SCPWD,Housekeeping Supervisor -(Divyangjan)-LD,Persons with Disability,Level 5,https://www.nqr.gov.in/qualifications/4284
4296,QG-05-LS-00372-2023-V1-LSSSDC V1.0,Biologist / Biotechnologist,Life Sciences,Level 5,https://www.nqr.gov.in/qualifications/4296
4297,QG-05-LS-00373-2023-V1-LSSSDC,Therapeutic Business Manager,Life Sciences,Level 5,https://www.nqr.gov.in/qualifications/4297
4298,2022/HLT/HSSC/06761,Emergency Medical Technician-Basic (HSS/Q 2301),Healthcare,Level 4,https://www.nqr.gov.in/qualifications/4298
4300,QG-02-TH-00554-2023-V1.1-DWSSC,General Housekeeper (Household and Small Establishment),Home Management and Caregiving,Level 2,https://www.nqr.gov.in/qualifications/4300
4301,QG-04-HY-00415-2023-V1-HSSCI,Floor hand Roughneck – Drilling Rig,Hydrocarbon,Level 4,https://www.nqr.gov.in/qualifications/4301
4302,QG-04-HY-00414-2023-V1-HSSCI,Hydrocarbon Pipeline Operator,Hydrocarbon,Level 4,https://www.nqr.gov.in/qualifications/4302
4304,QG-03-HY-00360-2023-V1-HSSCI,Junior Motor Operator/Junior Pump Operator,Hydrocarbon,Level 3,https://www.nqr.gov.in/qualifications/4304
4305,QG-5.5-HY-00376-2023-V1-HSSCI,Lab Chemist/Analyst– Petroleum Products,Hydrocarbon,Level 5.5,https://www.nqr.gov.in/qualifications/4305
4306,QG-03-HY-00361-2023-V1-HSSCI,Mud mix Assistant-Drilling Operation,Hydrocarbon,Level 3,https://www.nqr.gov.in/qualifications/4306
4307,QG-04-HY-00413-2023-V1-HSSCI,Operator – LNG Production,Hydrocarbon,Level 4,https://www.nqr.gov.in/qualifications/4307
4308,QG-04-HY-00412-2023-V1-HSSCI,Operator – LPG bottling plant,Hydrocarbon,Level 4,https://www.nqr.gov.in/qualifications/4308
4309,QG-2.5-HY-00359-2023-V1-HSSCI,Pipeline Welding Helper (Oil & Gas),Hydrocarbon,Level 2.5,https://www.nqr.gov.in/qualifications/4309
4310,QG-04-HY-00411-2023-V1-HSSCI,Refinery Process Operator,Hydrocarbon,Level 4,https://www.nqr.gov.in/qualifications/4310
4311,QG-06-OA-00546-2023-V1-MEPSC,Public Accountant,Oﬃce Administration & Facility Management,Level 6,https://www.nqr.gov.in/qualifications/4311
4312,QG-04-HY-00410-2023-V1-HSSCI,Refinery Production Technician (O&M),Hydrocarbon,Level 4,https://www.nqr.gov.in/qualifications/4312
4313,QG-04-HY-00367-2023-V1-HSSCI,Rig Mechanic,Hydrocarbon,Level 4,https://www.nqr.gov.in/qualifications/4313
9258,NG-2.5-AG-00738-2023-V1-ASCI,Fishing Net Maker,Agriculture,Level 2.5,https://www.nqr.gov.in/qualifications/9258
9264,NG-2.5-AP-00739-2023-V1-AMHSSC,Tailor (Darzi),Apparel,Level 2.5,https://www.nqr.gov.in/qualifications/9264
9271,NG-2.5-CG-00742-2023-V1-CGSC,Armourer,Capital Goods & Manufacturing,Level 2.5,https://www.nqr.gov.in/qualifications/9271
9273,NG-2.5-TH-00761-2023-V1-THSC,Washerman (Dhobi),Tourism & Hospitality,Level 2.5,https://www.nqr.gov.in/qualifications/9273
9274,NG-2.5-CG-00743-2023-V1-CGSC,Blacksmith (Lohar),Capital Goods & Manufacturing,Level 2.5,https://www.nqr.gov.in/qualifications/9274
9275,NG-2.5-WC-00762-2023-V1-FFSC,Boat Maker,Wood & Carpentry,Level 2.5,https://www.nqr.gov.in/qualifications/9275
9277,NG-2.5-WC-00763-2023-V1-FFSC,Carpenter,Wood & Carpentry,Level 2.5,https://www.nqr.gov.in/qualifications/9277
9279,NG-2.5-HC-00759-2023-V1-HCSSC,Basic Sculptor and stone artist (Moortikar),Handicrafts & Carpets,Level 2.5,https://www.nqr.gov.in/qualifications/9279
9280,NG-2.5-HC-00758-2023-V1-HCSSC,Traditional Mat Weaver,Handicrafts & Carpets,Level 2.5,https://www.nqr.gov.in/qualifications/9280
9281,NG-2.5-HC-00757-2023-V1-HCSSC,Traditional Malakar,Handicrafts & Carpets,Level 2.5,https://www.nqr.gov.in/qualifications/9281
9282,NG-2.5-HC-00754-2023-V1-HCSSC,Traditional Broom Maker,Handicrafts & Carpets,Level 2.5,https://www.nqr.gov.in/qualifications/9282
9283,NG-2.5-HC-00753-2023-V1-HCSSC,Coir Weaver,Handicrafts & Carpets,Level 2.5,https://www.nqr.gov.in/qualifications/9283
9284,NG-2.5-HC-00752-2023-V1-HCSSC,Traditional Basket Maker,Handicrafts & Carpets,Level 2.5,https://www.nqr.gov.in/qualifications/9284
9285,NG-2.5-GJ-00751-2023-V1-GJSCI,Goldsmith(sunar),Gem & Jewellery,Level 2.5,https://www.nqr.gov.in/qualifications/9285
9286,NG-2.5-CO-00750-2023-V1-CDSCI,Tile Mason- Basic,Construction,Level 2.5,https://www.nqr.gov.in/qualifications/9286
9287,NG-2.5-CO-00749-2023-V1-CDSCI,Plaster Mason- Basic,Construction,Level 2.5,https://www.nqr.gov.in/qualifications/9287
9288,NG-2.5-CO-00748-2023-V1-CDSCI,Concrete Mason- Basic,Construction,Level 2.5,https://www.nqr.gov.in/qualifications/9288
9289,NG-2.5-CO-00747-2023-V1-CDSCI,Brick Mason- Basic,Construction,Level 2.5,https://www.nqr.gov.in/qualifications/9289
9290,NG-2.5-CG-00746-2023-V1-CGSC,Locksmith,Capital Goods & Manufacturing,Level 2.5,https://www.nqr.gov.in/qualifications/9290
9291,NG-2.5-CG-00744-2023-V1-CGSC,Hammer and Tool Kit Maker,Capital Goods & Manufacturing,Level 2.5,https://www.nqr.gov.in/qualifications/9291
9301,NG-2.5-HC-00756-2023-V1-HCSSC,Potter (Kumhar) including tradtional ceramics and terracotta product maker,Handicrafts & Carpets,Level 2.5,https://www.nqr.gov.in/qualifications/9301
9303,QG-04-SP-00604-2023-V1-SPEFLSC,Caddie Master,"Sports, Physical Education, Fitness & Leisure",Level 4,https://www.nqr.gov.in/qualifications/9303
9311,QM-4-PL-00358-2023-V1-WMPS,Jal Vitaran Sanchalak (Water Distribution Operator),"Water Supply, Sewerage, Waste Management & Remediation activities",Level 4,https://www.nqr.gov.in/qualifications/9311
9312,QG-03-SP-00603-2023-V1-SPEFLSC,Golf Caddie,"Sports, Physical Education, Fitness & Leisure",Level 3,https://www.nqr.gov.in/qualifications/9312
9338,NG-2.5-HC-00988-2023-V1-HCSSC,Traditional Glass Toy Maker,Handicrafts & Carpets,Level 2.5,https://www.nqr.gov.in/qualifications/9338
9339,NG-2.5-HC-00987-2023-V1-HCSSC,Traditional Leather Toy Maker,Handicrafts & Carpets,Level 2.5,https://www.nqr.gov.in/qualifications/9339
9340,NG-2.5-HC-00990-2023-V1-HCSSC,Traditional Wooden Toy Maker,Handicrafts & Carpets,Level 2.5,https://www.nqr.gov.in/qualifications/9340
9355,QG-03-SP-00602-2023-V1-SPEFLSC,Golf Club Junior Technician (Fitting & Repair),"Sports, Physical Education, Fitness & Leisure",Level 3,https://www.nqr.gov.in/qualifications/9355
9361,NG-2.5-HC-00989-2023-V1-HCSSC,Traditional Soft Toy Maker,Handicrafts & Carpets,Level 2.5,https://www.nqr.gov.in/qualifications/9361
9362,QG-03-IT-00626-2023-V2-HART,Assistant PHP Developer,IT-ITeS,Level 3,https://www.nqr.gov.in/qualifications/9362
9363,"QG-03-IT-00625-2023-V2-HART, Version 2",Digital Marketing Assistant,IT-ITeS,Level 3,https://www.nqr.gov.in/qualifications/9363
9365,QG-03-IT00628-2023-V2-HART,Hardware Peripheral and Installation Assistant,IT-ITeS,Level 3,https://www.nqr.gov.in/qualifications/9365
9366,QG-04-IT-00629-2023-V2-HART,Computer Hardware and Networking Associate,IT-ITeS,Level 3,https://www.nqr.gov.in/qualifications/9366
9367,QG-03-IT-00627-2023-V2-HART,Software/Application Testing Assistant,IT-ITeS,Level 3,https://www.nqr.gov.in/qualifications/9367
9384,QG-03-HC-00583-2023-V2-HCSSC,Abrasion & Grinding Machine Operator (Glassware),Handicrafts & Carpets,Level 3,https://www.nqr.gov.in/qualifications/9384
9386,QG-03-HC-00584-2023-V2-HCSSC Version: 2.0,Acid Cleaner (Metalware),Handicrafts & Carpets,Level 3,https://www.nqr.gov.in/qualifications/9386
9387,QG-04-HC-00590-2023-V2-HCSSC Version of qualification: 2.0,Assistant Designer and Shade Writer (Carpets),Handicrafts & Carpets,Level 4,https://www.nqr.gov.in/qualifications/9387
9389,QG-04-HC-00585-2023-V2-HCSSC Version of qualification: 2.0,Block Print Supervisor,Handicrafts & Carpets,Level 4,https://www.nqr.gov.in/qualifications/9389
9392,QG-04-HC-00586-2023-V2-HCSSC Version: 2.0,Carpet Quality Checker,Handicrafts & Carpets,Level 4,https://www.nqr.gov.in/qualifications/9392
9394,QG-03-HC-00587-2023-V2-HCSSC Version: 2.0,Clipper and Embosser (Carpets),Handicrafts & Carpets,Level 3,https://www.nqr.gov.in/qualifications/9394
9406,QG-2.5-HC-00588-2023-V2-HCSSC Version: 2.0,Cutting and Threading Operator (Metalware),Handicrafts & Carpets,Level 2.5,https://www.nqr.gov.in/qualifications/9406
9415,QG-03-HC-00589-2023-V2-HCSSC,Decorative Glass Cutter (Glassware),Handicrafts & Carpets,Level 3,https://www.nqr.gov.in/qualifications/9415
9416,QG-03-HC-00591-2023-V2-HCSSC,Dyer (Rangsaaz) (Carpets),Handicrafts & Carpets,Level 3,https://www.nqr.gov.in/qualifications/9416
9417,QG-03-HC-00592-2023-V2-HCSSC,Glass Blowing Operator (Glassware),Handicrafts & Carpets,Level 3,https://www.nqr.gov.in/qualifications/9417
9418,QG-03-HC-00593-2023-V2-HCSSC,Planishing Artisan (Metalware),Handicrafts & Carpets,Level 3,https://www.nqr.gov.in/qualifications/9418
9422,QG-03-HC-00594-2023-V2-HCSSC,Silver Coating-Junior Technician (Glassware),Handicrafts & Carpets,Level 3,https://www.nqr.gov.in/qualifications/9422
9423,QG-4.5-HC-00595-2023-V2-HCSSC,Tufted Weaving Assistant Supervisor (Carpets),Handicrafts & Carpets,Level 4.5,https://www.nqr.gov.in/qualifications/9423
9425,QG-03-HC-00581-2023-V1-HCSSC,Handcrafted Candle Maker,Handicrafts & Carpets,Level 3,https://www.nqr.gov.in/qualifications/9425
9426,QG-02-HC-00582-2023-V1-HCSSC,Leaf Utility Products Artisan,Handicrafts & Carpets,Level 2,https://www.nqr.gov.in/qualifications/9426
9427,QG-06-SP-00611-2023-V1-SPEFLSC,Sports Goods Factory Manager,"Sports, Physical Education, Fitness & Leisure",Level 6,https://www.nqr.gov.in/qualifications/9427
9429,QG-05-SP-00605-2023-V1-SPEFLSC,Golf Instructor,"Sports, Physical Education, Fitness & Leisure",Level 5,https://www.nqr.gov.in/qualifications/9429
9436,QG-03-SP-00609-2023-V1-SPEFLSC,Gym Equipment Service Technician (Junior),"Sports, Physical Education, Fitness & Leisure",Level 3,https://www.nqr.gov.in/qualifications/9436
9437,QG-03-SP-00608-2023-V1-SPEFLSC,Sports Ball Craftsperson (Junior),"Sports, Physical Education, Fitness & Leisure",Level 3,https://www.nqr.gov.in/qualifications/9437
9438,QG-03-SP-00607-2023-V1-SPEFLSC,Sports Bat & Racquet Craftsperson (Junior),"Sports, Physical Education, Fitness & Leisure",Level 3,https://www.nqr.gov.in/qualifications/9438
9441,QG-02-SP-00606-2023-V1-SPEFLSC,Sports Goods Manufacturing Helper,"Sports, Physical Education, Fitness & Leisure",Level 2,https://www.nqr.gov.in/qualifications/9441
9443,QG-05-SP-00610-2023-V1-SPEFLSC,Sports Goods Production Supervisor,"Sports, Physical Education, Fitness & Leisure",Level 5,https://www.nqr.gov.in/qualifications/9443
9445,QG-05-PL-00612-2023-V1-WMPS,Fire Systems Supervisor,Plumbing,Level 5,https://www.nqr.gov.in/qualifications/9445
9467,QG-03-ES-00911-2023-V1-SCGJ & version 1,Biomass Pellet Manufacturing Junior Technician,Environmental Science,Level 3,https://www.nqr.gov.in/qualifications/9467
9468,QG-03-ES-00764-2023-V1-SCGJ,Green Hydrogen Plant Junior Technician- Electrolyzer,Environmental Science,Level 3,https://www.nqr.gov.in/qualifications/9468
9469,QG-03-ES-00764-2023-V1-SCGJ,Green Hydrogen Plant Junior Technician- Electrolyzer,Environmental Science,Level 3,https://www.nqr.gov.in/qualifications/9469
9471,QG-03-ES-00767-2023-V1-SCGJ,Green Hydrogen Plant Junior Technician- Storage,Environmental Science,Level 3,https://www.nqr.gov.in/qualifications/9471
9472,QG-03-ES-00766-2023-V1-SCGJ,Green Hydrogen Plant Junior Technician-Desalination,Environmental Science,Level 3,https://www.nqr.gov.in/qualifications/9472
9473,QG-2.5-ES-00907-2023-V1-SCGJ,Solar Domestic Product Assembler,Environmental Science,Level 2.5,https://www.nqr.gov.in/qualifications/9473
9475,QG-04-ES-00913-2023-V1-SCGJ,Junior Technician- Mechanized Sewer Cleaning,Environmental Science,Level 3,https://www.nqr.gov.in/qualifications/9475
9477,QG-04-ES-00915-2023-V1-SCGJ,Plastic Recycling Micro Entrepreneur,Environmental Science,Level 4,https://www.nqr.gov.in/qualifications/9477
9479,QG-03-ES-00914-2023-V1-SCGJ,Plastic Recycling Operator,Environmental Science,Level 3,https://www.nqr.gov.in/qualifications/9479
9482,QG-3.5-ES-00909-2023-V1-SCGJ,Solar Photovoltaic Site Survey Assistant,Environmental Science,Level 3.5,https://www.nqr.gov.in/qualifications/9482
9487,QG-04-SP-00918-2023-V1-SPEFLSC,Camping & Trekking Guide,"Sports, Physical Education, Fitness & Leisure",Level 4,https://www.nqr.gov.in/qualifications/9487
9491,QG-04-ES-00910-2023-V1-SCGJ,Solar Photovoltaic Technician,Environmental Science,Level 4,https://www.nqr.gov.in/qualifications/9491
9494,QG-03-ES-00908-2023-V1,Solar Manufacturing - Junior Technician,Environmental Science,Level 3,https://www.nqr.gov.in/qualifications/9494
9504,QG-03-ES-00669-2023-V1-SCGJ,Sewer Entry Professional,Environmental Science,Level 3,https://www.nqr.gov.in/qualifications/9504
9515,QG-04-ES-00913-2023-V1-SCGJ,Junior Technician- Mechanized Sewer Cleaning,Environmental Science,Level 3,https://www.nqr.gov.in/qualifications/9515
9516,2022/AUT/ASDC/06568,Automotive Assembly Technician,Automotive,Level 4,https://www.nqr.gov.in/qualifications/9516
9517,2022/AUT/ASDC/06558,Automotive Machining Assistant,Automotive,Level 2,https://www.nqr.gov.in/qualifications/9517
9518,QG-04-OA-00862-2023-V1-IASC,Junior Executive- B2B Customer Relation (Automation),Instrumentation,Level 4,https://www.nqr.gov.in/qualifications/9518
9523,2022/AUT/ASDC/06562,Automotive Welding Machine Operator (Manual and Robotics),Automotive,Level 3,https://www.nqr.gov.in/qualifications/9523
9526,2022/AUT/ASDC/06564,Four Wheeler Service Assistant,Automotive,Level 3,https://www.nqr.gov.in/qualifications/9526
9530,QG-04-PW-00870-2023-V1-PSSC,Industrial Electrician,Power,Level 4,https://www.nqr.gov.in/qualifications/9530
9544,QG-04-BW-00734-2023-V1-BWSSC,Wellness Therapist (Elderly),Beauty & Wellness,Level 4,https://www.nqr.gov.in/qualifications/9544
9548,QG-05-AG-00577-2023-V1-FICSI,Food Lab Instrumentation Specialist,Food Industry/Food Processing,Level 5,https://www.nqr.gov.in/qualifications/9548
9550,QG-3.5-AG-00578-2023-V1-FICSI,Food Sampler,Food Industry/Food Processing,Level 3.5,https://www.nqr.gov.in/qualifications/9550
9551,QG-02-AG-00579-2023-V1-FICSI,Honey Processor,Food Industry/Food Processing,Level 2,https://www.nqr.gov.in/qualifications/9551
9552,QG-03-AG-00580-2023-V1-FICSI,Multi Skill Technician-Fruits and Vegetables,Food Industry/Food Processing,Level 3,https://www.nqr.gov.in/qualifications/9552
9579,QG-4.5-AU-00545-2023-V1.1-ASDC,Electric Vehicle Service Lead Technician,Automotive,Level 4.5,https://www.nqr.gov.in/qualifications/9579
9585,QG-4.5-AG-00777-2023-V1-ASCI,Professional Gardening and Nursery Management,Agriculture,Level 4.5,https://www.nqr.gov.in/qualifications/9585
9588,QG-03-PW-00868-2023-V1-PSSC,Jr. Technician (Smart Energy Meter),Power,Level 3,https://www.nqr.gov.in/qualifications/9588
9591,QG-04-PW-00869-2023-V1-PSSC,Technician – Railway Track Electrification,Power,Level 4,https://www.nqr.gov.in/qualifications/9591
9641,: QG-03-HC-00839-2023-V2-HCSSC,Assembly Machine Operator (Woodware),Handicrafts & Carpets,Level 3,https://www.nqr.gov.in/qualifications/9641
9642,QG-2.5-HC-00840-2023-V2-HCSSC,Automatic Stick Making M/C Operator,Handicrafts & Carpets,Level 2.5,https://www.nqr.gov.in/qualifications/9642
9643,QG-04-HC-00841-2023-V2-HCSSC,CAD Designer for Carpets,Handicrafts & Carpets,Level 4,https://www.nqr.gov.in/qualifications/9643
9651,QG-3.5-HC-00842-2023-V2-HCSSC,Color Quality Incharge/Shade Supervisor (Carpets),Handicrafts & Carpets,Level 3.5,https://www.nqr.gov.in/qualifications/9651
9652,QG-04-HC-00855-2023-V2-HCSSC,Craft Specialist- Paper Mache,Handicrafts & Carpets,Level 4,https://www.nqr.gov.in/qualifications/9652
9653,QG-03-HC-00843-2023-V2-HCSSC,Designer (Woodware Products),Handicrafts & Carpets,Level 3,https://www.nqr.gov.in/qualifications/9653
9655,QG-2.5-HC-00844-2023-V2-HCSSC,Embossing Artisan (Metalware),Handicrafts & Carpets,Level 2.5,https://www.nqr.gov.in/qualifications/9655
9657,QG-2.5-HC-00845-2023-V2-HCSSC,Etching Artisan ( Metalware),Handicrafts & Carpets,Level 2.5,https://www.nqr.gov.in/qualifications/9657
9659,QG-2.5-HC-00846-V2-HCSSC,Finisher (Woodware),Handicrafts & Carpets,Level 2.5,https://www.nqr.gov.in/qualifications/9659
9660,QG-03-HC-00834-2023-V2-HCSSC,Fitter and Rubbing Operator (Paper Mache),Handicrafts & Carpets,Level 3,https://www.nqr.gov.in/qualifications/9660
9661,QG-03-HC-00847-2023-V2-HCSSC,Jute Handloom Weaver,Handicrafts & Carpets,Level 3,https://www.nqr.gov.in/qualifications/9661
9663,QG-03-HC-00848-2023-V2-HCSSC,Jute Screen Printer,Handicrafts & Carpets,Level 3,https://www.nqr.gov.in/qualifications/9663
9664,QG-2.5-HC-00849-2023-V2-HCSSC,Jute Yarn Hank Dyer,Handicrafts & Carpets,Level 2.5,https://www.nqr.gov.in/qualifications/9664
9666,QG-03-HC-00850-2023-V2-HCSSC,Lacquerer (Paper Mache),Handicrafts & Carpets,Level 3,https://www.nqr.gov.in/qualifications/9666
9672,QG-2.5-HC-00851-2023-V2-HCSSC,Lacquerer (Woodware),Handicrafts & Carpets,Level 2.5,https://www.nqr.gov.in/qualifications/9672
9673,QG-2.5-HC-00852-2023-V2-HCSSC,Latexing Man (Carpets),Handicrafts & Carpets,Level 2.5,https://www.nqr.gov.in/qualifications/9673
9674,QG-3.5-HC-00853-2023-V2-HCSSC,Loom Supervisor - Knotted Carpet,Handicrafts & Carpets,Level 3.5,https://www.nqr.gov.in/qualifications/9674
9675,QG-2.5-HC-00835-2023-V2-HCSSC,Material Preparation Worker (Ceramics),Handicrafts & Carpets,Level 2.5,https://www.nqr.gov.in/qualifications/9675
9676,QG-2.5-HC-00836-2023-V2-HCSSC,Paint Line Operator (Paper Mache),Handicrafts & Carpets,Level 2.5,https://www.nqr.gov.in/qualifications/9676
9677,QG-03-HC-00854-2023-V2-HCSSC,Paper Mache Art Designer,Handicrafts & Carpets,Level 3,https://www.nqr.gov.in/qualifications/9677
9678,QG-4.5-HC-00837-2023-V2-HCSSC,Paper Mache Art Promoter (Paper Mache),Handicrafts & Carpets,Level 4.5,https://www.nqr.gov.in/qualifications/9678
9680,QG-2.5-HC-00856-2023-V2-HCSSC,Polisher (Metalware),Handicrafts & Carpets,Level 2.5,https://www.nqr.gov.in/qualifications/9680
9681,QG-2.5-HC-00838-2023-V2-HCSSC,Sakhta Saaz (Paper Pulp),Handicrafts & Carpets,Level 2.5,https://www.nqr.gov.in/qualifications/9681
9682,QG-2.5-HC-00858-2023-V2-HCSSC,Seasoning and Chemical Treatment Assistant (Woodware),Handicrafts & Carpets,Level 2.5,https://www.nqr.gov.in/qualifications/9682
9684,QG-2.5-HC-00859-2023-V2-HCSSC,Washer (Carpets),Handicrafts & Carpets,Level 2.5,https://www.nqr.gov.in/qualifications/9684
9688,QG-04-TH-00574-2023-V1-DWSSC V 1.0,Play School Facilitator cum Caregiver,Home Management and Caregiving,Level 4,https://www.nqr.gov.in/qualifications/9688
9701,QG-04-RI-00872-2023-V1-RSDC,"Technician: Battery (Alkaline) Maintenance, Processing and Recycling",Rubber Industry,Level 4,https://www.nqr.gov.in/qualifications/9701
9702,QG-4.5-IT-00772-2023-V1-MSU,Web Video Production and Editing,IT-ITeS,Level 4.5,https://www.nqr.gov.in/qualifications/9702
9703,QG-05-AU-00773-2023-V1-MSU,Supervisor - 2 and 3 Wheeler Electric Vehicle Services,Automotive,Level 5,https://www.nqr.gov.in/qualifications/9703
9707,QG-3.5-FI-00142-2023-V2-SCTEO,Basic Sweets Maker,Food Industry/Food Processing,Level 3.5,https://www.nqr.gov.in/qualifications/9707
9708,QG-03-HC-00596-2023-V2-HCSSC,Tufting Gun Operator (Carpets),Handicrafts & Carpets,Level 3,https://www.nqr.gov.in/qualifications/9708
9711,QG-05-SP-00927-2023-V1-SPEFLSC,Gym Equipment Service Supervisor,"Sports, Physical Education, Fitness & Leisure",Level 5,https://www.nqr.gov.in/qualifications/9711
9712,QG-04-SP-00926-2023-V1-SPEFLSC,Gym Equipment Service Technician,"Sports, Physical Education, Fitness & Leisure",Level 4,https://www.nqr.gov.in/qualifications/9712
9713,QG-07-SP-00917-2023-V1-SPEFLSC,Physical Education Head,"Sports, Physical Education, Fitness & Leisure",Level 7,https://www.nqr.gov.in/qualifications/9713
9714,QG-04-SP-00916-2023-V1-SPEFLSC,Physical Education Trainer,"Sports, Physical Education, Fitness & Leisure",Level 4,https://www.nqr.gov.in/qualifications/9714
9715,QG-05-SP-00924-2023-V1-SPEFLSC,Sports Gear Specialist,"Sports, Physical Education, Fitness & Leisure",Level 5,https://www.nqr.gov.in/qualifications/9715
9716,QG-06-SP-00922-2023-V1-SPEFLSC,Sports Nutritionist,"Sports, Physical Education, Fitness & Leisure",Level 6,https://www.nqr.gov.in/qualifications/9716
9717,QG-06-SP-00925-2023-V1-SPEFLSC,Store Manager-Sports,"Sports, Physical Education, Fitness & Leisure",Level 6,https://www.nqr.gov.in/qualifications/9717
9718,QG-04-SP-00923-2023-V1-SPEFLSC,Store Sales Executive-Sports,"Sports, Physical Education, Fitness & Leisure",Level 4,https://www.nqr.gov.in/qualifications/9718
9719,QG-03-SP-00919-2023-V1-SPEFLSC,Yoga Assistant-Sports,"Sports, Physical Education, Fitness & Leisure",Level 3,https://www.nqr.gov.in/qualifications/9719
9720,QG-05-SP-00921-2023-V1-SPEFLSC,Yoga Instructor-Sports,"Sports, Physical Education, Fitness & Leisure",Level 5,https://www.nqr.gov.in/qualifications/9720
9721,QG-03-MG-01027-2023-V2-SCMS,Mining Rescuer,Mining,Level 3,https://www.nqr.gov.in/qualifications/9721
9722,QG-04-SP-00920-2023-V1-SPEFLSC,Yoga Trainer-Sports,"Sports, Physical Education, Fitness & Leisure",Level 4,https://www.nqr.gov.in/qualifications/9722
9723,QG-03-MG-01026-2023-V1-SCMS,Coal Bed Methane (CBM) Extraction Operator,Mining,Level 3,https://www.nqr.gov.in/qualifications/9723
9724,QG-04-SP-01018-2023-V1-SPEFLSC,Sports Goods Craftsperson,"Sports, Physical Education, Fitness & Leisure",Level 4,https://www.nqr.gov.in/qualifications/9724
9727,QG-03-IT-00735-2023-V1-GCVT,Computer Operator and Network Assistant,IT-ITeS,Level 3,https://www.nqr.gov.in/qualifications/9727
9729,QG-04-TL-00929-2023-V1-TSSC,TELECOM GRAMEEN UDHYAMI,Telecom,Level 4,https://www.nqr.gov.in/qualifications/9729
9730,QG-05-TL-00930-2023-V1-TSSC,5G System Integrator,Telecom,Level 5,https://www.nqr.gov.in/qualifications/9730
9738,QG-02-PD-00873-2023-V1-SCPWD,Assistant-Sewing Machine Operator (Divyangjan)-ID,Persons with Disability,Level 2,https://www.nqr.gov.in/qualifications/9738
9740,QG-02-PD-00874-2023-V1-SCPWD,Assistant-Sewing Machine Operator (Divyangjan)-MD,Persons with Disability,Level 2,https://www.nqr.gov.in/qualifications/9740
9741,QG-04-PD-00885-2023-V1-SCPWD,CCTV Video Footage Auditor (Divyangjan) – LD,Persons with Disability,Level 4,https://www.nqr.gov.in/qualifications/9741
9742,QG-02-PD-00875-2023-V1-SCPWD,Helper-Small Poultry Farmer (Divyangjan)- ID,Persons with Disability,Level 2,https://www.nqr.gov.in/qualifications/9742
9743,QG-02-PD-00876-2023-V1-SCPWD,Helper-Small Poultry Farmer (Divyangjan)- MD,Persons with Disability,Level 2,https://www.nqr.gov.in/qualifications/9743
9745,QG-04-PD-00882-2023-V1-SCPWD,HR Executive –Payroll and Employee Data Management (Divyangjan) -LD,Persons with Disability,Level 4,https://www.nqr.gov.in/qualifications/9745
9746,QG-04-PD-00883-2023-V1-SCPWD,HR Executive –Payroll and Employee Data Management (Divyangjan) -SHI,Persons with Disability,Level 4,https://www.nqr.gov.in/qualifications/9746
9751,QG-04-PD-00890-2023-V1-SCPWD,Kisan Drone Operator (Divyangjan) - LD,Persons with Disability,Level 4,https://www.nqr.gov.in/qualifications/9751
9752,QG-04-PD-00891-2023-V1-SCPWD,Kisan Drone Operator (Divyangjan) - SHI,Persons with Disability,Level 4,https://www.nqr.gov.in/qualifications/9752
9753,QG-03-PD-00892-2023-V1-SCPWD,Office Assistant (Divyangjan) -LD,Persons with Disability,Level 3,https://www.nqr.gov.in/qualifications/9753
9754,QG-03-PD-00893-2023-V1-SCPWD,Office Assistant (Divyangjan) -SHI,Persons with Disability,Level 3,https://www.nqr.gov.in/qualifications/9754
9758,QG-06-CO-00783-2023-V1-CSDCI,BIM Coordinator – Design,Construction,Level 6,https://www.nqr.gov.in/qualifications/9758
9760,QG-6.5-CO-00781-2023-V1-CSDCI,BIM Manager - Construction,Construction,Level 6.5,https://www.nqr.gov.in/qualifications/9760
9762,QG-04-CO-00780-2023-V1-CSDCI,BIM Modeler,Construction,Level 4,https://www.nqr.gov.in/qualifications/9762
9763,QG-05-CO-00782-2023-V1-CSDCI,BIM Technician – Object Creation,Construction,Level 5,https://www.nqr.gov.in/qualifications/9763
9765,QG-04-PD-00886-2023-V1-SCPWD,CCTV Video Footage Auditor (Divyangjan) – SHI,Persons with Disability,Level 4,https://www.nqr.gov.in/qualifications/9765
9767,QG-04-PD-00894-2023-V1-SCPWD,Office executive (Divyangjan) -LD,Persons with Disability,Level 4,https://www.nqr.gov.in/qualifications/9767
9769,QG-04-PD-00895-2023-V1-SCPWD,Office executive (Divyangjan) -SHI,Persons with Disability,Level 4,https://www.nqr.gov.in/qualifications/9769
9770,QG-03-CO-00789-2023-V2-CSDCI,Assistant Construction Fitter,Construction,Level 3,https://www.nqr.gov.in/qualifications/9770
9772,QG-04-PD-00897-2023-V1-SCPWD,Office executive (Divyangjan) - VI,Persons with Disability,Level 4,https://www.nqr.gov.in/qualifications/9772
9773,QG-04-PD-00880-2023-V1-SCPWD,Office Operations Executive (Divyangjan) -LD,Persons with Disability,Level 4,https://www.nqr.gov.in/qualifications/9773
9774,QG-04-PD-00881-2023-V1-SCPWD,Office Operations Executive (Divyangjan) -SHI,Persons with Disability,Level 4,https://www.nqr.gov.in/qualifications/9774
9775,QG-03-CO-00790-2023-V2-CSDCI,Assistant Construction Painter & Decorator,Construction,Level 3,https://www.nqr.gov.in/qualifications/9775
9778,QG-05-PD-00905-2023-V2-SCPWD,Patient Relations Associate - (Divyangjan)- LD,Persons with Disability,Level 5,https://www.nqr.gov.in/qualifications/9778
9779,QG-05-PD-00906-2023-V2-SCPWD,Patient Relations Associate -(Divyangjan)-LV,Persons with Disability,Level 5,https://www.nqr.gov.in/qualifications/9779
9786,QG-05-PD-00889-2023-V1-SCPWD,Radio Jockey (Divyangjan) - VI,Persons with Disability,Level 5,https://www.nqr.gov.in/qualifications/9786
9787,QG-02-PD-00901-2023-V1-SCPWD,Stringing/Beading Assembler (Fashion Jewellery) -(Divyangjan)-LD,Persons with Disability,Level 2,https://www.nqr.gov.in/qualifications/9787
9790,QG-02-PD-00898-2023-V1-SCPWD,Stringing/ Beading Assembler (Fashion Jewellery ) -(Divyangjan)-SHI,Persons with Disability,Level 2,https://www.nqr.gov.in/qualifications/9790
9791,QG-02-PD-00900-2023-V1-SCPWD,Stringing/ Beading Assembler (Fashion Jewellery) - (Divyangjan)- VI,Persons with Disability,Level 2,https://www.nqr.gov.in/qualifications/9791
9792,QG-04-PD-00903-2023-V2-SCPWD,Improved Cook Stove Installer (Divyangjan) -LD,Persons with Disability,Level 4,https://www.nqr.gov.in/qualifications/9792
9794,QG-04-PD-00904-2023-V2-SCPWD,Improved Cook Stove Installer (Divyangjan) -SHI,Persons with Disability,Level 4,https://www.nqr.gov.in/qualifications/9794
9795,QG-03-CO-00792-2023-V2-CSDCI,Assistant False Ceiling and Drywall Installer,Construction,Level 3,https://www.nqr.gov.in/qualifications/9795
9796,QG-03-CO-00793-2023-V2-CSDCI,Assistant Mason,Construction,Level 3,https://www.nqr.gov.in/qualifications/9796
9799,QG-03-CO-00795-2023-V2-CSDCI,Assistant Scaffolder - System,Construction,Level 3,https://www.nqr.gov.in/qualifications/9799
9800,QG-03-CO-00796-2023-V2-CSDCI,Assistant Shuttering Carpenter,Construction,Level 3,https://www.nqr.gov.in/qualifications/9800
9803,QG-3.5-CO-00799-2023-V2-CSDCI,Construction Painter & Decorator,Construction,Level 3.5,https://www.nqr.gov.in/qualifications/9803
9804,QG-03-CO-00800-2023-V2-CSDCI,Doors and Windows Fixer,Construction,Level 3,https://www.nqr.gov.in/qualifications/9804
9805,QG-3.5-CO-00801-2023-V2-CSDCI,Facade Installer,Construction,Level 3.5,https://www.nqr.gov.in/qualifications/9805
9806,QG-03-CO-00802-2023-V2-CSDCI,Grinder - Construction,Construction,Level 3,https://www.nqr.gov.in/qualifications/9806
9815,QG-03-CO-00810-2023-V2-CSDCI,Khalasi (Assistant Rigger),Construction,Level 3,https://www.nqr.gov.in/qualifications/9815
9816,QG-3.5-CO-00811-2023-V2-CSDCI,Mason Concrete,Construction,Level 3.5,https://www.nqr.gov.in/qualifications/9816
9823,QC-03-EH-00816-2023-V1-ESSC,Assistant Technician – Weighing & Measuring Machine,Electronics & HW,Level 3,https://www.nqr.gov.in/qualifications/9823
9828,NG-5.5-AU-01042-2023-V1-ASDC,Product Reverse Engineering,Automotive,Level 5.5,https://www.nqr.gov.in/qualifications/9828
9829,NG-5.5-AU-01044-2023-V1-ASDC,Industrial Robotic System Integration,Automotive,Level 5.5,https://www.nqr.gov.in/qualifications/9829
9830,NG-5.5-AU-01043-2023-V1-ASDC,Industrial Robotic System Planning,Automotive,Level 5.5,https://www.nqr.gov.in/qualifications/9830
9832,NG-5.5-AU-01041-2023-V1-ASDC,Computer Aided Product Design,Automotive,Level 5.5,https://www.nqr.gov.in/qualifications/9832
9835,QG-3.5-TH-01023-2023-V1-DWSSC,Deep Cleaning Operator,Home Management and Caregiving,Level 3.5,https://www.nqr.gov.in/qualifications/9835
9836,QG-5.5-RE-01024-2023-V1-DWSSC,Manager Estates,Home Management and Caregiving,Level 5.5,https://www.nqr.gov.in/qualifications/9836
9837,QG-03-US-01025-2023-V1-DWSSC,Multi Skill Technician (Household and Small Establishment),Home Management and Caregiving,Level 3,https://www.nqr.gov.in/qualifications/9837
9838,QG-04-PD-00884-2023-V1-SCPWD,CCTV Supervisor (Divyangjan) - LD,Persons with Disability,Level 4,https://www.nqr.gov.in/qualifications/9838
9860,QG-3.5-CG-01029-2023-V1-NTTF,Mechanical Fitter,Capital Goods & Manufacturing,Level 3.5,https://www.nqr.gov.in/qualifications/9860
9862,QG-06-IT-01274-2023-V1-MSU,AI Ethics Specialist,IT-ITeS,Level 6,https://www.nqr.gov.in/qualifications/9862
9863,QG-04-CG-01030-2023-V1-NTTF,Assistant Tool Maker,Capital Goods & Manufacturing,Level 4,https://www.nqr.gov.in/qualifications/9863
9864,QG-4.5-CG-01031-2023-V1-NTTF,Senior Technician - Digital Manufacturing & Tool Engineering,Capital Goods & Manufacturing,Level 4.5,https://www.nqr.gov.in/qualifications/9864
9865,QG-3.5-CG-01032-2023-V1-NTTF,Assistant Technician Electrical and Electronics,Capital Goods & Manufacturing,Level 3.5,https://www.nqr.gov.in/qualifications/9865
9866,QG-04-CG-01033-2023-V1-NTTF,Technician Industrial control and Instrumentation,Capital Goods & Manufacturing,Level 4,https://www.nqr.gov.in/qualifications/9866
9871,QG-4.5-CG-01034-2023-V1-NTTF,Senior Technician - Mechatronics & Smart Factory Engineering,Capital Goods & Manufacturing,Level 4.5,https://www.nqr.gov.in/qualifications/9871
9872,QG-3.5-CG-01035-2023-V1-NTTF,Mechanical Assembler,Capital Goods & Manufacturing,Level 3.5,https://www.nqr.gov.in/qualifications/9872
9873,QG-04-CG-01036-2023-V1-NTTF,Technician - Manufacturing and Assembly,Capital Goods & Manufacturing,Level 4,https://www.nqr.gov.in/qualifications/9873
9874,QG-4.5-CG-01037-2023-V1-NTTF,Senior Technician - Manufacturing,Capital Goods & Manufacturing,Level 4.5,https://www.nqr.gov.in/qualifications/9874
9876,QG-3.5-CG-01038-2023-V1-NTTF,Assistant Technician -Automation,Capital Goods & Manufacturing,Level 3.5,https://www.nqr.gov.in/qualifications/9876
9877,QG-04-CG-01039-2023-V1-NTTF,Technician – Automation,Capital Goods & Manufacturing,Level 4,https://www.nqr.gov.in/qualifications/9877
9878,NG-02-IT-00931-2023-V1-NIELIT,Course on Computer Concepts,IT-ITeS,Level 2,https://www.nqr.gov.in/qualifications/9878
9879,QG-4.5-CG-01040-2023-V1-NTTF,Senior Technician - Industrial Automation,Capital Goods & Manufacturing,Level 4.5,https://www.nqr.gov.in/qualifications/9879
9880,QG-06-PW-00617-2023-V1-CUTM,Transformer Manufacturing Engineer,Power,Level 6,https://www.nqr.gov.in/qualifications/9880
9881,QG-05-PW-00615-2023-V1-CUTM,Transformer Manufacturing Supervisor,Power,Level 5,https://www.nqr.gov.in/qualifications/9881
9882,QG-05-PW-00616-2023-V1-CUTM,Transformer Testing Supervisor,Power,Level 5,https://www.nqr.gov.in/qualifications/9882
9883,QG-3.5-CO-01266-2023-V1-HSSCI,Scaffolder -Oil & Gas (Construction services),Hydrocarbon,Level 3.5,https://www.nqr.gov.in/qualifications/9883
9884,QG-04-WC-00828-2023-V2-FFSC,Assistant Carpenter,Wood & Carpentry,Level 4,https://www.nqr.gov.in/qualifications/9884
9885,QG-4.5-WC-00825-2023-V2-FFSC,Assistant Interior Designer,Wood & Carpentry,Level 4.5,https://www.nqr.gov.in/qualifications/9885
9886,QG-04-WC-00820-2023-V1-FFSC,Assistant Panelworks Machine Operator,Wood & Carpentry,Level 4,https://www.nqr.gov.in/qualifications/9886
9888,QG-5.5-WC-00827-2023-V2-FFSC,Assistant Project Manager (Interior Design),Wood & Carpentry,Level 5.5,https://www.nqr.gov.in/qualifications/9888
9889,QG-04-WC-00823-2023-V1-FFSC,Assistant Wooden Boat Maker,Wood & Carpentry,Level 4,https://www.nqr.gov.in/qualifications/9889
9891,QG-4.5-WC-00829-2023-V2-FFSC,Carpenter,Wood & Carpentry,Level 4.5,https://www.nqr.gov.in/qualifications/9891
9892,QG-04-WC-00824-2023-V2-FFSC,Draughtsperson (Interior Design),Wood & Carpentry,Level 4,https://www.nqr.gov.in/qualifications/9892
9893,QG-05-WC-00826-2023-V2-FFSC,Interior Designer,Wood & Carpentry,Level 5,https://www.nqr.gov.in/qualifications/9893
9894,QG-05-WC-00830-2023-V2-FFSC,Master Carpenter,Wood & Carpentry,Level 5,https://www.nqr.gov.in/qualifications/9894
9895,QG-03-WC-00822-2023-V1-FFSC,Multipurpose Assistant- Furniture Business Development,Wood & Carpentry,Level 3,https://www.nqr.gov.in/qualifications/9895
9896,QG-03-WC-00819-2023-V1-FFSC,Multipurpose Assistant- Furniture Production & Installation,Wood & Carpentry,Level 3,https://www.nqr.gov.in/qualifications/9896
9897,QG-03-WC-00818-2023-V1-FFSC,Multipurpose Draughtsperson (Design and Build),Wood & Carpentry,Level 3,https://www.nqr.gov.in/qualifications/9897
9898,QG-4.5-WC-00821-2023-V1-FFSC,Panelworks Machine Operator,Wood & Carpentry,Level 4.5,https://www.nqr.gov.in/qualifications/9898
9900,QG-05-SP-00679-2023-V1.1-SPEFLSC,Advance Lifeguard Open-Water,"Sports, Physical Education, Fitness & Leisure",Level 5,https://www.nqr.gov.in/qualifications/9900
9901,QG-5.5-EH-00737-2023-V1-MUR,Embedded IoT Developer,Electronics & HW,Level 5.5,https://www.nqr.gov.in/qualifications/9901
9916,QG-03-TL-00465-2023-V1.1-TSSC,Active Network Management Associate,Telecom,Level 3,https://www.nqr.gov.in/qualifications/9916
9920,QG-04-IT-01257-2023-V2-HART,Application Development - Android,IT-ITeS,Level 4,https://www.nqr.gov.in/qualifications/9920
9923,QG-03-AG-00775-2023-V1,Junior PanMan Operator (Sugar Mill),Food Industry/Food Processing,Level 3,https://www.nqr.gov.in/qualifications/9923
9924,QG-04-TW-00867-2023-V1-LSC & 1.0,Cargo Vehicle Driver (Non-hazardous goods),"Transportation, Logistics & Warehousing",Level 4,https://www.nqr.gov.in/qualifications/9924
9925,QG-05-TW-00864-2023-V1-LSC & 1.0,Container Repair and Maintenance Supervisor,"Transportation, Logistics & Warehousing",Level 5,https://www.nqr.gov.in/qualifications/9925
9926,QG-06-TW-00866-2023-V1-LSC & 1.0,Packaging Designer,"Transportation, Logistics & Warehousing",Level 6,https://www.nqr.gov.in/qualifications/9926
9927,QG-03-TW-00865-2023-V1-LSC & 1.0,E-commerce Delivery Associate,"Transportation, Logistics & Warehousing",Level 3,https://www.nqr.gov.in/qualifications/9927
9931,QG-03-ES-00362-2023-V2-WBSC Version 2.0,BIO GAS PLANT & BIO SLURRY TECHNICIAN,Environmental Science,Level 3,https://www.nqr.gov.in/qualifications/9931
9932,QG-03-FI-00363-2023-V2-WBSC Version 2.0,FRUITS AND VEGETABLES PRODUCT PRODUCER,Agriculture,Level 3,https://www.nqr.gov.in/qualifications/9932
9933,QG-03-AG-00365-2023-V2-WBSC Version 2.0,Mushroom Cultivator,Agriculture,Level 3,https://www.nqr.gov.in/qualifications/9933
9936,QG-03-AG-00364-2023-V2-WBSC Version 2.0,Service Assistant (Agriculture Machineries),Agriculture,Level 3,https://www.nqr.gov.in/qualifications/9936
9937,QG-03-AG-00366-2023-V2-WBSC Version 2.0,VERMI COMPOSTER,Agriculture,Level 3,https://www.nqr.gov.in/qualifications/9937
9943,"QG-03-HE-01021-2023-V1-HSSC, V1.0",Ayurvedic Aesthetic Assistant,Healthcare,Level 3,https://www.nqr.gov.in/qualifications/9943
9944,"QG-06-HE-01022-2023-V1-HSSC, V1.0",Cupping Therapist,Healthcare,Level 6,https://www.nqr.gov.in/qualifications/9944
9945,"QG-03-HE-01020-2023-V1-HSSC, V1.0",Naturopathy Assistant,Healthcare,Level 3,https://www.nqr.gov.in/qualifications/9945
9946,QG-05-OA00374-2023-V1-MEPSC,Business Support Practitioner,Oﬃce Administration & Facility Management,Level 5,https://www.nqr.gov.in/qualifications/9946
9948,QG-02-PS-00995-2023-V1-MEPSC,General Duty Guard cum Watchman,Oﬃce Administration & Facility Management,Level 2,https://www.nqr.gov.in/qualifications/9948
9952,"NM-05-PS-01053-2023-V1-MEPSC, Version 1",Licensee – Security Services,Oﬃce Administration & Facility Management,Level 5,https://www.nqr.gov.in/qualifications/9952
9958,QG-5.5-LS-00998-2023-V1-LSSSDC,"Specialist- Quality Assurance (Pharma, Biological Products and Medical Devices)",Life Sciences,Level 5.5,https://www.nqr.gov.in/qualifications/9958
9959,QG-5.5-LS-00997-2023-V1-LSSSDC,Research Associate- Pharma and Biological Products,Life Sciences,Level 5.5,https://www.nqr.gov.in/qualifications/9959
9960,NM-4.5-LS-01045-2023-V1-LSSSDC,Foundation for Pharma Sales and Marketing,Life Sciences,Level 4.5,https://www.nqr.gov.in/qualifications/9960
9962,NM-4.5-LS-01046-2023-V1-LSSSDC,Product Promotion with Registered Medical Practitioners,Life Sciences,Level 4.5,https://www.nqr.gov.in/qualifications/9962
9963,NM-05-LS-01047-2023-V1-LSSSDC,Retail Chemist Prescription Audit,Life Sciences,Level 5,https://www.nqr.gov.in/qualifications/9963
9964,NM-05-LS-01048-2023-V1-LSSSDC,Retail Pharmacy Management and Sales,Life Sciences,Level 5,https://www.nqr.gov.in/qualifications/9964
9965,NM-04-LS-01049-2023-V1-LSSSDC,Foundation Skills for Retail Cashier,Life Sciences,Level 4,https://www.nqr.gov.in/qualifications/9965
9966,NM-04-LS-01050-2023-V1-LSSSDC,Order Management,Life Sciences,Level 4,https://www.nqr.gov.in/qualifications/9966
9967,NM-4.5-LS-01051-2023-V1-LSSSDC,Managing Point of Sales (POS),Life Sciences,Level 4.5,https://www.nqr.gov.in/qualifications/9967
9968,NM-4.5-LS-01052-2023-V1-LSSSDC,Payment and Transaction Management,Life Sciences,Level 4.5,https://www.nqr.gov.in/qualifications/9968
9971,NG-5.5-LS-01296-2023-V1-LSSSDC,Aggregate Report writing for Regulatory Compliance,Life Sciences,Level 5.5,https://www.nqr.gov.in/qualifications/9971
9976,NG-5.5-LS-01295-2023-V1-LSSSDC,Pharmacovigilance - Case Processing (Incidents/Adverse Event using softwares including AI tools),Life Sciences,Level 5.5,https://www.nqr.gov.in/qualifications/9976
9977,NM-05-LS-01298-2023-V1-LSSSDC,Basics of Clinical Data Management,Life Sciences,Level 5,https://www.nqr.gov.in/qualifications/9977
9978,NM-05-LS-01299-2023-V1-LSSSDC,Advanced Data Capture Techniques in Clinical Data Management,Life Sciences,Level 5,https://www.nqr.gov.in/qualifications/9978
9979,NM-5.5-LS-01300-2023-V1-LSSSDC,Clinical Data Validation and Quality Control,Life Sciences,Level 5.5,https://www.nqr.gov.in/qualifications/9979
9980,NM-5.5-LS-01301-2023-V1-LSSSDC,Clinical Data Reporting and Analysis,Life Sciences,Level 5.5,https://www.nqr.gov.in/qualifications/9980
9981,QG-5.5-LS-01267-2023-V1-LSSSDC,Analyst- Drug Safety / Pharmacovigilance,Life Sciences,Level 5.5,https://www.nqr.gov.in/qualifications/9981
9984,QG-5.5-LS-01271-2023-V1-LSSSDC,Junior Engineer-EMI/EMC testing for Medical Devices and IVD,Life Sciences,Level 5.5,https://www.nqr.gov.in/qualifications/9984
9985,QG-4.5-LS-01269-2023-V1-LSSSDC,"Logistics Associate-Cold Chain Sustainability (Drug Products, Vaccines , Medical Devices and IVD)",Life Sciences,Level 4.5,https://www.nqr.gov.in/qualifications/9985
9987,QG-4.5-LS-01268-2023-V1-LSSSDC,Production Technician: In-Vitro Diagnostic (IVD) Kits (Class A and Class B),Life Sciences,Level 4.5,https://www.nqr.gov.in/qualifications/9987
9988,QG-5-LS-01272-2023-V1-LSSSDC,PRODUCTION TECHNICIAN: MEDICAL DEVICE - STENTS,Life Sciences,Level 5,https://www.nqr.gov.in/qualifications/9988
9989,QG-05-LS-01270-2023-V1-LSSSDC,Senior Technician – Electrical Safety Testing for Medical Devices and IVD,Life Sciences,Level 5,https://www.nqr.gov.in/qualifications/9989
9990,QG-4.5-LS-01273-2023-V1-LSSSDC,Technician - Automation Maintenance for Medical Device Plant,Life Sciences,Level 4.5,https://www.nqr.gov.in/qualifications/9990
9993,QG-05-HC-01355-2023-V2-HCSSC,Traditional Hand Embroiderer- Supervisor,Handicrafts & Carpets,Level 5,https://www.nqr.gov.in/qualifications/9993
10002,QG-04-TW-01358-2023-V1-LSC,E-commerce Micro Entrepreneur,"Transportation, Logistics & Warehousing",Level 4,https://www.nqr.gov.in/qualifications/10002
10004,QG-4.5-TW-01356-2023-V1-LSC & 1.0,Rail Logistics Executive,"Transportation, Logistics & Warehousing",Level 4.5,https://www.nqr.gov.in/qualifications/10004
10005,QG-06-TW-01357-2023-V1-LSC & 1.0,Warehouse Data Analyst,"Transportation, Logistics & Warehousing",Level 6,https://www.nqr.gov.in/qualifications/10005
10008,QG-2.5-ET-01489-2023-V1-MSRVVP,Ayurveda evam Vanaushadhi - Kanishtha Sahayak आयुर्वेद एवं वनौषधि - कनिष्ठ सहायक,"Education, Training & Research",Level 2.5,https://www.nqr.gov.in/qualifications/10008
10014,QG-3.5-PWD-01279-2023-V1-SCPWD,Lab Assistant (Ceramics) (Divyangjan) - LD,Persons with Disability,Level 3.5,https://www.nqr.gov.in/qualifications/10014
10016,QG-2.5-ET-01488-2023-V1-MSRVVP,Yoga Prashikshan - Kanishtha Sahayak योग प्रशिक्षण – कनिष्ठ सहायक,"Education, Training & Research",Level 2.5,https://www.nqr.gov.in/qualifications/10016
10020,QG-2.5-ET-01480-2023-V1-MSRVVP,Vastushastra - Kanishtha Sahayak वास्तु शास्त्र - कनिष्ठ सहायक,"Education, Training & Research",Level 2.5,https://www.nqr.gov.in/qualifications/10020
10022,QG-2.5-ET-01481-2023-V1-MSRVVP,Jyotish Shastra – Kanishtha Sahayak ज्योतिषशास्त्र - कनिष्ठ सहायक,"Education, Training & Research",Level 2.5,https://www.nqr.gov.in/qualifications/10022
10023,QG-03-PWD-01289-2023-V2-SCPWD,IT Helpdesk Attendant- (Divyangjan)-LD,Persons with Disability,Level 3,https://www.nqr.gov.in/qualifications/10023
10024,QG-2.5-ET-01484-2023-V1-MSRVVP,Temple Management-kanishtha sahayak मन्दिर प्रबंधन-कनिष्ठ सहायक,"Education, Training & Research",Level 2.5,https://www.nqr.gov.in/qualifications/10024
10025,QG-2.5-ET-01479-2023-V1-MSRVVP,Purohit – Kanishtha Sahayak पुरोहित – कनिष्ठ सहायक,"Education, Training & Research",Level 2.5,https://www.nqr.gov.in/qualifications/10025
10026,QG-3.5-PWD-01280-2023-V1-SCPWD,Lab Assistant (Ceramics) (Divyangjan) - SHI,Persons with Disability,Level 3.5,https://www.nqr.gov.in/qualifications/10026
10027,QG-2.5-ET-01487-2023-V1-MSRVVP,Shrauta Yajna - Kanishtha Sahayak श्रौतयज्ञ- कनिष्ठ सहायक,"Education, Training & Research",Level 2.5,https://www.nqr.gov.in/qualifications/10027
10031,QG-05-PWD-01275-2023-V1-SCPWD,Loan Processing Officer -(Divyangjan)-LD,Persons with Disability,Level 5,https://www.nqr.gov.in/qualifications/10031
10032,QG-2.5-ET-01485-2023-V1-MSRVVP,VEDA SHASTRA PRAVACHAN KANISHTHA SAHAYAK (वेद शास्त्र प्रवचन कनिष्ठ सहायक),"Education, Training & Research",Level 2.5,https://www.nqr.gov.in/qualifications/10032
10034,QG-2.5-ET-01482-2023-V1-MSRVVP,VEDIC GANIT - KANISHTHA SHAYAK वैदिक गणित – कनिष्ठ सहायक,"Education, Training & Research",Level 2.5,https://www.nqr.gov.in/qualifications/10034
10035,QG-2.5-ET-01483-2023-V1-MSRVVP,VEDIC SANSKAR – KANISHTHA SAHAYAK वैदिक संस्कार – कनिष्ठ सहायक,"Education, Training & Research",Level 2.5,https://www.nqr.gov.in/qualifications/10035
10038,QG-3.5-PWD-01281-2023-V1-SCPWD,Modeller (Divyangjan) - LD,Persons with Disability,Level 3.5,https://www.nqr.gov.in/qualifications/10038
10039,QG-3.5-PWD-01282-2023-V1-SCPWD,Modeller (Divyangjan) - SHI,Persons with Disability,Level 3.5,https://www.nqr.gov.in/qualifications/10039
10040,QG-3.5-PWD-01283-2023-V1-SCPWD,Sketching and painting artisan (Ceramics) (Divyangjan) - LD,Persons with Disability,Level 3.5,https://www.nqr.gov.in/qualifications/10040
10041,QG-3.5-PWD-01284-2023-V1-SCPWD,Sketching and painting artisan (Ceramics) (Divyangjan) - SHI,Persons with Disability,Level 3.5,https://www.nqr.gov.in/qualifications/10041
10046,QG-05-PWD-01276-2023-V1-SCPWD,Loan processing Officer - (Divyangjan)-SHI,Persons with Disability,Level 5,https://www.nqr.gov.in/qualifications/10046
10055,QG-05-PWD-01278-2023-V1-SCPWD,Loan Processing Officer -(Divyangjan)-VI,Persons with Disability,Level 5,https://www.nqr.gov.in/qualifications/10055
10058,NM-02-US-01420-2023-V1-DWSSC,Basics of CT/PT (Community Toilet/Public Toilet) Hygiene Maintenance`,Home Management and Caregiving,Level 2,https://www.nqr.gov.in/qualifications/10058
10059,NM-02-HE-01419-2023-V1-DWSSC,Basics of Menstrual Hygiene Management (MHM),Home Management and Caregiving,Level 2,https://www.nqr.gov.in/qualifications/10059
10071,NG-04-HC-00632-2023-V1-HCSSC,Advanced Program on Hand Block Printing,Handicrafts & Carpets,Level 4,https://www.nqr.gov.in/qualifications/10071
10073,NG-04-HC-00635-2023-V1-HCSSC,Advanced Program on Traditional Hand Embroidery,Handicrafts & Carpets,Level 4,https://www.nqr.gov.in/qualifications/10073
10074,NG-04-HC-00631-2023-V1-HCSSC,Basic Program on Hand Block Printing,Handicrafts & Carpets,Level 4,https://www.nqr.gov.in/qualifications/10074
10075,NG-04-HC-00634-2023-V1-HCSSC,Basic Program on Traditional Hand Embroidery,Handicrafts & Carpets,Level 4,https://www.nqr.gov.in/qualifications/10075
10085,QG-06-AU-00570-2023-V1-ASDC,Automotive Dealership Data Science Specialist,Automotive,Level 6,https://www.nqr.gov.in/qualifications/10085
10086,QG-06-AU-00571-2023-V1-ASDC,Automotive Design Safety Specialist,Automotive,Level 6,https://www.nqr.gov.in/qualifications/10086
10087,NG-05-IT-01428-2023-V1-NIELIT & Version 1,Cyber Security for Cloud Infrastructure,IT-ITeS,Level 5,https://www.nqr.gov.in/qualifications/10087
10088,QG-06-AU-00572-2023-V1-ASDC,Automotive IIOT Application Specialist,Automotive,Level 6,https://www.nqr.gov.in/qualifications/10088
10089,QG-06-AU-00573-2023-V1-ASDC,Automotive Manufacturing Data Science Specialist,Automotive,Level 6,https://www.nqr.gov.in/qualifications/10089
10090,NG-05-IT-01429-2023-V1-NIELIT,Vulnerability Assessment and Penetration Testing and IAM Essentials,IT-ITeS,Level 5,https://www.nqr.gov.in/qualifications/10090
10092,NG-05-IT-01432-2023-V1-NIELIT & Version 1,IT Professional Skills,IT-ITeS,Level 5,https://www.nqr.gov.in/qualifications/10092
10093,NG-05-IT-01430-2023-V1-NIELIT & Version 1,New Technologies Introduction,IT-ITeS,Level 5,https://www.nqr.gov.in/qualifications/10093
10094,NG-05-IT-01431-2023-V1-NIELIT & Version 1,Risk Control and Internal Audit – IT,IT-ITeS,Level 5,https://www.nqr.gov.in/qualifications/10094
10095,NG-05-IT-01427-2023-V1-NIELIT & Version 1,Essentials of Big Data,IT-ITeS,Level 5,https://www.nqr.gov.in/qualifications/10095
10096,NG-05-IT-01426-2023-V1-NIELIT and Version 1,Essentials of Data Warehousing,IT-ITeS,Level 5,https://www.nqr.gov.in/qualifications/10096
10097,NG-05-IT-01423-2023-V1-NIELIT & Version 1,Google Cloud Platform (GCP) Essentials,IT-ITeS,Level 5,https://www.nqr.gov.in/qualifications/10097
10098,NG-05-IT-01424-2023-V1-NIELIT & Version 1,Informatica Cloud Essentials,IT-ITeS,Level 5,https://www.nqr.gov.in/qualifications/10098
10099,NG-05-IT-01422-2023-V1-NIELIT & Version 1,Cloud Computing with AWS and Azure,IT-ITeS,Level 5,https://www.nqr.gov.in/qualifications/10099
10101,NG-05-IT-01425-2023-V1-NIELIT & Version 1,Data Analysis with Python and SQL,IT-ITeS,Level 5,https://www.nqr.gov.in/qualifications/10101
10113,QG-03-PWD-01586-2023-V1.1-SCPWD,Gardener – PwD LV,Persons with Disability,Level 3,https://www.nqr.gov.in/qualifications/10113
10115,QG-03-PWD-01584-2023-V1.1-SCPWD,Gardener – PwD (Divyangjan) -LD,Persons with Disability,Level 3,https://www.nqr.gov.in/qualifications/10115
10122,NM-04-AU-01302-2023-V1-IACE,Introduction to Electric Vehicles,Automotive,Level 4,https://www.nqr.gov.in/qualifications/10122
10123,QG-4.5-AU-01260-2023-V1-IACE,JUNIOR SUPERVISOR - Registered Vehicle Scrapping Facility (RVSF),Automotive,Level 4.5,https://www.nqr.gov.in/qualifications/10123
10124,QG-4.5-AU-01261-2023-V1-IACE,Technician - Registered Vehicle Scrapping Facility (RVSF),Automotive,Level 4,https://www.nqr.gov.in/qualifications/10124
10128,QG-03-US-01353-2023-V1-DWSSC,Sanitary Worker,Home Management and Caregiving,Level 3,https://www.nqr.gov.in/qualifications/10128
10129,QG-3.5-US-01354-2023-V1-DWSSC V1.0,Senior Sanitary Worker,Home Management and Caregiving,Level 3.5,https://www.nqr.gov.in/qualifications/10129
10134,QG-04-ME-01255-2023-V1-NFDC,3D Animator (TV and Film Making),Media & Entertainment,Level 4,https://www.nqr.gov.in/qualifications/10134
10136,QG-04-ME-01256-2023-V1-NFDC,Visual Communication Artist (Static and Motion Graphics),Media & Entertainment,Level 4,https://www.nqr.gov.in/qualifications/10136
10138,QG-05-AG-01265-2023-V1-CUTM,PCB NPI – Fabrication and Verification Specialist,Electronics & HW,Level 5,https://www.nqr.gov.in/qualifications/10138
10139,NG-05-IT-00167-2023-V1-NASSCOM,Essentials of Solution Development in IT,IT-ITeS,Level 5,https://www.nqr.gov.in/qualifications/10139
10143,QG-04-HE-00652-2023-V1.1-HSSC,Central Sterile Service Department (CSSD) Assistant,Healthcare,Level 4,https://www.nqr.gov.in/qualifications/10143
10144,QG-04-HE-00647-2023-V1.1-HSSC,Cupping Therapy Assistant,Healthcare,Level 3,https://www.nqr.gov.in/qualifications/10144
10146,QG-5.5-HE-00651-2023-V1.1-HSSC,Deputy Duty Manager – Patient Relation Services,Healthcare,Level 5.5,https://www.nqr.gov.in/qualifications/10146
10148,QG-04-HE-00664-2023-V1.1-HSSC,Diabetes Assistant,Healthcare,Level 4,https://www.nqr.gov.in/qualifications/10148
10150,QG-03-HE-00653-2023-V1.1-HSSC,Dietetic Aide,Healthcare,Level 3,https://www.nqr.gov.in/qualifications/10150
10153,NG-04-IT-01294-2023-V1-HART,Programming with Python,IT-ITeS,Level 4,https://www.nqr.gov.in/qualifications/10153
10154,QG-06-HE-00654-2023-V1.1-HSSC,Duty Manager – Patient Relation Services,Healthcare,Level 6,https://www.nqr.gov.in/qualifications/10154
10156,QG-04-HE-00656-2023-V1.1-HSSC,General Duty Assistant,Healthcare,Level 3,https://www.nqr.gov.in/qualifications/10156
10157,QG-04-HE-00657-2023-V1.1-HSSC,General Duty Assistant- Advanced Electives: 1: Maternal and Newborn Care- 90 Hrs 2: Critical Care- 90 Hrs 3: Dialysis- 90 Hrs 4: Parturition- 90 Hrs,Healthcare,Level 3.5,https://www.nqr.gov.in/qualifications/10157
10159,QG-03-HE-00663-2023-V1.1-HSSC,Geriatric Care Assistant,Healthcare,Level 4,https://www.nqr.gov.in/qualifications/10159
10160,QG-03-HE-00658-2023-V1.1-HSSC,Home Health Aide,Healthcare,Level 3,https://www.nqr.gov.in/qualifications/10160
10161,QG-04-HE-00659-2023-V1.1-HSSC,Hospital Front Desk Coordinator,Healthcare,Level 4,https://www.nqr.gov.in/qualifications/10161
10163,QG-04-HE-00660-2023-V1.1-HSSC,Medical Records Assistant,Healthcare,Level 4,https://www.nqr.gov.in/qualifications/10163
10164,QG-04-HE-00649-2023-V1.1-HSSC,Panchakarma Technician,Healthcare,Level 4,https://www.nqr.gov.in/qualifications/10164
10165,QG-04-HE-00661-2023-V1.1-HSSC,Phlebotomist,Healthcare,Level 4,https://www.nqr.gov.in/qualifications/10165
10166,QG-04-HE-00665-2023-V1.1-HSSC,Telehealth Services Coordinator,Healthcare,Level 4,https://www.nqr.gov.in/qualifications/10166
10168,NM-04-IT-00169-2023-V1-NASSCOM,Soft Skills-Interpersonal relations,IT-ITeS,Level 4,https://www.nqr.gov.in/qualifications/10168
10169,QG-05-HE-00666-2023-V1.1-HSSC,Transplant Coordinator,Healthcare,Level 6,https://www.nqr.gov.in/qualifications/10169
10170,QG-04-HE-00650-2023-V1.1-HSSC,Yoga Therapy Assistant Elective 1: Diabetes Care Elective 2: Palliative Care,Healthcare,Level 4,https://www.nqr.gov.in/qualifications/10170
10171,NM-04-IT-00168-2023-V1-NASSCOM,Technology and Business Fundamentals,IT-ITeS,Level 4,https://www.nqr.gov.in/qualifications/10171
10174,QG-05-AG-01264-2023-V1-CUTM,"Polyhouse Installation, Monitoring and Service Supervisor",Agriculture,Level 5,https://www.nqr.gov.in/qualifications/10174
10175,QG-05-AG-01262-2023-V1-CUTM,Seed Production Supervisor,Agriculture,Level 5,https://www.nqr.gov.in/qualifications/10175
10176,QG-05-AG-01263-2023-V1-CUTM,Fisheries Post Harvest Supervisor,Agriculture,Level 5,https://www.nqr.gov.in/qualifications/10176
10177,QG-05-AG-01397-2023-V1-CUTM,Paper Recycling Supervisor,Environmental Science,Level 5,https://www.nqr.gov.in/qualifications/10177
10178,QG-05-AG-01396-2023-V1-CUTM,Milk Testing Facility Supervisor,Food Industry/Food Processing,Level 5,https://www.nqr.gov.in/qualifications/10178
10187,QG-01-MG-01864-2024-V1.1-SCMS,Kamgar (Mining),Mining,Level 1,https://www.nqr.gov.in/qualifications/10187
10189,QG-04-ES-00912-2023-V1-SCGJ & version 1,Bio-Energy Micro Entrepreneur,Environmental Science,Level 4,https://www.nqr.gov.in/qualifications/10189
10193,NM-04-AG-01757-2024-V1-ASCI & Version 1.0,Basics of Agri Commodity Market,Agriculture,Level 4,https://www.nqr.gov.in/qualifications/10193
10194,NM-04-AG-01758-2024-V1-ASCI & Version 1.0,Price Risk Management in Agri Commodities for FPO,Agriculture,Level 4,https://www.nqr.gov.in/qualifications/10194
10196,NM-3-AG-01759-2024-V1-ASCI & Version 1.0,Quality and Price Risk Management of Agro Commodities for Farmers,Agriculture,Level 3,https://www.nqr.gov.in/qualifications/10196
10197,QG-4.5-AU-00630-2023-V1-IACE,JUNIOR TYRE SPECIALIST,Automotive,Level 4.5,https://www.nqr.gov.in/qualifications/10197
10198,QG-06-EH-00567-2023-V2-NIELIT & Version 2,Embedded Software Engineer,Electronics & HW,Level 6,https://www.nqr.gov.in/qualifications/10198
10199,QG-2.5-PS-00996-2023-V1-MEPSC,Guard – Cash Logistics,Oﬃce Administration & Facility Management,Level 2.5,https://www.nqr.gov.in/qualifications/10199
10200,QG-2.5-AP-01868-2024-V1.1-AMHSSC,Self Employed Tailor,Apparel,Level 2.5,https://www.nqr.gov.in/qualifications/10200
10207,NG-05-IT-01718-2023-V1-HCL,Data Engineering with Analytics and Visualization,IT-ITeS,Level 5,https://www.nqr.gov.in/qualifications/10207
10208,NG-05-IT-01717-2023-V1-HCL,Full Stack Java Development with AI,IT-ITeS,Level 5,https://www.nqr.gov.in/qualifications/10208
10209,NG-4.5-IT-01716-2023-V1-HCL,Java Web Development with AI,IT-ITeS,Level 4.5,https://www.nqr.gov.in/qualifications/10209
10224,QG-3.5-HY-01365-2023-V1-HSSCI,Assistant Lab Technician – Green Hydrogen,Hydrocarbon,Level 3.5,https://www.nqr.gov.in/qualifications/10224
10231,QG-04-HY-01369-2023-V1-HSSCI,Executive Finance – Oil & Gas,Hydrocarbon,Level 4,https://www.nqr.gov.in/qualifications/10231
10232,QG-04-HY-01368-2023-V1-HSSCI,Executive HR – Oil & Gas,Hydrocarbon,Level 4,https://www.nqr.gov.in/qualifications/10232
10233,NM-3.5-HY-01421-2023-V1-HSSCI,Fundamentals of Disaster Management – Oil & Gas,Hydrocarbon,Level 3.5,https://www.nqr.gov.in/qualifications/10233
10234,QG-4.5-HY-01363-2023-V1-HSSCI,Green Hydrogen Assistant Plant Supervisor,Hydrocarbon,Level 4.5,https://www.nqr.gov.in/qualifications/10234
10236,QG-03-AG-00515-2024-V2-ASCI & Version 2,Kisan Drone Operator,Agriculture,Level 3,https://www.nqr.gov.in/qualifications/10236
10239,QG-05-HY-01364-2023-V1-HSSCI,Green Hydrogen Plant Supervisor,Hydrocarbon,Level 5,https://www.nqr.gov.in/qualifications/10239
10240,QG-3.5-HY-01366-2023-V1-HSSCI,Green Hydrogen Storage Assistant Technician,Hydrocarbon,Level 3.5,https://www.nqr.gov.in/qualifications/10240
10250,QG-03-MG-02025-2024-V1-SCMS,Grader Machine Operator,Mining,Level 3,https://www.nqr.gov.in/qualifications/10250
10254,NG-04-ES-02095-2024-V1-SCGJ,Green Logistics Practices,Environmental Science,Level 4,https://www.nqr.gov.in/qualifications/10254
10258,QG-5.5-TW-02038-2024-V1-LSSC & 1.0,Multimodal Transport Planner,"Transportation, Logistics & Warehousing",Level 5.5,https://www.nqr.gov.in/qualifications/10258
10259,QG-2.5-IS-02026-2024-V1-IISSSC,Suraksha Saathi,Iron & Steel,Level 2.5,https://www.nqr.gov.in/qualifications/10259
10265,NG-01-HE-02090-2024-V1-HSSC,Basic Health and Wellness Skills (middle school),Healthcare,Level 1,https://www.nqr.gov.in/qualifications/10265
10268,QG-4.5-MG-02175-2024-V1-SCMS,Electrician (Mineral Sands),Mining,Level 4.5,https://www.nqr.gov.in/qualifications/10268
10269,NG-2.5-HE-02091-2024-V1-HSSC,Basic Health and Wellness Skills (Secondary school),Healthcare,Level 2.5,https://www.nqr.gov.in/qualifications/10269
10270,QG-4.5-MG-02176-2024-V1-SCMS,Instrumentation Technician (Mineral Sands),Mining,Level 4.5,https://www.nqr.gov.in/qualifications/10270
10271,QG-03-MG-02171-2024-V1-SCMS,Mechanic -Fitter (Mineral Sands),Mining,Level 3,https://www.nqr.gov.in/qualifications/10271
10272,NG-3.5-HE-02092-2024-V1-HSSC,Basic Health and Wellness Skills (Sr. Secondary school),Healthcare,Level 3.5,https://www.nqr.gov.in/qualifications/10272
10273,NM-03-HE-02102-2024-V1-HSSC,Basic Infection Control at Healthcare Setup,Healthcare,Level 3,https://www.nqr.gov.in/qualifications/10273
10274,QG-04-MG-02172-2024-V1-SCMS,Dredge and Ore Processing Operator,Mining,Level 4,https://www.nqr.gov.in/qualifications/10274
10276,QG-04-MG-02173-2024-V1-SCMS,Mineral Processing Technician,Mining,Level 4,https://www.nqr.gov.in/qualifications/10276
10277,QG-5.5-MG-02177-2024-V1-SCMS,Mining Supervisor (Mineral Sands),Mining,Level 5.5,https://www.nqr.gov.in/qualifications/10277
10278,QG-04-MG-02174-2024-V1-SCMS,Rare Earths Extraction Plant Operator,Mining,Level 4,https://www.nqr.gov.in/qualifications/10278
10280,NM-2.5-HE-02103-2024-V1-HSSC,First Aid Care,Healthcare,Level 2.5,https://www.nqr.gov.in/qualifications/10280
10281,QG-03-HE-01989-2024-V2-HSSC,"Frontline Health Caregiving Assistant (Elective 1: Home Care, Elective 2: General Hospital Care, Elective 3: Critical Hospital Care)",Healthcare,Level 3,https://www.nqr.gov.in/qualifications/10281
10282,QG-04-HE-01990-2024-V2-HSSC,"Frontline Health Caregiving Associate (Elective 1: Emergency Care, Elective 2: Sample Collection, Elective 3: Medical Equipment Care)",Healthcare,Level 4,https://www.nqr.gov.in/qualifications/10282
10284,QG-05-SP-02037-2024-V1-SPEFLSC,Unarmed Self-Defense Instructor,"Sports, Physical Education, Fitness & Leisure",Level 5,https://www.nqr.gov.in/qualifications/10284
10289,QG-2.5-HC-01720-2023-V1.1-HCSSC,Assistant Glass Toy Maker - Artisan,Handicrafts & Carpets,Level 2.5,https://www.nqr.gov.in/qualifications/10289
10290,QC-04-CO-02087-2024-V1-SSDF,Ergonomics Safety Steward,Construction,Level 4,https://www.nqr.gov.in/qualifications/10290
10296,QG-03-BW-02034-2024-V1-BWSSC11123,Soap Maker (Handmade),Beauty & Wellness,Level 3,https://www.nqr.gov.in/qualifications/10296
10297,NG-2.5-BW-02096-2024-V1-BWSSC,Foundation Course In Wellness Nutrition,Beauty & Wellness,Level 2.5,https://www.nqr.gov.in/qualifications/10297
10301,QG-05-AG-01980-2024-V1-CUTM,Agri Value Addition Consultant,Agriculture,Level 5,https://www.nqr.gov.in/qualifications/10301
10306,QG-05-AG-01978-2024-V1-CUTM,Crop and plant Supervisor,Agriculture,Level 5,https://www.nqr.gov.in/qualifications/10306
10309,QC-05-CO-02088-2024-V1-SSDF,INSPECTOR (ADVANCE SCAFFOLD),Construction,Level 5,https://www.nqr.gov.in/qualifications/10309
10310,QC-06-CO-02086-2024-V1-SSDF,Manager (OSHE),Construction,Level 6,https://www.nqr.gov.in/qualifications/10310
10311,QC-05-CO-02084-2024-V1-SSDF,SAFETY AUDITOR,Construction,Level 5,https://www.nqr.gov.in/qualifications/10311
10313,QC-05-CO-02083-2024-V1-SSDF,Safety Executive (OSHE),Construction,Level 5,https://www.nqr.gov.in/qualifications/10313
10314,QG-05-AG-01979-2024-V1-CUTM,Post harvest Commodity Test and Storage Supervisor,Agriculture,Level 5,https://www.nqr.gov.in/qualifications/10314
10315,QC-5.5-CO-02085-2024-V1-SSDF,Safety Inspector (OSHE),Construction,Level 5.5,https://www.nqr.gov.in/qualifications/10315
10316,QG-05-CG-01974-2024-V1-CUTM,Reverse Engineering and Additive Manufacturing QA Supervisor,Capital Goods & Manufacturing,Level 5,https://www.nqr.gov.in/qualifications/10316
10319,QC-04-CO-02081-2024-V1-SSDF,Safety Steward,Construction,Level 4,https://www.nqr.gov.in/qualifications/10319
10321,QC-4.5-CO-02082-2024-V1-SSDF,SAFETY SUPERVISOR (OSHE),Construction,Level 4.5,https://www.nqr.gov.in/qualifications/10321
10323,QC-2.5-CO-02089-2024-V1-SSDF,TRAFFIC SAFETY MARSHAL,Construction,Level 2.5,https://www.nqr.gov.in/qualifications/10323
10324,QG-06-CG-01977-2024-V1-CUTM,Plastic Mold Design and Manufacturing Engineer,Capital Goods & Manufacturing,Level 6,https://www.nqr.gov.in/qualifications/10324
10329,QG-05-CG-01975-2024-V1-CUTM,CNC Turning Programmer,Capital Goods & Manufacturing,Level 5,https://www.nqr.gov.in/qualifications/10329
10331,QG-05-CG-01976-2024-V1-CUTM,CNC Milling Programmer,Capital Goods & Manufacturing,Level 5,https://www.nqr.gov.in/qualifications/10331
10336,NG-04-IT-02099-2024-V1-NASSCOM,Python developer,IT-ITeS,Level 4,https://www.nqr.gov.in/qualifications/10336
10343,QG-05-SP-02036-2024-V1-SPEFLSC,Community Sports Coach,"Sports, Physical Education, Fitness & Leisure",Level 5,https://www.nqr.gov.in/qualifications/10343
10347,QG-2.5-AP-01870-2024-V1.1-AMHSSC,Washing Machine Operator,Apparel,Level 2.5,https://www.nqr.gov.in/qualifications/10347
10357,QG-05-TL-01993-2024-V1-TSSC,SATCOM Operation Technician,Telecom,Level 5,https://www.nqr.gov.in/qualifications/10357
10364,QG-2.5-AP-01869-2024-V1.1-AMHSSC,Finisher and Packer,Apparel,Level 2.5,https://www.nqr.gov.in/qualifications/10364
10383,QG-3.5-PU-00566-2023-V1-NIOS,Drinking Water Purifier Technician,Plumbing,Level 3.5,https://www.nqr.gov.in/qualifications/10383
10401,QG-3.5-HY-01367-2023-V1-HSSCI,Secretarial Office Assistant – Oil & Gas,Hydrocarbon,Level 3.5,https://www.nqr.gov.in/qualifications/10401
10409,QG-3.5-ES-00769-2023-V1-HSSCI & Version-1.0,Compressed Bio Gas Plant Operator,Hydrocarbon,Level 3.5,https://www.nqr.gov.in/qualifications/10409
10412,QG-4.5-ES-00768-2023-V1-HSSCI & Version-1.0,Green Hydrogen Plant Operator,Hydrocarbon,Level 4.5,https://www.nqr.gov.in/qualifications/10412
10418,NG-03-ES-00770-2023-V1-HSSCI & Version-1.0,Conduct Electric Vehicle Charging & Battery Swapping activities at Retail Outlet (Fuel Station),Hydrocarbon,Level 3,https://www.nqr.gov.in/qualifications/10418
10421,"QG-02-AP-01865-2024-V1.1-AMHSSC , Version 4.0",Hand Embroiderer (Addawala),Apparel,Level 2,https://www.nqr.gov.in/qualifications/10421
10422,"QG-2.5-AP-01866-2024-V1.1-AMHSSC, Version 4.0",Sewing Machine Operator,Apparel,Level 2.5,https://www.nqr.gov.in/qualifications/10422
10423,"QG-2.5-AP-01867-2024-V1.1-AMHSSC , Version 4.0",Sewing Machine Operator-Knits,Apparel,Level 2.5,https://www.nqr.gov.in/qualifications/10423
10424,QG-3.5-AP-01871-2024-V1.1-AMHSSC Version 4.0,Specialized Sewing Machine Operator,Apparel,Level 3.5,https://www.nqr.gov.in/qualifications/10424
10433,QG-5.5-TH-01028-2023-V1-MSU,Sustainable Tourism Manager,Tourism & Hospitality,Level 5.5,https://www.nqr.gov.in/qualifications/10433
10438,QG-05-ET-01981-2024-V1-MSU,Vedic Mathematics Trainer,,Level 5,https://www.nqr.gov.in/qualifications/10438
10439,QG-5.5-TW-01982-2024-V1-MSU,Last Mile Delivery Supervisor,"Transportation, Logistics & Warehousing",Level 5.5,https://www.nqr.gov.in/qualifications/10439
10440,NM-05-OR-02108-2024-V1-MSU,Basics of Luxury Brand Management,Retail,Level 5,https://www.nqr.gov.in/qualifications/10440
10441,NM-4.5-OR-02107-2024-V1-MSU,Retail Services – Luxury Segment,Retail,Level 4.5,https://www.nqr.gov.in/qualifications/10441
10448,"QG-02-AP-01760-2024-V1.1-AMHSSC, Version 3.0",Layerman,Apparel,Level 2,https://www.nqr.gov.in/qualifications/10448
10454,QG-04-RI-02035-2024-V1-RSDC,Operator-Plastic Products Making (Plastic Toy/ Ball Pen),Rubber Industry,Level 4,https://www.nqr.gov.in/qualifications/10454
10457,QG-03-EH-01966-2024-V1-NIELIT,Biomedical Equipment Maintenance Assistant,Electronics & HW,Level 3,https://www.nqr.gov.in/qualifications/10457
10478,QG-04-TL-01994-2024-V1-TSSC,In-Building Wireless Solution (IBS) Technician,Telecom,Level 4,https://www.nqr.gov.in/qualifications/10478
10479,QG-03-TL-01995-2024-V1-TSSC,Dron-o-Grapher,Telecom,Level 3,https://www.nqr.gov.in/qualifications/10479
10481,QG-03-TL-01996-2024-V1-TSSC,Telecom Electrician (Basic),Telecom,Level 3,https://www.nqr.gov.in/qualifications/10481
10482,QG-04-TL-01997-2024-V1-TSSC,Telecom Electrician (Advanced),Telecom,Level 4,https://www.nqr.gov.in/qualifications/10482
10487,QG-06-HY-02187-2024-V1-HSSCI & V-1.0,Law Officer (Energy Sector),Hydrocarbon,Level 6,https://www.nqr.gov.in/qualifications/10487
10488,QG-4.5-HY-02188-2024-V1-HSSCI,Petrochemical Plant Operator – Production,Hydrocarbon,Level 4.5,https://www.nqr.gov.in/qualifications/10488
10489,NM-03-HY-02246-2024-V1-HSSCI & V-1.0,Concepts of Green Hydrogen,Hydrocarbon,Level 3,https://www.nqr.gov.in/qualifications/10489
10490,NM-05-HY-02245-2024-V1-HSSCI & V-1.0,Emergency Communication Practices (Energy Sector),Hydrocarbon,Level 5,https://www.nqr.gov.in/qualifications/10490
10491,NM-04-HY-02248-2024-V1-HSSCI & V-1.0,Fundamentals of Green Hydrogen Storage & Transportation,Hydrocarbon,Level 4,https://www.nqr.gov.in/qualifications/10491
10492,NM-04-HY-02250-2024-V1-HSSCI & V-1.0,Green Hydrogen Pipeline Operations,Hydrocarbon,Level 4,https://www.nqr.gov.in/qualifications/10492
10493,NM-06-HY-02247-2024-V1-HSSCI & V-1.0,Green Hydrogen Refueling Station Design,Hydrocarbon,Level 6,https://www.nqr.gov.in/qualifications/10493
10494,NM-04-HY-02249-2024-V1-HSSCI & V-1.0,Green Hydrogen Vehicle Maintenance,Hydrocarbon,Level 4,https://www.nqr.gov.in/qualifications/10494
10495,NM-03-HY-02251-2024-V1-HSSCI & V-1.0,Station Operations: Green Hydrogen Fueling,Hydrocarbon,Level 3,https://www.nqr.gov.in/qualifications/10495
10514,QG-3.5-BF-02169-2024-V1-CII,Sales Executive (Banking & Finance),BFSI,Level 3.5,https://www.nqr.gov.in/qualifications/10514
10539,NM-2.5-HE-02101-2024-V1-HSSC,Basic Sanitization and Infection Control at Workplace,Healthcare,Level 2.5,https://www.nqr.gov.in/qualifications/10539
10543,NM-04-HE-02104-2024-V1-HSSC,Basic Cardiopulmonary Life Support,Healthcare,Level 4,https://www.nqr.gov.in/qualifications/10543
10559,QG-03-EH-01992-2024-V1-ESSC,Assistant Robotics Technician (Introduction) World Skills,Electronics & HW,Level 3,https://www.nqr.gov.in/qualifications/10559
10559,QG-03-EH-01992-2024-V1-TSSC,Assistant Robotics Technician (Introduction),Electronics & HW,Level 3,https://www.nqr.gov.in/qualifications/10559
10564,NG-05-EH-02093-2024-V1-ESSC,Industrial safety for semiconductor manufacturing - Electrical,Electronics & HW,Level 5,https://www.nqr.gov.in/qualifications/10564
10571,NG-05-EH-02094-2024-V1-ESSC,Industrial safety for semiconductor manufacturing - Hazchem,Electronics & HW,Level 5,https://www.nqr.gov.in/qualifications/10571
10572,QG-5.5-EH-01991-2024-V1-TSSC,Junior Engineer Drone (R & D),Electronics & HW,Level 5.5,https://www.nqr.gov.in/qualifications/10572
10579,QG-5.5-TH-02004-2024-V1-THSC,Sous Chef,Tourism & Hospitality,Level 5.5,https://www.nqr.gov.in/qualifications/10579
10580,QG-5.5-TH-02010-2024-V1-THSC,Restaurant Manager,Tourism & Hospitality,Level 5.5,https://www.nqr.gov.in/qualifications/10580
10581,QG-5.5-TH-02016-2024-V1-THSC,Revenue Manager,Tourism & Hospitality,Level 5.5,https://www.nqr.gov.in/qualifications/10581
10582,QG-3.5-TH-02000-2024-V1-THSC,Kitchen Stewarding Shift Incharge,Tourism & Hospitality,Level 3.5,https://www.nqr.gov.in/qualifications/10582
10583,QG-03-TH-01999-2024-V1-THSC,Kitchen Trainee,Tourism & Hospitality,Level 3,https://www.nqr.gov.in/qualifications/10583
10584,QG-05-TH-02021-2024-V1-THSC,Laundry Supervisor,Tourism & Hospitality,Level 5,https://www.nqr.gov.in/qualifications/10584
10587,QG-05-TH-02009-2024-V1-THSC,Restaurant Captain,Tourism & Hospitality,Level 5,https://www.nqr.gov.in/qualifications/10587
10590,QG-03-TH-02018-2024-V1-THSC,Housekeeping Assistant,Tourism & Hospitality,Level 3,https://www.nqr.gov.in/qualifications/10590
10601,NG-03-IT-02100-2024-V1-NASSCOM,Cloud essentials,IT-ITeS,Level 3,https://www.nqr.gov.in/qualifications/10601
10603,QG-3.5-AU-01360-2023-V1-ASDC,Machining and Assembly Technician,Automotive,Level 3.5,https://www.nqr.gov.in/qualifications/10603
10604,QG-04-AU-01361-2023-V1-ASDC,Fabrication and Service Technician,Automotive,Level 4,https://www.nqr.gov.in/qualifications/10604
10605,QG-4.5-AU-01362-2023-V1-ASDC,Manufacturing and Mechatronics Lead Technician,Automotive,Level 4.5,https://www.nqr.gov.in/qualifications/10605
10612,QG-4.5-TW-01971-2024-V1-TNSDC,Junior Supervisor - IoT Application (Supply Chain),"Transportation, Logistics & Warehousing",Level 4.5,https://www.nqr.gov.in/qualifications/10612
10613,NG-5.5-AU-02228-2024-V1-ASDC,Advanced Course in Data Analysis (Manufacturing),Automotive,Level 5.5,https://www.nqr.gov.in/qualifications/10613
10614,NG-5.5-AU-02227-2024-V1-ASDC,Foundation course in Data Analysis (Manufacturing),Automotive,Level 5.5,https://www.nqr.gov.in/qualifications/10614
10615,NG-5.5-AU-02233-2024-V1-ASDC,Foundation course in Flex Fuel Engine Design,Automotive,Level 5.5,https://www.nqr.gov.in/qualifications/10615
10616,NG-5.5-AU-02234-2024-V1-ASDC,Fundamentals of Automotive Functional Safety Design,Automotive,Level 5.5,https://www.nqr.gov.in/qualifications/10616
10617,NG-5.5-AU-02225-2024-V1-ASDC,Fundamentals of Connected Vehicle (V2X) Technology,Automotive,Level 5.5,https://www.nqr.gov.in/qualifications/10617
10618,NG-5.5-AU-02231-2024-V1-ASDC,Fundamentals of Electric Vehicle Battery Pack Design,Automotive,Level 5.5,https://www.nqr.gov.in/qualifications/10618
10619,NG-5.5-AU-02232-2024-V1-ASDC,Fundamentals of Electric Vehicle Powertrain Design,Automotive,Level 5.5,https://www.nqr.gov.in/qualifications/10619
10620,NG-5.5-AU-02226-2024-V1-ASDC,Fundamentals of Low Cost Automation in Manufacturing Process,Automotive,Level 5.5,https://www.nqr.gov.in/qualifications/10620
10621,NG-5.5-AU-02230-2024-V1-ASDC,IIOT Application in Cyber Security (Manufacturing),Automotive,Level 5.5,https://www.nqr.gov.in/qualifications/10621
10622,NG-5.5-AU-02229-2024-V1-ASDC,IIOT Application in Predictive Maintenance (Manufacturing),Automotive,Level 5.5,https://www.nqr.gov.in/qualifications/10622
10623,QG-02-AG-01000-2023-V1-ASCI & Version 1.0,Mushroom Grower (Small Unit),Agriculture,Level 2,https://www.nqr.gov.in/qualifications/10623
10624,QG-02-AG-01001-2023-V1-ASCI & Version 1.0,Honey bee Farmer (Small Unit),Agriculture,Level 2,https://www.nqr.gov.in/qualifications/10624
10625,QG-02-AG-01004-2023-V1-ASCI,Garden-Keeper,Agriculture,Level 2,https://www.nqr.gov.in/qualifications/10625
10633,QG-4.5-AU-01822-2024-V1-ASDC,Additive Manufacturing,Automotive,Level 4.5,https://www.nqr.gov.in/qualifications/10633
10634,QG-02-TH-01998-2024-V1-THSC,Kitchen Steward,Tourism & Hospitality,Level 2,https://www.nqr.gov.in/qualifications/10634
10635,QG-4.5-AU-01831-2024-V1-ASDC,Autobody Repair,Automotive,Level 4.5,https://www.nqr.gov.in/qualifications/10635
10636,QG-5.5-TH-02022-2024-V1-THSC,Housekeeping Manager,Tourism & Hospitality,Level 5.5,https://www.nqr.gov.in/qualifications/10636
10637,QG-4.5-AU-01821-2024-V1-ASDC,Manufacturing Team Challenge,Automotive,Level 4.5,https://www.nqr.gov.in/qualifications/10637
10638,QG-4.5-AU-01832-2024-V1-ASDC,Automobile Technology,Automotive,Level 4.5,https://www.nqr.gov.in/qualifications/10638
10639,QG-4.5-AU-01833-2024-V1-ASDC,Car Painting,Automotive,Level 4.5,https://www.nqr.gov.in/qualifications/10639
10640,QG-4.5-AU-01813-2024-V1-ASDC,Industrial Control,Automotive,Level 4.5,https://www.nqr.gov.in/qualifications/10640
10641,QG-4.5-AU-01820-2024-V1-ASDC,Industry 4.0,Automotive,Level 4.5,https://www.nqr.gov.in/qualifications/10641
10642,QG-4.5-AU-01819-2024-V1-ASDC,Robot Systems Integration,Automotive,Level 4.5,https://www.nqr.gov.in/qualifications/10642
10643,QG-4.5-AU-01811-2024-V1-ASDC,Welding,Automotive,Level 4.5,https://www.nqr.gov.in/qualifications/10643
10647,QG-4.5-TH-02020-2024-V1-THSC,Guest Service Executive (Housekeeping),Tourism & Hospitality,Level 4.5,https://www.nqr.gov.in/qualifications/10647
10650,QG-4.5-TH-02014-2024-V1-THSC,Guest Service Executive (Front Office),Tourism & Hospitality,Level 4.5,https://www.nqr.gov.in/qualifications/10650
10652,QG-4.5-CG-01809-2024-V1-CGSCCGSC,CNC Turning,Capital Goods & Manufacturing,Level 4.5,https://www.nqr.gov.in/qualifications/10652
10655,QG-4.5-GJ-01795-2024-V1-GJSCI,Jewellery_Version 1.0,Gem & Jewellery,Level 4.5,https://www.nqr.gov.in/qualifications/10655
10657,QG-4.5-ME-01841-2024-V1-MESC,Technical Artist – AR/VR,Media & Entertainment,Level 4.5,https://www.nqr.gov.in/qualifications/10657
10658,QG-4.5-HE-01828-2024-V1-HSSC,India Skills- National (Health & Social Care),Healthcare,Level 4.5,https://www.nqr.gov.in/qualifications/10658
10660,QG-4.5-LS-01815-2024-V1-LSSSC,Chemical Laboratory Technology,Life Sciences,Level 4.5,https://www.nqr.gov.in/qualifications/10660
10664,QG-4.5-OR-01799-2024-V1-RASCI,Visual Merchandising for IndiaSkills/ WorldSkills Competition,,Level 4.5,https://www.nqr.gov.in/qualifications/10664
10665,QG-4.5-TH-01827-2024-V1-THSSC,Restaurant Service (WorldSkills),Tourism & Hospitality,Level 4.5,https://www.nqr.gov.in/qualifications/10665
10666,QG-4.5-TH-01825-2024-V1-THSSC,Pâtisserie and Confectionery (WORLS SKILLS),Tourism & Hospitality,Level 4.5,https://www.nqr.gov.in/qualifications/10666
10667,QG-4.5-TH-01830-2024-V1-THSSC,Hotel Reception (WorldSkills),Tourism & Hospitality,Level 4.5,https://www.nqr.gov.in/qualifications/10667
10670,QG-4.5-TH-01826-2024-V1-THSSC,Cooking (WORLD SKILLS),Tourism & Hospitality,Level 4.5,https://www.nqr.gov.in/qualifications/10670
10671,QG-4.5-TH-01829-2024-V1-THSSC,Bakery (WorldSkills),Tourism & Hospitality,Level 4.5,https://www.nqr.gov.in/qualifications/10671
10672,QG-4.5-CO-01786-2024-V1-CSDCI,Bricklaying (WorldSkills),Construction,Level 4.5,https://www.nqr.gov.in/qualifications/10672
10673,QG-4.5-AG-01796-2024-V1-ASCI & Version 1.0,Floristry,Agriculture,Level 4.5,https://www.nqr.gov.in/qualifications/10673
10674,QG-4.5-CO-01793-2024-V1-CSDCI,Concrete Construction Work (WorldSkills),Construction,Level 4.5,https://www.nqr.gov.in/qualifications/10674
10675,"QG-4.5-CO-01794-2024-V1-CSDCI, v 1.0",Digital Construction (WorldSkills),Construction,Level 4.5,https://www.nqr.gov.in/qualifications/10675
10676,QG-4.5-CO-01788-2024-V1-CSDCI,Painting and Decorating (WorldSkills),Construction,Level 4.5,https://www.nqr.gov.in/qualifications/10676
10677,QG-4.5-CO-01787-2024-V1-CSDCI,Plastering and Drywall Systems (WorldSkills),Construction,Level 4.5,https://www.nqr.gov.in/qualifications/10677
10678,QG-4.5-CO-01783-2024-V1-CSDCI,Wall and Floor Tiling (WorldSkills),Construction,Level 4.5,https://www.nqr.gov.in/qualifications/10678
10680,QG-4.5-TW-01834-2024-V1-LSSC,Logistics and Freight Forwarding,"Transportation, Logistics & Warehousing",Level 4.5,https://www.nqr.gov.in/qualifications/10680
10683,QG-4.5-CG-01808-2024-V1-CGSC,Mechanical Engineering CAD,Capital Goods & Manufacturing,Level 4.5,https://www.nqr.gov.in/qualifications/10683
10685,QG-4.5-CG-01810-2024-V1-CGSC,CNC Milling,Capital Goods & Manufacturing,Level 4.5,https://www.nqr.gov.in/qualifications/10685
10689,NG-03-CG-02323-2024-V1-CGSC,Armourer (Advanced),Capital Goods & Manufacturing,Level 3,https://www.nqr.gov.in/qualifications/10689
10690,NG-03-WC-02327-2024-V1-FFSC,Boat Maker (Advance),Wood & Carpentry,Level 4,https://www.nqr.gov.in/qualifications/10690
10691,NG-03-BW-02326-2024-V1-BWSSC,Assistant Barber – Salon Services (Advance),Beauty & Wellness,Level 3,https://www.nqr.gov.in/qualifications/10691
10692,NG-03-WC-02328-2024-V1-FFSC,Carpenter (Advance),Wood & Carpentry,Level 3,https://www.nqr.gov.in/qualifications/10692
10693,NG-03-HC-02329-2024-V1-HCSSC,Creative Basket Maker (Advance),Handicrafts & Carpets,Level 3,https://www.nqr.gov.in/qualifications/10693
10694,NG-03-BW-02325-2024-V1-BWSSC,Assistant Hair Dresser – Salon Services (Advance),Beauty & Wellness,Level 3,https://www.nqr.gov.in/qualifications/10694
10695,NG-03-CG-02324-2024-V1-CGSC,Blacksmith (Advance),Capital Goods & Manufacturing,Level 3,https://www.nqr.gov.in/qualifications/10695
10696,NG-03-CG-02339-2024-V1-CGSC,Hammer and Toolkit Maker,Capital Goods & Manufacturing,Level 3,https://www.nqr.gov.in/qualifications/10696
10697,NG-03-CG-02341-2024-V1-CGSC,Locksmith,Capital Goods & Manufacturing,Level 3,https://www.nqr.gov.in/qualifications/10697
10698,NG-03-LT-02347-2024-V1-LSSC,Shoesmiths (Cobbler) – Advanced Training,Leather,Level 3,https://www.nqr.gov.in/qualifications/10698
10699,NG-03-CO-02343-2024-V1-CSDCI,Brick Mason (Advance),Construction,Level 3,https://www.nqr.gov.in/qualifications/10699
10700,NG-03-CO-02344-2024-V1-CSDCI,Concrete Mason - Advanced,Construction,Level 3,https://www.nqr.gov.in/qualifications/10700
10701,NG-03-CO-02345-2024-V1-CSDCI,Plaster Mason - Advanced,Construction,Level 3,https://www.nqr.gov.in/qualifications/10701
10702,NG-03-CO-02346-2024-V1-CSDCI,Tile Mason - Advanced,Construction,Level 3,https://www.nqr.gov.in/qualifications/10702
10703,NG-03-HC-02330-2024-V1-HCSSC,Creative Broom Maker (Advance),Handicrafts & Carpets,Level 3,https://www.nqr.gov.in/qualifications/10703
10704,NG-03-HC-02331-2024-V1-HCSSC,Creative Coir Weaver,Handicrafts & Carpets,Level 3,https://www.nqr.gov.in/qualifications/10704
10705,NG-03-HC-02332-2024-V1-HCSSC,Creative Glass Toy Maker (Advance),Handicrafts & Carpets,Level 3,https://www.nqr.gov.in/qualifications/10705
10706,NG-03-HC-02334-2024-V1-HCSSC,Creative Leather Toy Maker (Advance),Handicrafts & Carpets,Level 3,https://www.nqr.gov.in/qualifications/10706
10707,NG-03-HC-02336-2024-V1-HCSSC,Creative Malakar,Handicrafts & Carpets,Level 3,https://www.nqr.gov.in/qualifications/10707
10708,NG-03-HC-02337-2024-V1-HCSSC,Creative Mat Weaver,Handicrafts & Carpets,Level 3,https://www.nqr.gov.in/qualifications/10708
10709,NG-03-HC-02333-2024-V1-HCSSC,Creative Soft Toy Maker (Advance),Handicrafts & Carpets,Level 3,https://www.nqr.gov.in/qualifications/10709
10710,NG-03-HC-02335-2024-V1-HCSSC,Creative Wooden toy maker (Advance),Handicrafts & Carpets,Level 3,https://www.nqr.gov.in/qualifications/10710
10712,NG-03-AG-02348-2024-V1-ASCI,Fishing Net Maker-Advance,Agriculture,Level 3,https://www.nqr.gov.in/qualifications/10712
10713,NG-03-GJ-02342-2024-V1-GJSCI,Goldsmith (Sunar)- Advance,Gem & Jewellery,Level 3,https://www.nqr.gov.in/qualifications/10713
10714,NG-03-TH-02340-2024-V1-THSC,Laundry Associate,Tourism & Hospitality,Level 3,https://www.nqr.gov.in/qualifications/10714
10715,NG-03-HC-02321-2024-V1-HCSSC,Advanced Potter (Kumhar) including traditional ceramics and terracotta product maker,Handicrafts & Carpets,Level 3,https://www.nqr.gov.in/qualifications/10715
10716,NG-03-HC-02322-2024-V1-HCSSC,Sculptor and Stone Artist (Moortikar)- Advance,Handicrafts & Carpets,Level 3,https://www.nqr.gov.in/qualifications/10716
10717,NG-03-AP-02338-2024-V1-AMHSSC,Darzi - Advanced,Apparel,Level 3,https://www.nqr.gov.in/qualifications/10717
10718,QG-4.5-BW-01824-2024-V1-BWSSC,Beauty Therapy (World Skills),Beauty & Wellness,Level 4.5,https://www.nqr.gov.in/qualifications/10718
10719,QG-4.5-BW-01823-2024-V1-BWSSC,Hairdressing (World Skills),Beauty & Wellness,Level 4.5,https://www.nqr.gov.in/qualifications/10719
10720,QG-03-EH-01992-2024-V1-ESSC,Assistant Robotics Technician (Introduction) World Skills,Electronics & HW,Level 3,https://www.nqr.gov.in/qualifications/10720
10721,QG-4.5-IT-01806-2024-V1-NASSCOM,Mobile Application Development,IT-ITeS,Level 4.5,https://www.nqr.gov.in/qualifications/10721
10722,QG-4.5-IT-01802-2024-V1-NASSCOM,IT Software Solutions for Business,IT-ITeS,Level 4.5,https://www.nqr.gov.in/qualifications/10722
10723,QG-4.5-IT-01805-2024-V1-NASSCOM,Cybersecurity,IT-ITeS,Level 4.5,https://www.nqr.gov.in/qualifications/10723
10724,QG-4.5-IT-01803-2024-V1-NASSCOM,Web Technologies,IT-ITeS,Level 4.5,https://www.nqr.gov.in/qualifications/10724
10725,QG-4.5-IT-01804-2024-V1-NASSCOM,Cloud Computing,IT-ITeS,Level 4.5,https://www.nqr.gov.in/qualifications/10725
10726,QG-4.5-ES-01816-2024-V1-SCGJ & version 1,Water Technology,Environmental Science,Level 4.5,https://www.nqr.gov.in/qualifications/10726
10727,QG-4.5-ES-01818-2024-V1-SCGJ & version 1,Renewable Energy,Environmental Science,Level 4.5,https://www.nqr.gov.in/qualifications/10727
10728,QG-4.5-ME-01800-2024-V1-MESC V1.0,3D Digital Game Art,Media & Entertainment,Level 4.5,https://www.nqr.gov.in/qualifications/10728
10729,QG-4.5-ME-01841-2024-V1-MESC,Technical Artist – AR/VR,Media & Entertainment,Level 4.5,https://www.nqr.gov.in/qualifications/10729
10732,QG-4.5-ME-01842-2024-V1-MESC,Drone Film making,Media & Entertainment,Level 4.5,https://www.nqr.gov.in/qualifications/10732
10733,QG-4.5-ME-01798-2024-V1-MESC V1.0,Graphic Design Technology,Media & Entertainment,Level 4.5,https://www.nqr.gov.in/qualifications/10733
10736,QG-4.5-ME-01817-2024-V1-MESC,Industrial Design Technology,Media & Entertainment,Level 4.5,https://www.nqr.gov.in/qualifications/10736
10739,QG-4.5-BW-01838-2024-V1-BWSSC,Yoga (India Skills),Beauty & Wellness,Level 4.5,https://www.nqr.gov.in/qualifications/10739
10740,QG-04-AG-01972-2024-V1-ASAP,Hydroponics Producer,Agriculture,Level 4,https://www.nqr.gov.in/qualifications/10740
10741,QG-03-PW-02422-2024-V1-MSME,Assistant Electrician (Domestic cum Industrial),Power,Level 3,https://www.nqr.gov.in/qualifications/10741
10742,QG-2.5-CG-02397-2024-V1-MSME,ASST. OPERATOR - CONVENTIONAL MACHINES,Capital Goods & Manufacturing,Level 2.5,https://www.nqr.gov.in/qualifications/10742
10743,QG-02-AG-01009-2023-V1-ASCI & Version 1.0,Silkworm Rearer,Agriculture,Level 2,https://www.nqr.gov.in/qualifications/10743
10746,QG-4.5-CG-02403-2024-V1-MSME,CNC PROGRAMMER -TOOL ROOM,Capital Goods & Manufacturing,Level 4.5,https://www.nqr.gov.in/qualifications/10746
10747,QG-03-CG-02408-2024-V1-MSME,ASSISTANT OPERATOR- CNC TURNING -TOOL ROOM,Capital Goods & Manufacturing,Level 3,https://www.nqr.gov.in/qualifications/10747
10748,QG-4.5-CG-02409-2024-V1-MSME,SR. TECHNICIAN -MACHINE MAINTENANCE AND AUTOMATION,Capital Goods & Manufacturing,Level 4.5,https://www.nqr.gov.in/qualifications/10748
10749,QG-5.5-EH-02388-2024-V1-MSME,PROCESS DESIGNER – AUTOMATION,Electronics & HW,Level 5.5,https://www.nqr.gov.in/qualifications/10749
10750,QG-4.5-CO-02391-2024-V1-MSME,Front Line Junior Supervisor (Construction),Construction,Level 4.5,https://www.nqr.gov.in/qualifications/10750
10751,QG-02-AG-01010-2023-V1-ASCI & Version 1.0,Vermicompost Producer (Small Unit),Agriculture,Level 2,https://www.nqr.gov.in/qualifications/10751
10752,QG-5.5-CO-02392-2024-V1-MSME,PROJECT COORDINATOR (CONSTRUCTION),Construction,Level 5.5,https://www.nqr.gov.in/qualifications/10752
10753,QG-4.5-BW-02393-2024-V1-MSME,TECHNICIAN -AROMA PROCESS,Beauty & Wellness,Level 4.5,https://www.nqr.gov.in/qualifications/10753
10754,QG-02-AG-01017-2023-V1-ASCI & Version 1.0,Micro-Irrigation Field Assistant,Agriculture,Level 2,https://www.nqr.gov.in/qualifications/10754
10755,QG-02-AG-00999-2023-V1-ASCI & Version 1.0,Organic Cultivator (Small Unit),Agriculture,Level 2,https://www.nqr.gov.in/qualifications/10755
10756,QG-02-AG-01008-2023-V1-ASCI & Version 1.0,Piggery Farmer (Small Unit),Agriculture,Level 2,https://www.nqr.gov.in/qualifications/10756
10757,QG-4.5-LT-02378-2024-V1-MSME,Jr. Technical Supervisor - Footwear Design & Manufacturing,Leather,Level 4.5,https://www.nqr.gov.in/qualifications/10757
10758,QG-03-LT-02376-2024-V1-MSME,Jr. Technician- Footwear Design & Production,Leather,Level 3,https://www.nqr.gov.in/qualifications/10758
10759,QG-05-LT-02379-2024-V1-MSME,Technical Supervisor - Footwear Design & Manufacturing,Leather,Level 5,https://www.nqr.gov.in/qualifications/10759
10760,Agrivoltaics Installer Electrical QG-04-ES-02029-2024-V1-SCGJ,Agrivoltaics Installer Electrical,Environmental Science,Level 4,https://www.nqr.gov.in/qualifications/10760
10761,NM-4.5-ES-02106-2024-V1-SCGJ,Biomedical Waste Management Nursing and Paramedical Staff,Environmental Science,Level 4.5,https://www.nqr.gov.in/qualifications/10761
10762,QG-3.5-LT-02377-2024-V1-MSME,Technician - Footwear Manufacturing,Leather,Level 3.5,https://www.nqr.gov.in/qualifications/10762
10763,QG-05-ES-02028-2024-V1-SCGJ & version 1,Electrolyzer Manufacturing Plant Supervisor,Environmental Science,Level 5,https://www.nqr.gov.in/qualifications/10763
10765,QG-04-ES-02027-2024-V1-SCGJ,Electrolyzer Manufacturing Plant Technician,Environmental Science,Level 4,https://www.nqr.gov.in/qualifications/10765
10766,NM-06-ES-02105-2024-V1-SCGJ,GHG Accounting and Sustainability Reporting,Environmental Science,Level 6,https://www.nqr.gov.in/qualifications/10766
10767,QG-04-AU-02390-2024-V1-MSME,JR. TECHNICIAN-AUTOMOBILE ASSEMBLY & SERVICE,Automotive,Level 4,https://www.nqr.gov.in/qualifications/10767
10768,NM-06-ES-02253-2024-V1-SCGJ,Fundamentals of Financing for Green Hydrogen Project,Environmental Science,Level 6,https://www.nqr.gov.in/qualifications/10768
10769,NM-06-ES-02254-2024-V1-SCGJ,Overview of Instrumentation and Control for Green Hydrogen Plant,Environmental Science,Level 6,https://www.nqr.gov.in/qualifications/10769
10770,QG-04-EH-02389-2024-V1-MSME,CISCO Certified Network Associate,Electronics & HW,Level 4,https://www.nqr.gov.in/qualifications/10770
10774,QG-05-ES-01349-2023-V1.1-SCGJ,Supervisor - Operations & Maintenance Compressed Biogas/Waste to Energy,Environmental Science,Level 5,https://www.nqr.gov.in/qualifications/10774
10775,QG-4.5-EH-02386-2024-V1-MSME,Jr. Embedded Developer,Electronics & HW,Level 4.5,https://www.nqr.gov.in/qualifications/10775
10776,QG-04-ES-01350-2023-V1.1-SCGJ,Technician - Operations and Maintenance Compressed Biogas/Waste to Energy,Environmental Science,Level 4,https://www.nqr.gov.in/qualifications/10776
10779,QG-03-EH-02380-2024-V1-MSME,Jr. Technician (COMPUTER HARDWARE & NETWORK),Electronics & HW,Level 3,https://www.nqr.gov.in/qualifications/10779
10780,QG-03-EH-02381-2024-V1-MSME,Jr. TECHNICIAN (PCB FABRICATION),Electronics & HW,Level 3,https://www.nqr.gov.in/qualifications/10780
10781,QG-03-EH-02382-2024-V1-MSME,JR. TECHNICIAN (ELECTRONICS EQUIPMENT),Electronics & HW,Level 3,https://www.nqr.gov.in/qualifications/10781
10783,QG-04-EH-02383-2024-V1-MSME,Technician - Audio Video Systems,Electronics & HW,Level 4,https://www.nqr.gov.in/qualifications/10783
10784,QG-02-AG-01014-2023-V1-ASCI & Version 1.0,Seed Grower,Agriculture,Level 2,https://www.nqr.gov.in/qualifications/10784
10785,QG-04-EH-02385-2024-V1-MSME,Technician - Computer Hardware & Network Management,Electronics & HW,Level 4,https://www.nqr.gov.in/qualifications/10785
10786,QG-02-AG-01005-2023-V1-ASCI & Version 1.0,Assistant Developer-Microforest,Agriculture,Level 2,https://www.nqr.gov.in/qualifications/10786
10787,QG-02-AG-01013-2023-V1-ASCI & Version 1.0,Plant Nursery Assistant,Agriculture,Level 2,https://www.nqr.gov.in/qualifications/10787
10788,QG-04-EH-02384-2024-V1-MSME,Technician - Hand Held Products,Electronics & HW,Level 4,https://www.nqr.gov.in/qualifications/10788
10789,QG-04-EH-02387-2024-V1-MSME,Technician - Room Air Conditioner & Home Appliances,Electronics & HW,Level 4,https://www.nqr.gov.in/qualifications/10789
10790,QG-06-CG-02551-2024-V1-MSME,Sr. Product Manager (Aerospace Manufacturing),Capital Goods & Manufacturing,Level 6,https://www.nqr.gov.in/qualifications/10790
10791,QG-02-AG-01007-2023-V1-ASCI & Version 1.0,Assistant Technician (Harvest & Post-harvest Machine),Agriculture,Level 2,https://www.nqr.gov.in/qualifications/10791
10792,QG-02-AG-01012-2023-V1-ASCI & Version 1.0,Assistant Tractor Operator,Agriculture,Level 2,https://www.nqr.gov.in/qualifications/10792
10793,QG-02-AG-01002-2023-V1-ASCI & Version 1.0,Backyard Poultry Famer,Agriculture,Level 2,https://www.nqr.gov.in/qualifications/10793
10794,QG-02-AG-01003-2023-V1-ASCI & Version 1.0,Dairy Farmer (Small Holding),Agriculture,Level 2,https://www.nqr.gov.in/qualifications/10794
10795,QG-02-AG-01015-2023-V1-ASCI & version 1.0,Herb Grower,Agriculture,Level 2,https://www.nqr.gov.in/qualifications/10795
10796,QG-02-AG-01011-2023-V1-ASCI & Version 1.0,Flower Grower,Agriculture,Level 2,https://www.nqr.gov.in/qualifications/10796
10798,QG-03-CG-02399-2024-V1-MSME,JR. TECHNICIAN - INSPECTION & QUALITY CONTROL,Capital Goods & Manufacturing,Level 3,https://www.nqr.gov.in/qualifications/10798
10801,QG-03-CG-02400-2024-V1-MSME,JR. TECHNICIAN – WELDING,Capital Goods & Manufacturing,Level 3,https://www.nqr.gov.in/qualifications/10801
10804,QG-06-ES-01755-2023-V1-SCGJ & version 1,Waste Optimisation Professional,Environmental Science,Level 6,https://www.nqr.gov.in/qualifications/10804
10807,QG-3.5-CG-02401-2024-V1-MSME,JR. TECHNICIAN - Heat Treatment,Capital Goods & Manufacturing,Level 3.5,https://www.nqr.gov.in/qualifications/10807
10808,QG-3.5-CG-02402-2024-V1-MSME,Jr. Technician -Tool & Die Maker,Capital Goods & Manufacturing,Level 3.5,https://www.nqr.gov.in/qualifications/10808
10809,QG-4.5-CG-02404-2024-V1-MSME,JUNIOR DESIGNER CAD/CAM,Capital Goods & Manufacturing,Level 4.5,https://www.nqr.gov.in/qualifications/10809
10810,QG-4.5-CG-02405-2024-V1-MSME,SR. TECHNICIAN -MECHATRONICS,Capital Goods & Manufacturing,Level 4.5,https://www.nqr.gov.in/qualifications/10810
10811,QG-4.5-CG-02406-2024-V1-MSME,Jr. Designer - Tool,Capital Goods & Manufacturing,Level 4.5,https://www.nqr.gov.in/qualifications/10811
10812,QG-05-CG-02407-2024-V1-MSME,Technical Supervisor - Computer Aided Engineering,Capital Goods & Manufacturing,Level 5,https://www.nqr.gov.in/qualifications/10812
10813,QG-05-CG-02410-2024-V1-MSME,TECHNICAL SUPERVISOR -ADDITIVE MANUFACTURING,Capital Goods & Manufacturing,Level 5,https://www.nqr.gov.in/qualifications/10813
10814,QG-04-CG-02411-2024-V1-MSME,TECHNICIAN -CNC MACHINING,Capital Goods & Manufacturing,Level 4,https://www.nqr.gov.in/qualifications/10814
10817,QG-04-TH-02007-2024-V1-THSC,Guest Service Associate (Food & Beverage Service),Tourism & Hospitality,Level 4,https://www.nqr.gov.in/qualifications/10817
10818,QG-06-TH-02011-2024-V1-THSC,Food & Beverage Service Manager,Tourism & Hospitality,Level 6,https://www.nqr.gov.in/qualifications/10818
10820,QG-4.5-TH-02002-2024-V1-THSC,Demi Chef De Partie,Tourism & Hospitality,Level 4.5,https://www.nqr.gov.in/qualifications/10820
10825,QG-4.5-TH-02008-2024-V1-THSC,Bartender,Tourism & Hospitality,Level 4.5,https://www.nqr.gov.in/qualifications/10825
10826,QG-05-TH-02015-2024-V1-THSC,Duty Manager,Tourism & Hospitality,Level 5,https://www.nqr.gov.in/qualifications/10826
10827,QG-06-TH-02005-2024-V1-THSC,Executive Chef,Tourism & Hospitality,Level 6,https://www.nqr.gov.in/qualifications/10827
10828,QG-06-TH-02023-2024-V1-THSC,Executive Housekeeper,Tourism & Hospitality,Level 6,https://www.nqr.gov.in/qualifications/10828
10831,QG-03-TH-02012-2024-V1-THSC,Front Office Assistant,Tourism & Hospitality,Level 3,https://www.nqr.gov.in/qualifications/10831
10832,QG-03-EH-00991-2023-V2-NIELIT,Installation and Repair Assistant (Consumer Electronics),Electronics & HW,Level 3,https://www.nqr.gov.in/qualifications/10832
10833,QG-06-TH-02017-2024-V1-THSC,Front Office Manager,Tourism & Hospitality,Level 6,https://www.nqr.gov.in/qualifications/10833
10834,QG-04-TH-02024-2024-V1-THSC,Guest House Caretaker,Tourism & Hospitality,Level 4,https://www.nqr.gov.in/qualifications/10834
10836,QG-04-TH-02019-2024-V1-THSC,Guest Service Associate (Housekeeping),Tourism & Hospitality,Level 4,https://www.nqr.gov.in/qualifications/10836
10838,QG-05-TH-02003-2024-V1-THSC,Chef De Partie,Tourism & Hospitality,Level 5,https://www.nqr.gov.in/qualifications/10838
10839,QG-04-TH-02001-2024-V1-THSC,Commis,Tourism & Hospitality,Level 4,https://www.nqr.gov.in/qualifications/10839
10840,QG-04-TH-02013-2024-V1-THSC,Guest Service Associate (Front Office),Tourism & Hospitality,Level 4,https://www.nqr.gov.in/qualifications/10840
10841,QG-04.5-TH-02320-2024-V2-THSC,Home Stay Host,Tourism & Hospitality,Level 4.5,https://www.nqr.gov.in/qualifications/10841
10858,QG-04-ES-01752-2023-V1-SCGJ & version 1,Micro-Entrepreneur – NTFP (Non-Timber Forest Produce) – Plant Origin,Environmental Science,Level 4,https://www.nqr.gov.in/qualifications/10858
10860,QG-05-ES-01754-2023-V1-SCGJ & version 1,Solar Enterprise Assistant Manager,Environmental Science,Level 5,https://www.nqr.gov.in/qualifications/10860
10861,QG-04-ES-01756-2023-V1-SCGJ & version 1,Nature Conservator Cum Ecotourism Guide,Environmental Science,Level 4,https://www.nqr.gov.in/qualifications/10861
10862,QG-02-ES-01753-2023-V1-SCGJ & version 1,Apiculturist (Wild bee) – NTFP (Non-Timber Forest Produce),Environmental Science,Level 2,https://www.nqr.gov.in/qualifications/10862
10863,QG-05-AG-02425-2024-V1-ASCI,Organic Farm and Business Promoter,Agriculture,Level 5,https://www.nqr.gov.in/qualifications/10863
10864,QG-4.5-AG-02424-2024-V1-ASCI,Carbon Farming Practitioner,Agriculture,Level 4.5,https://www.nqr.gov.in/qualifications/10864
10865,QC-5.5-AG-02423-2024-V1-ASCI,Digital Agriculture Extension Promoter,Agriculture,Level 5.5,https://www.nqr.gov.in/qualifications/10865
10866,QG-04-AG-02426-2024-V1-ASCI,Integrated Farming Practitioner,Agriculture,Level 4,https://www.nqr.gov.in/qualifications/10866
10868,QG-05-AG-02427-2024-V1-ASCI,Livestock Green Management Promoter,Agriculture,Level 5,https://www.nqr.gov.in/qualifications/10868
10869,QG-04-FI-02032-2024-V1-FICSI,Food Fortification Associate,Food Industry/Food Processing,Level 4,https://www.nqr.gov.in/qualifications/10869
10870,QG-02-FI-02030-2024-V1-FICSI,Food Handler,Food Industry/Food Processing,Level 2,https://www.nqr.gov.in/qualifications/10870
10880,QG-03-HC-00568-2023-V2-WBSC,Toy Maker (Soft Toys),Handicrafts & Carpets,Level 3,https://www.nqr.gov.in/qualifications/10880
10889,QG-03-HY00597-2023-V1-HSSCI,Junior Operator – 2G Ethanol Plant,Hydrocarbon,Level 3,https://www.nqr.gov.in/qualifications/10889
10891,QG-03-ME-02418-2024-V1-MSME,3D Animator Assistant,Media & Entertainment,Level 3,https://www.nqr.gov.in/qualifications/10891
10892,NM-4.5-HY-02284-2024-V1-HSSCI,Advance Course on Green Hydrogen,Hydrocarbon,Level 4.5,https://www.nqr.gov.in/qualifications/10892
10893,"QG-05-AP-01772-2024-V1.1-AMHSSC, Version 3.0",Advance Pattern Maker (CAD/CAM),Apparel,Level 5,https://www.nqr.gov.in/qualifications/10893
10896,QG-05-HY-02524-2024-V1-HSSCI,Fire Safety Supervisor (Oil & Gas),Hydrocarbon,Level 5,https://www.nqr.gov.in/qualifications/10896
10897,QG-04-HY-02526-2024-V1-HSSCI,Plumber Technician - CGD (Oil & Gas),Hydrocarbon,Level 4,https://www.nqr.gov.in/qualifications/10897
10903,QG-06-HY-02525-2024-V1-HSSCI,Green Hydrogen Fuel Supply Chain Manager,Hydrocarbon,Level 6,https://www.nqr.gov.in/qualifications/10903
10905,QG-04-HY-02523-2024-V1-HSSCI,Green Hydrogen Plant Maintenance Technician,Hydrocarbon,Level 4,https://www.nqr.gov.in/qualifications/10905
10906,NM-3.5-HY-02541-2024-V1-HSSCI,Green Hydrogen Fuel Transportation (Drivers),Hydrocarbon,Level 3.5,https://www.nqr.gov.in/qualifications/10906
10907,QG-3.5-CG-02412-2024-V1-MSME,Jr. Technician – Tool & Die,Capital Goods & Manufacturing,Level 3.5,https://www.nqr.gov.in/qualifications/10907
10908,QG-04-ME-02420-2024-V1-MSME,CONTENT DEVELOPER ASSISTANT (DIGITAL MARKETING),Media & Entertainment,Level 4,https://www.nqr.gov.in/qualifications/10908
10922,QG-4.5-IT-02395-2024-V1-MSME,FULL-STACK DEVELOPER,IT-ITeS,Level 4.5,https://www.nqr.gov.in/qualifications/10922
10940,QG-04-ME-02421-2024-V1-MSME,MULTIMEDIA AND ANIMATION ASSOCIATE,Media & Entertainment,Level 4,https://www.nqr.gov.in/qualifications/10940
10942,QG-04-IT-02396-2024-V1-MSME,Jr. Designer – UI UX,IT-ITeS,Level 4,https://www.nqr.gov.in/qualifications/10942
10943,QG-04-ME-02416-2024-V1-MSME>,FILM COMPOSITOR ASSISTANT,Media & Entertainment,Level 4,https://www.nqr.gov.in/qualifications/10943
10945,QG-04-ME-02419-2024-V1-MSME,VFX ASSOCIATE,Media & Entertainment,Level 4,https://www.nqr.gov.in/qualifications/10945
10947,QG-02-TX-01927-2024-V1.1-TSC,Ring Frame Tenter,Textile & Handloom,Level 2,https://www.nqr.gov.in/qualifications/10947
10952,QG-02-TX-01928-2024-V1.1-TSC,Ring frame doffer,Textile & Handloom,Level 2,https://www.nqr.gov.in/qualifications/10952
10960,QG-02-TX-02060-2024-V2-TSC,Autoconer Tenter,Textile & Handloom,Level 2,https://www.nqr.gov.in/qualifications/10960
10963,NM-02-SP-02533-2024-V1-SPEFLSC,Essentials of Self-Defense,"Sports, Physical Education, Fitness & Leisure",Level 2,https://www.nqr.gov.in/qualifications/10963
10966,"QG-05-AP-01779-2024-V1.1-AMHSSC, Version 3.0",Factory Compliance Auditor,Apparel,Level 5,https://www.nqr.gov.in/qualifications/10966
10969,2022/IS/IESC/05899,Tyre Mounted Crane Operator,Infrastructure,Level 4,https://www.nqr.gov.in/qualifications/10969
10974,NM-02-SP-02534-2024-V1-SPEFLSC,Fundamentals of Physical Fitness,"Sports, Physical Education, Fitness & Leisure",Level 2,https://www.nqr.gov.in/qualifications/10974
10976,NM-02-SP-02535-2024-V1-SPEFLSC,Fundamentals of Special Population Fitness,"Sports, Physical Education, Fitness & Leisure",Level 2,https://www.nqr.gov.in/qualifications/10976
10978,2022/IS/IESC/05892,Wheel loader Operator,Infrastructure,Level 4,https://www.nqr.gov.in/qualifications/10978
10980,NM-03-SP-02537-2024-V1-SPEFLSC,Fundamentals of Sports Injury Prevention & First Aid,"Sports, Physical Education, Fitness & Leisure",Level 3,https://www.nqr.gov.in/qualifications/10980
10983,NM-02-SP-02536-2024-V1-SPEFLSC,Fundamentals of Strength and Conditioning,"Sports, Physical Education, Fitness & Leisure",Level 2,https://www.nqr.gov.in/qualifications/10983
10985,NM-02-SP-02538-2024-V1-SPEFLSC,Fundamentals of Yoga,"Sports, Physical Education, Fitness & Leisure",Level 2,https://www.nqr.gov.in/qualifications/10985
10986,QG-02-TX-01932-2024-V2-TSC,Cone Winding Operator-Manual & Assembly Winding,Textile & Handloom,Level 2,https://www.nqr.gov.in/qualifications/10986
10991,QG-3.5-FI-02033-2024-V1-FICSI,Seafood Processor,Food Industry/Food Processing,Level 3.5,https://www.nqr.gov.in/qualifications/10991
10994,QG-02-TX-01933-2024-V2-TSC,TFO Tenter,Textile & Handloom,Level 2,https://www.nqr.gov.in/qualifications/10994
10995,2020/OAFM/MEPSC/3609,Field Survey Enumerator,Oﬃce Administration & Facility Management,Level 4,https://www.nqr.gov.in/qualifications/10995
10999,QG-02-TX-01941-2024-V2-TSC,Shuttle loom operator cum pirn winder,Textile & Handloom,Level 2,https://www.nqr.gov.in/qualifications/10999
11000,QG-02-TX-01926-2024-V2-TSC,Speed Frame Operator - Tenter and Doffer,Textile & Handloom,Level 2,https://www.nqr.gov.in/qualifications/11000
11001,QG-02-TX-01929-2024-V2-TSC,Open-End Spinning Tenter,Textile & Handloom,Level 2,https://www.nqr.gov.in/qualifications/11001
11002,QG-02-TX-01935-2024-V2-TSC,Finished Package Checker-cum-Packer - Spinning,Textile & Handloom,Level 2,https://www.nqr.gov.in/qualifications/11002
11005,QG-02-TX-01922-2024-V2-TSC,Carding Operator,Textile & Handloom,Level 2,https://www.nqr.gov.in/qualifications/11005
11008,QG-02-TX-01942-2024-V2-TSC,Shuttleless Loom Operator,Textile & Handloom,Level 2,https://www.nqr.gov.in/qualifications/11008
11011,QG-02-TX-01943-2024-V2-TSC,Fabric Checker - Textiles,Textile & Handloom,Level 2,https://www.nqr.gov.in/qualifications/11011
11012,QG-02-TX-01944-2024-V2-TSC,Fabric Mender - Textiles,Textile & Handloom,Level 2,https://www.nqr.gov.in/qualifications/11012
11013,QG-02-TX-01945-2024-V2-TSC,Knitting Machine Operator Circular Knitting,Textile & Handloom,Level 2,https://www.nqr.gov.in/qualifications/11013
11020,QG-4.5-OR-02434-2024-V2-RASCI,Junior Supervisor (Sales),Retail,Level 4.5,https://www.nqr.gov.in/qualifications/11020
11024,QG-02-TX-01925-2024-V2-TSC,Draw Frame Operator,Textile & Handloom,Level 2,https://www.nqr.gov.in/qualifications/11024
11026,QG-02-TX-01948-2024-V2-TSC,Cone Winder-cum-Pirn Winder,Textile & Handloom,Level 2,https://www.nqr.gov.in/qualifications/11026
11027,QG-02-TX-01950-2024-V2-TSC,Hand Spinning Operator,Textile & Handloom,Level 2,https://www.nqr.gov.in/qualifications/11027
11028,QG-02-TX-01930-2024-V2-TSC,Ring Frame Operator,Textile & Handloom,Level 2,https://www.nqr.gov.in/qualifications/11028
11029,QG-02-TX-01934-2024-V2-TSC,Winding Tenter,Textile & Handloom,Level 2,https://www.nqr.gov.in/qualifications/11029
11035,QG-04-OR-02428-2024-V2-RASCI,Direct Seller,Retail,Level 4,https://www.nqr.gov.in/qualifications/11035
11037,QG-5.5-ME-02601-2024-V1-ASAP,Advanced Communicative English and Professional Skills Trainer,Media & Entertainment,Level 5.5,https://www.nqr.gov.in/qualifications/11037
11038,NM-04-ME-02706-2024-V1-ASAP,Fundamentals of Content Writing,Media & Entertainment,Level 4,https://www.nqr.gov.in/qualifications/11038
11039,QG-04-OR-02429-2024-V2-RASCI,Merchant Relationship Executive,Retail,Level 4,https://www.nqr.gov.in/qualifications/11039
11048,QG-4.5-OR-02430-2024-V2-RASCI.,Visual Merchandiser,Retail,Level 4.5,https://www.nqr.gov.in/qualifications/11048
11061,QG-02-TX-01923-2024-V2-TSC,Combing Preparatory Operator,Textile & Handloom,Level 2,https://www.nqr.gov.in/qualifications/11061
11062,QG-02-TX-01924-2024-V2-TSC,Combing Operator,Textile & Handloom,Level 2,https://www.nqr.gov.in/qualifications/11062
11064,QG-02-TX-01936-2024-V2-TSC,Warper - Direct Warping Machine,Textile & Handloom,Level 2,https://www.nqr.gov.in/qualifications/11064
11065,QG-02-TX-01938-2024-V2-TSC,Sizing Machine Operator,Textile & Handloom,Level 2,https://www.nqr.gov.in/qualifications/11065
11071,QG-4.5-OR-02431-2024-V2-RASCI,Retailer,Retail,Level 4.5,https://www.nqr.gov.in/qualifications/11071
11072,QG-5.5-OR-02432-2024-V2-RASCI,Retail Store Manager,Retail,Level 5.5,https://www.nqr.gov.in/qualifications/11072
11083,QG-02-TX-01939-2024-V2-TSC,Knotting Machine Operator,Textile & Handloom,Level 2,https://www.nqr.gov.in/qualifications/11083
11087,QG-02-TX-01940-2024-V2-TSC,Pirn Winding Machine Operator,Textile & Handloom,Level 2,https://www.nqr.gov.in/qualifications/11087
11093,QG-05-TH-02552-2024-V1-DWSSC,House Manager,Home Management and Caregiving,Level 5,https://www.nqr.gov.in/qualifications/11093
11094,QG-02-TX-01946-2024-V2-TSC,Knitting Machine Operator Flat Bed Knitting,Textile & Handloom,Level 2,https://www.nqr.gov.in/qualifications/11094
11095,QG-02-TX-01947-2024-V2-TSC,Knitting Machine Operator Warp Knitting,Textile & Handloom,Level 2,https://www.nqr.gov.in/qualifications/11095
11102,QG-03-TH-02006-2024-V1-THSC,Food & Beverage Service Assistant,Tourism & Hospitality,Level 3,https://www.nqr.gov.in/qualifications/11102
11104,QG-03-HE-02522-2024-V1-HSSC,Multiskilled Health Assistant,Healthcare,Level 3,https://www.nqr.gov.in/qualifications/11104
11108,QG-03-HC-02553-2024-V2-DWSSC,Child Caretaker (Non-Clinical),Home Management and Caregiving,Level 3,https://www.nqr.gov.in/qualifications/11108
11112,QG-4.5-TH-02454-2024-V2-THSC,Travel Consultant,Tourism & Hospitality,Level 4.5,https://www.nqr.gov.in/qualifications/11112
11119,QG-03-HC-02554-2024-V2-DWSSC,Elderly Caretaker (Non-Clinical),Home Management and Caregiving,Level 3,https://www.nqr.gov.in/qualifications/11119
11126,QG-02-TX-01949-2024-V2-TSC,Card Puncher (Automatic Machine),Textile & Handloom,Level 2,https://www.nqr.gov.in/qualifications/11126
11148,QG-05-AU-00727-2023-V1.1-ASDC,Automotive Assembly Master Technician,Automotive,Level 5,https://www.nqr.gov.in/qualifications/11148
11149,QG-06-AU-00689-2023-V1.1-ASDC,Automotive Automation Specialist,Automotive,Level 6,https://www.nqr.gov.in/qualifications/11149
11150,QG-02-AU-00728-2023-V1.1-ASDC,Automotive Body Painting Assistant,Automotive,Level 2,https://www.nqr.gov.in/qualifications/11150
11157,NG-04-EH-02530-2024-V1-ESSC,Clean-Room Operations (for semiconductors),Electronics & HW,Level 4,https://www.nqr.gov.in/qualifications/11157
11163,QG-04-TH-02457-2024-V2-THSC,Transport Coordinator - Tourism and Hospitality,Tourism & Hospitality,Level 4,https://www.nqr.gov.in/qualifications/11163
11168,QG-5.5-TH-02451-2024-V2-THSC,Tour Manager Operations,Tourism & Hospitality,Level 5.5,https://www.nqr.gov.in/qualifications/11168
11177,NG-04-EH-02529-2024-V1-ESSC,Essential Fundamentals of IoT,Electronics & HW,Level 4,https://www.nqr.gov.in/qualifications/11177
11182,QG-02-TX-01937-2024-V2-TSC,Size Mixer,Textile & Handloom,Level 2,https://www.nqr.gov.in/qualifications/11182
11186,QG-06-EH-00817-2023-V1-ESSC,Semiconductor Process Technology Engineer - Upskilling,Electronics & HW,Level 6,https://www.nqr.gov.in/qualifications/11186
11189,QG-03-AU-00696-2023-V1.1-ASDC,Automotive Body Painting Technician,Automotive,Level 3,https://www.nqr.gov.in/qualifications/11189
11196,QG-05-TH-02453-2024-V2-THSC,Tour Guide,Tourism & Hospitality,Level 5,https://www.nqr.gov.in/qualifications/11196
11198,QG-04-ES-02628-2024-V2-SCGJ,Solar PV Installer (Suryamitra),Environmental Science,Level 4,https://www.nqr.gov.in/qualifications/11198
11200,QG-03-AU-00699-2023-V1.1-ASDC,Automotive Body Repair Technician,Automotive,Level 3,https://www.nqr.gov.in/qualifications/11200
11205,QG-03-AU-00724-2023-V1.1-ASDC,Automotive Conventional Machining Technician,Automotive,Level 3,https://www.nqr.gov.in/qualifications/11205
11210,QG-4.5-TH-02456-2024-V2-THSC,Team Travel Incharge,Tourism & Hospitality,Level 4.5,https://www.nqr.gov.in/qualifications/11210
11211,QG-05-TX-01920-2024-V1.1-TSC,Handloom Entrepreneur,Textile & Handloom,Level 5,https://www.nqr.gov.in/qualifications/11211
11212,QG-3.5-TX-01951-2024-V2-TSC,Assistant Design Maker - Textiles,Textile & Handloom,Level 3.5,https://www.nqr.gov.in/qualifications/11212
11217,QG-4.5-WC-01791-2024-V1-FFSC,Carpenter (WorldSkills),Wood & Carpentry,Level 4.5,https://www.nqr.gov.in/qualifications/11217
11219,QG-04-IT-02394-2024-V1-MSME,Jr. Web Designer,IT-ITeS,Level 4,https://www.nqr.gov.in/qualifications/11219
11224,QG-03-TH-02466-2024-V2-THSC,Street Food Vendor- Standalone,Tourism & Hospitality,Level 3,https://www.nqr.gov.in/qualifications/11224
11226,QG-04-TH-02463-2024-V2-THSC,Store In charge - Tourism and Hospitality,Tourism & Hospitality,Level 4,https://www.nqr.gov.in/qualifications/11226
11228,QG-02-TH-02462-2024-V2-THSC,Pantry Assistant,Tourism & Hospitality,Level 2,https://www.nqr.gov.in/qualifications/11228
11229,QG-03-ME-02415-2024-V1-MSME,Graphic Designer Assistant,Media & Entertainment,Level 3,https://www.nqr.gov.in/qualifications/11229
11230,QG-4.5-AU-00725-2023-V1.1-ASDC,Automotive Machining Lead Technician,Automotive,Level 4.5,https://www.nqr.gov.in/qualifications/11230
11236,QG-4.5-WC-01790-2024-V1-FFSC,Joiner (WorldSkills),Wood & Carpentry,Level 4.5,https://www.nqr.gov.in/qualifications/11236
11237,QG-4.5-WC-01789-2024-V1-FFSC,Cabinet Maker (WorldSkills),Wood & Carpentry,Level 4.5,https://www.nqr.gov.in/qualifications/11237
11239,QG-03-WC-00776-2023-V2-WBSC,Wooden Furniture Maker,Wood & Carpentry,Level 3,https://www.nqr.gov.in/qualifications/11239
11240,QG-03-EH-00575-2023-V1-ESSC,Assistant Drone Technician,Electronics & HW,Level 3,https://www.nqr.gov.in/qualifications/11240
11243,QG-04-BF-00133-2023-V1.1-BFSISSC,Accounts Assistant,BFSI,Level 4,https://www.nqr.gov.in/qualifications/11243
11247,QG-04-BF-02349-2024-V1.1-BFSISSC,Business Correspondent/Facilitator,BFSI,Level 4,https://www.nqr.gov.in/qualifications/11247
11248,QG-04-TH-02442-2024-V2-THSC,Nature Guide,Tourism & Hospitality,Level 4,https://www.nqr.gov.in/qualifications/11248
11249,QG-05-ES-01970-2024-V1-NIWE,WIND FARM ENGINEER,Environmental Science,Level 5,https://www.nqr.gov.in/qualifications/11249
11255,-QG-04-ME-02417-2024-V1-MSME.,Graphics & Web Designer Assistant,Media & Entertainment,Level 4,https://www.nqr.gov.in/qualifications/11255
11257,ICE/CONS/24/Q1001,MEP Supervisor - Maintenance,Construction,Level 5,https://www.nqr.gov.in/qualifications/11257
11260,QG-03-FI-02031-2024-V1-FICSI..,Jr. Coconut Processing Operator,Food Industry/Food Processing,Level 3,https://www.nqr.gov.in/qualifications/11260
11261,QG-2.5-TH-02461-2024-V2-THSC,Multi Task Attendant (Facility Management),Tourism & Hospitality,Level 2.5,https://www.nqr.gov.in/qualifications/11261
11269,QG-5.5-TH-02452-2024-V2-THSC,"Meeting, Conference and Event Manager",Tourism & Hospitality,Level 5.5,https://www.nqr.gov.in/qualifications/11269
11270,QG-3.5-IT-01983-2024-V1-NTTF,Assistant Technician-IT Installation,IT-ITeS,Level 3.5,https://www.nqr.gov.in/qualifications/11270
11271,QG-02-TH-02468-2024-V2-THSC,Kitchen Helper,Tourism & Hospitality,Level 2,https://www.nqr.gov.in/qualifications/11271
11272,QG-3.5-AU-02195-2024-V1-ASDC,Automobile Jr. Technician (Service and Maintenance),Automotive,Level 3.5,https://www.nqr.gov.in/qualifications/11272
11274,QG-04-AU-02196-2024-V1-ASDC,Automobile Technician (Diagnostics),Automotive,Level 4,https://www.nqr.gov.in/qualifications/11274
11275,QG-4.5-AU-02197-2024-V1-ASDC,Automobile Lead Technician (Diagnostics),Automotive,Level 4.5,https://www.nqr.gov.in/qualifications/11275
11278,QG-2.5-AU-00730-2023-V1.1-ASDC,Automotive Paint Repair Assistant,Automotive,Level 2.5,https://www.nqr.gov.in/qualifications/11278
11280,QG-03-AU-00695-2023-V1.1-ASDC,Automotive Plastic Moulding Technician,Automotive,Level 3,https://www.nqr.gov.in/qualifications/11280
11282,QG-02-TH-02469-2024-V2-THSC,Food Server-Roadside Eatery,Tourism & Hospitality,Level 2,https://www.nqr.gov.in/qualifications/11282
11287,QG-4.5-PL-01784-2024-V1-WMPS,Plumbing and Heating (WorldSkills),Plumbing,Level 4.5,https://www.nqr.gov.in/qualifications/11287
11293,QG-03-TH-02467-2024-V2-THSC,Food Delivery Associate,Tourism & Hospitality,Level 3,https://www.nqr.gov.in/qualifications/11293
11295,QG-04-IT-01984-2024-V1-NTTF,TECHNICIAN - IT SUPPORT,IT-ITeS,Level 4,https://www.nqr.gov.in/qualifications/11295
11298,QG-4.5-TH-02458-2024-V2-THSC,Facility Management Executive,Tourism & Hospitality,Level 4.5,https://www.nqr.gov.in/qualifications/11298
11301,QG-01-TH-02470-2024-V2-THSC,Cleaner Roadside Eatery,Tourism & Hospitality,Level 1,https://www.nqr.gov.in/qualifications/11301
11302,QG-3.5-TH-02465-2024-V2-THSC,Eatery Owner,Tourism & Hospitality,Level 3.5,https://www.nqr.gov.in/qualifications/11302
11306,QG-4.5-AU-00713-2023-V1.1-ASDC,Automotive Prototype Manufacturing Lead Technician,Automotive,Level 4.5,https://www.nqr.gov.in/qualifications/11306
11310,QG-3.5-TH-02464-2024-V2-THSC,Counter Sales Executive - Tourism and Hospitality,Tourism & Hospitality,Level 3.5,https://www.nqr.gov.in/qualifications/11310
11311,QG-4.5-AU-00693-2023-V1.1-ASDC,Automotive Quality Control Lead Inspector,Automotive,Level 4.5,https://www.nqr.gov.in/qualifications/11311
11318,QG-03-PD-02198-2024-V1-SCPWD.,Operator - Computer Application and Assistive Technology - LV,Persons with Disability,Level 3,https://www.nqr.gov.in/qualifications/11318
11320,QG-04-TH-02455-2024-V2-THS,Customer Service Representative (Meet & Greet),Tourism & Hospitality,Level 4,https://www.nqr.gov.in/qualifications/11320
11325,QG-03-PD-02199-2024-V1-SCPWD,Operator - Computer Application and Assistive Technology -VI,Persons with Disability,Level 3,https://www.nqr.gov.in/qualifications/11325
11333,QG-3.5-AU-00694-2023-V1.1-ASDC,Automotive Tool Room Technician,Automotive,Level 3.5,https://www.nqr.gov.in/qualifications/11333
11335,QG-4.5-AU-00729-2023-V1.1-ASDC,Automotive Welding Machine Lead Technician,Automotive,Level 4.5,https://www.nqr.gov.in/qualifications/11335
11341,QG-04-AG-02604-2024-V2-ASCI,Master Gardener,Agriculture,Level 4,https://www.nqr.gov.in/qualifications/11341
11348,QG-03-TH-02437-2024-V2-THSC,Assistant Rafting Guide,Tourism & Hospitality,Level 3,https://www.nqr.gov.in/qualifications/11348
11354,QG-2.5-AU-00715-2023-V1.1-ASDC,Light Motor Vehicle Driver,Automotive,Level 2.5,https://www.nqr.gov.in/qualifications/11354
11356,NM-04-PW-02711-2024-V1-DGT,ROOFTOP SOLAR PV (INSTALLATION & MAINTENANCE) -TRAINER,Power,Level 4,https://www.nqr.gov.in/qualifications/11356
11357,QG-04-AU-00705-2023-V1.1-ASDC,Four wheeler Service Lead Technician,Automotive,Level 4,https://www.nqr.gov.in/qualifications/11357
11359,QG-03-RI-00398-2023-V1-RCPSDC,Chemical Manufacturing Plant Operator,Rubber Industry,Level 4,https://www.nqr.gov.in/qualifications/11359
11361,QG-04-TH-02460-2024-V2-THSC,Cafeteria Incharge (Small Establishments),Tourism & Hospitality,Level 4,https://www.nqr.gov.in/qualifications/11361
11362,QG-4-RI-00388-2023-V1-RCPSDC,Rubber Technician,Rubber Industry,Level 4,https://www.nqr.gov.in/qualifications/11362
11364,QG-6.5-RI-00391-2023-V1-RCPSDC,Rubber Technologist,Rubber Industry,Level 6.5,https://www.nqr.gov.in/qualifications/11364
11367,QG-03RI-00398-2023-V1-RCPSD,Chemical Maintenance Plant Assistant Operator,Rubber Industry,Level 3,https://www.nqr.gov.in/qualifications/11367
11370,QG-05-BFSI-01259-2023-V1-ICAI,Certified Executive in Financial Planning and Cost & Management Accounting (Defence),BFSI,Level 5,https://www.nqr.gov.in/qualifications/11370
11371,NG-03-PW-02710-2024-V1-DGT,ROOFTOP SOLAR PV (INSTALLATION & MAINTENANCE),Power,Level 3,https://www.nqr.gov.in/qualifications/11371
11376,QG-04-BFSI-02182-2024-V1-ICAI,CERTIFICATE IN ACCOUNTING TECHNICIANS (CAT),BFSI,Level 4,https://www.nqr.gov.in/qualifications/11376
11381,QG-4.5-IT-01985-2024-V1-NTTF,Senior technician- Computer Engineering and IT Infrastructure,IT-ITeS,Level 4.5,https://www.nqr.gov.in/qualifications/11381
11384,NG-06-EH-02708-2024-V1-MSU,Semiconductor IC Design & Verification Professional,Electronics & HW,Level 6,https://www.nqr.gov.in/qualifications/11384
11385,NG-3.5-EH-02706-2024-V1-MSU,Introduction to Semiconductors and Integrated Circuits (ICs),Electronics & HW,Level 3.5,https://www.nqr.gov.in/qualifications/11385
11386,QG-03-CG-02398-2024-V1-MSME.,ASST. OPERATOR - CNC MILLING (TOOL ROOM),Capital Goods & Manufacturing,Level 3,https://www.nqr.gov.in/qualifications/11386
11389,NG-4.5-EH-02707-2024-V1-MSU,Semiconductor IC Design Associate,Electronics & HW,Level 4.5,https://www.nqr.gov.in/qualifications/11389
11390,G-3.5-IT-01986-2024-V1-NTTF,Assistant Technician Information Technology,IT-ITeS,Level 3.5,https://www.nqr.gov.in/qualifications/11390
11391,QG-04-IT-01987-2024-V1-NTTF,Software Developer,IT-ITeS,Level 4,https://www.nqr.gov.in/qualifications/11391
11393,QG-04-PWD-01672-2023-V1.1-SCPWD,Travel Advisor (Divyangjan)-LD,Persons with Disability,Level 4,https://www.nqr.gov.in/qualifications/11393
11395,QG-04-PWD-01673-2023-V1.1-SCPWD,Travel Advisor (Divyangjan)-SHI,Persons with Disability,Level 4,https://www.nqr.gov.in/qualifications/11395
11405,NG-04-CG-02645-2024-V1-SCTEVTO,Fundamental of CNC Lathe Programming,Capital Goods & Manufacturing,Level 4,https://www.nqr.gov.in/qualifications/11405
11407,QG-05-ET-02715-2024-V1-MEPSC,Entrepreneur (Electives: Women Entrepreneurship / Gender Sensitivity),Oﬃce Administration & Facility Management,Level 5,https://www.nqr.gov.in/qualifications/11407
11413,QG-4.5-CG-02414-2024-V1-MSME.,Sr. Technician/ Supervisor- Tool and Die,Capital Goods & Manufacturing,Level 4.5,https://www.nqr.gov.in/qualifications/11413
11415,QG-4.5-IT-01988-2024-V1-NTTF,Senior Technician- Information Technology and Data Science,IT-ITeS,Level 4.5,https://www.nqr.gov.in/qualifications/11415
11417,QG-03-PWD-01587-2023-V1.1-SCPWD,Automotive Showroom Host (Divyangjan) -LD,Persons with Disability,Level 3,https://www.nqr.gov.in/qualifications/11417
11420,QG-03-PWD-01588-2023-V1.1-SCPWD,Four-Wheeler Service Assistant -LD,Persons with Disability,Level 3,https://www.nqr.gov.in/qualifications/11420
11421,QG-04-PWD-01589-2023-V1.1-SCPWD,Four wheeler Service Technician-SHI,Persons with Disability,Level 4,https://www.nqr.gov.in/qualifications/11421
11422,QG-03-PWD-01590-2023-V1.1-SCPWD,Automotive Welding Machine Operator (Manual and Robotics)-SHI,Persons with Disability,Level 3,https://www.nqr.gov.in/qualifications/11422
11423,QG-03-PWD-01591-2023-V1.1-SCPWD,Automotive Machining Operator- SHI,Persons with Disability,Level 3,https://www.nqr.gov.in/qualifications/11423
11424,QG-04-PWD-01592-2023-V1.1-SCPWD,Automotive CNC Machining Technician-PwD SHI,Persons with Disability,Level 4,https://www.nqr.gov.in/qualifications/11424
11426,QG-04-PWD-01593-2023-V1.1-SCPWD,Automotive Conventional Machining Technician-PwD LD,Persons with Disability,Level 4,https://www.nqr.gov.in/qualifications/11426
11427,QG-04-PWD-01594-2023-V1.1-SCPWD,Automotive Conventional Machining Technician-PwD SHI,Persons with Disability,Level 4,https://www.nqr.gov.in/qualifications/11427
11429,QG-04-PWD-01595-2023-V1.1-SCPWD,Automotive Assembly Technician-PwD SHI,Persons with Disability,Level 4,https://www.nqr.gov.in/qualifications/11429
11432,QG-04-PWD-01596-2023-V1.1-SCPWD,Automotive Maintenance Technician-Mechanical -PwD LD,Persons with Disability,Level 4,https://www.nqr.gov.in/qualifications/11432
11433,QG-04-PWD-01597-2023-V1.1-SCPWD,Automotive Maintenance Technician-Mechanical -PwD SHI,Persons with Disability,Level 4,https://www.nqr.gov.in/qualifications/11433
11435,QG-04-TH-02439-2024-V2-THSC,Adventure Travel Guide (Low Altitude),Tourism & Hospitality,Level 4,https://www.nqr.gov.in/qualifications/11435
11436,NG-03-HE-02653-2024-V1-HSSC,Fundamentals of Sujok Therapy,Healthcare,Level 3,https://www.nqr.gov.in/qualifications/11436
11437,NG-04-CG-02644-2024-V1-SCTEVTO,Fundamental of CNC Milling Machine Programming,Capital Goods & Manufacturing,Level 4,https://www.nqr.gov.in/qualifications/11437
11438,QG-04-PD-02200-2024-V1-SCPWD,Automotive Telecaller (Divyangjan) - LD,Persons with Disability,Level 4,https://www.nqr.gov.in/qualifications/11438
11439,QG-4.5-ME-02602-2024-V1-MSMETC.,Associate Developer AR VR,Media & Entertainment,Level 4.5,https://www.nqr.gov.in/qualifications/11439
11442,QG-04-PD-02202-2024-V1-SCPWD,Automotive Telecaller (Divyangjan) - VI,Persons with Disability,Level 4,https://www.nqr.gov.in/qualifications/11442
11444,QG-03-PD-02203-2024-V1-SCPWD,Beekeeper (Divyangjan) - LD,Persons with Disability,Level 3,https://www.nqr.gov.in/qualifications/11444
11446,QG-05-TH-02447-2024-V2-THSC,Himalayan Expedition Pathfinder /HAP,Tourism & Hospitality,Level 5,https://www.nqr.gov.in/qualifications/11446
11447,QG-03-PWD-01598-2023-V1.1-SCPWD,Housekeeper cum Cook (Household and Small Establishment)- PwD LD,Persons with Disability,Level 3,https://www.nqr.gov.in/qualifications/11447
11449,NM-01-HE-02667-2024-V1-HSSC,Basics of Millets Nutrition (Shree Anna),Healthcare,Level 1,https://www.nqr.gov.in/qualifications/11449
11450,QG-03-PWD-01599-2023-V1.1-SCPWD,Pickle Making Technician -PwD LD,Persons with Disability,Level 3,https://www.nqr.gov.in/qualifications/11450
11451,NG-04-HE-02652-2024-V1-HSSC,Vriddha Swasthya Sahayak,Healthcare,Level 4,https://www.nqr.gov.in/qualifications/11451
11454,QG-03-PWD-01600-2023-V1.1-SCPWD,Pickle Making Technician -PwD SHI,Persons with Disability,Level 3,https://www.nqr.gov.in/qualifications/11454
11455,NM-03-HE-02668-2024-V1-HSSC,Introduction to Music therapy,Healthcare,Level 3,https://www.nqr.gov.in/qualifications/11455
11459,QG-05-IT-01859-2024-V1.1-NASSCOM,Embedded Software Development & Validation Engineer,IT-ITeS,Level 5,https://www.nqr.gov.in/qualifications/11459
11461,QG-03-PWD-01601-2023-V1.1-SCPWD,"Jam, Jelly and Ketchup Processing Technician -PwD LD",Persons with Disability,Level 3,https://www.nqr.gov.in/qualifications/11461
11462,QG-03-PWD-01602-2023-V1.1-SCPWD,"Jam, Jelly and Ketchup Processing Technician -PwD SHI",Persons with Disability,Level 3,https://www.nqr.gov.in/qualifications/11462
11463,QG-04-PWD-01603-2023-V1.1-SCPWD,Baking Technician/Operative - PwD LD,Persons with Disability,Level 4,https://www.nqr.gov.in/qualifications/11463
11464,QG-04-PWD-01604-2023-V1.1-SCPWD,Baking Technician/Operative - PwD SHI,Persons with Disability,Level 4,https://www.nqr.gov.in/qualifications/11464
11470,QG-03-PWD-01666-2023-V1.1-SCPWD,Assistant Plumber-General-PwD LD,Persons with Disability,Level 3,https://www.nqr.gov.in/qualifications/11470
11471,QG-03-PWD-01667-2023-V1.1-SCPWD,Assistant Plumber-General-PwD SHI,Persons with Disability,Level 3,https://www.nqr.gov.in/qualifications/11471
11472,QG-03-PWD-01643-2023-V1.1-SCPWD,Retail Trainee Associate - PwD LD,Persons with Disability,Level 3,https://www.nqr.gov.in/qualifications/11472
11473,QG-03-PWD-01645-2023-V1.1-SCPWD,Retail Trainee Associate - PwD SHI,Persons with Disability,Level 3,https://www.nqr.gov.in/qualifications/11473
11474,QG-03-PWD-01644-2023-V1.1-SCPWD,Retail Trainee Associate - PwD LV,Persons with Disability,Level 3,https://www.nqr.gov.in/qualifications/11474
11475,QG-05-TL-02635-2024-V1-TSSC,Drone Data Processor,Telecom,Level 5,https://www.nqr.gov.in/qualifications/11475
11476,QG-04-PWD-01608-2023-V1.1-SCPWD,Solar PV Installer (Suryamitra)-PwD SHI,Persons with Disability,Level 4,https://www.nqr.gov.in/qualifications/11476
11483,NG-04-EH-02532-2024-V1-SCTEVTO,Fundamental for IoT for Home Automation,Electronics & HW,Level 4,https://www.nqr.gov.in/qualifications/11483
11485,QG-04-TH-02440-2024-V2-THSC,Jr. Instructor Rope activities,Tourism & Hospitality,Level 4,https://www.nqr.gov.in/qualifications/11485
11486,QG-4.5-TH-02444-2024-V2-THSC,Mountain Cuisine Chef,Tourism & Hospitality,Level 4.5,https://www.nqr.gov.in/qualifications/11486
11488,QG-04-PWD-01664-2023-V1.1-SCPWD,Plumber - General -PwD LD,Persons with Disability,Level 4,https://www.nqr.gov.in/qualifications/11488
11489,QG-04-PWD-01665-2023-V1.1-SCPWD,Plumber-General-PwD SHI,Persons with Disability,Level 4,https://www.nqr.gov.in/qualifications/11489
11490,QG-03-PWD-01674-2023-V1.1-SCPWD,Retail Outlet Attendant (Oil & Gas) _PwD SHI,Persons with Disability,Level 3,https://www.nqr.gov.in/qualifications/11490
11491,QG-03-PWD-01675-2023-V1.1-SCPWD,LPG delivery personnel_ PwD SHI,Persons with Disability,Level 3,https://www.nqr.gov.in/qualifications/11491
11492,QG-04-TW-02193-2024-V1-LSC,Air Cargo Booking Executive,"Transportation, Logistics & Warehousing",Level 4,https://www.nqr.gov.in/qualifications/11492
11497,QG-04-PWD-01702-2023-V1.1-SCPWD,Customer Care Executive-Voice (Divyangjan)-LD,Persons with Disability,Level 4,https://www.nqr.gov.in/qualifications/11497
11498,NG-05-IT-02725-2024-V1-NASSCOM,Data Import Process for Analysis,IT-ITeS,Level 5,https://www.nqr.gov.in/qualifications/11498
11501,QG-04-PWD-01704-2023-V1.1-SCPWD,Customer Care Executive-Voice (Divyangjan)-VI,Persons with Disability,Level 4,https://www.nqr.gov.in/qualifications/11501
11502,QG-04-TW-02194-2024-V1-LSC,Air Cargo Customer Care Executive,"Transportation, Logistics & Warehousing",Level 4,https://www.nqr.gov.in/qualifications/11502
11508,NG-05-IT-01411-2023-V1-NASSCOM,Information Security Policy Review,IT-ITeS,Level 5,https://www.nqr.gov.in/qualifications/11508
11513,NG-05-IT-01412-2023-V1-NASSCOM,Information Security Device Management,IT-ITeS,Level 5,https://www.nqr.gov.in/qualifications/11513
11514,NG-05-IT-01413-2023-V1-NASSCOM,Information Security Policy Audit,IT-ITeS,Level 5,https://www.nqr.gov.in/qualifications/11514
11516,NG-05-IT-01414-2023-V1-NASSCOM,Application Security Testing,IT-ITeS,Level 5,https://www.nqr.gov.in/qualifications/11516
11517,NG-05-IT-01415-2023-V1-NASSCOM,Concepts of Natural Language Processing,IT-ITeS,Level 5,https://www.nqr.gov.in/qualifications/11517
11518,NG-05-IT-01416-2023-V1-NASSCOM,Concepts of Computer Vision,IT-ITeS,Level 5,https://www.nqr.gov.in/qualifications/11518
11519,QG-04-BF-00135-2023-V1.1-BFSISSC,GST Assistant,BFSI,Level 4,https://www.nqr.gov.in/qualifications/11519
11522,QG-04-PWD-01703-2023-V1.1-SCPWD.,Customer Care Executive-Voice (Divyangjan)-LV,Persons with Disability,Level 4,https://www.nqr.gov.in/qualifications/11522
11525,QG-03-HC-02618-2024-V1-HCSSC,Bangle Maker,Handicrafts & Carpets,Level 3,https://www.nqr.gov.in/qualifications/11525
11526,QG-04-PD-02205-2024-V1-SCPWD,Checker- Inline & Measurement (Divyangjan)-LD,Persons with Disability,Level 4,https://www.nqr.gov.in/qualifications/11526
11527,QG-04-PD-02206-2024-V1-SCPWD,Checker- Inline & Measurement (Divyangjan)-SHI,Persons with Disability,Level 4,https://www.nqr.gov.in/qualifications/11527
11529,QG-4.5-TH-02446-2024-V2-THSC,Adventure Travel Guide (High Altitude),Tourism & Hospitality,Level 4.5,https://www.nqr.gov.in/qualifications/11529
11530,QG-06-IS-02478-2024-V1-IISSSC,Cold Rolling Mill - Process Control Engineer,Iron & Steel,Level 6,https://www.nqr.gov.in/qualifications/11530
11532,QG-06-IS-02477-2024-V1-IISSSC,Continuous Casting - Process Control Engineer,Iron & Steel,Level 6,https://www.nqr.gov.in/qualifications/11532
11534,QG-06-IS-02479-2024-V1-IISSSC,Hot Rolling Mill (Long Products) – Process Control Engineer,Iron & Steel,Level 6,https://www.nqr.gov.in/qualifications/11534
11535,QG-06-IS-02480-2024-V1-IISSSC,Ladle Refining Furnace - Process Control Engineer,Iron & Steel,Level 6,https://www.nqr.gov.in/qualifications/11535
11536,QG-06-IS-02481-2024-V1-IISSSC,Pellet Plant - Process Control Engineer,Iron & Steel,Level 6,https://www.nqr.gov.in/qualifications/11536
11538,QG-4.5-TH-02445-2024-V2-THSC,Paragliding Tandem Pilot,Tourism & Hospitality,Level 4.5,https://www.nqr.gov.in/qualifications/11538
11540,QG-03-TH-02438-2024-V2-THSC,Parasailing (Equipment) Driver,Tourism & Hospitality,Level 3,https://www.nqr.gov.in/qualifications/11540
11541,QG-05-TH-02450-2024-V2-THSC,Parasailing (Equipment) Supervisor,Tourism & Hospitality,Level 5,https://www.nqr.gov.in/qualifications/11541
11547,QG-03-PWD-01641-2023-V1.1-SCPWD,Retail Store Ops Assistant_ PwD LD,Persons with Disability,Level 2,https://www.nqr.gov.in/qualifications/11547
11548,QG-06-IS-02482-2024-V1-IISSSC,Reheating Furnace - Process Control Engineer,Iron & Steel,Level 6,https://www.nqr.gov.in/qualifications/11548
11550,QG-03-PWD-01642-2023-V1.1-SCPWD,Retail Store Ops Assistant_ PwD SHI,Persons with Disability,Level 2,https://www.nqr.gov.in/qualifications/11550
11551,QG-06-IS-02483-2024-V1-IISSSC,Stainless Steel Making - Process Control Engineer,Iron & Steel,Level 6,https://www.nqr.gov.in/qualifications/11551
11552,QG-04-IS-02484-2024-V1-IISSSC,Metal Forging Technician,Iron & Steel,Level 4,https://www.nqr.gov.in/qualifications/11552
11553,QG-04-PWD-01705-2023-V1.1-SCPWD,Customer Care Executive-Non- Voice (Divyangjan)-LD,Persons with Disability,Level 4,https://www.nqr.gov.in/qualifications/11553
11554,QG-5.5-TW-02191-2024-V1-LSC,Cold Chain Implementation Specialist,"Transportation, Logistics & Warehousing",Level 5.5,https://www.nqr.gov.in/qualifications/11554
11556,QG-03-PD-02211-2024-V1-SCPWD,Office Assistant (Divyangjan)-VI,Persons with Disability,Level 3,https://www.nqr.gov.in/qualifications/11556
11557,QG-06-TW-02192-2024-V1-LSC,Cold Chain Specialist (Green Engineering),"Transportation, Logistics & Warehousing",Level 6,https://www.nqr.gov.in/qualifications/11557
11558,QG-04-PD-02213-2024-V2-SCPWD,Field Technician – Small Home Appliances (Divyangjan) - LD,Persons with Disability,Level 4,https://www.nqr.gov.in/qualifications/11558
11559,QG-03-TW-02473-2024-V1-LSC,Green Hydrogen Refuelling Hub Operator,"Transportation, Logistics & Warehousing",Level 3,https://www.nqr.gov.in/qualifications/11559
11560,NM-01-LS-02542-2024-V1-LSSSDC,Essential Concepts for school student (Medicine and Vaccine),Life Sciences,Level 1,https://www.nqr.gov.in/qualifications/11560
11562,QG-04-PD-02215-2024-V2-SCPWD,Field Technician Small Home Appliances (Divyangjan)-LV,Persons with Disability,Level 4,https://www.nqr.gov.in/qualifications/11562
11564,QG-05-ES-02627-2024-V2-SCGJ,Rooftop Solar Grid Junior Engineer,Environmental Science,Level 5,https://www.nqr.gov.in/qualifications/11564
11565,QG-04-TW-02475-2024-V1-LSC,Green Hydrogen Storage Hub Senior Operator,"Transportation, Logistics & Warehousing",Level 4,https://www.nqr.gov.in/qualifications/11565
11568,QG-04-TW-02474-2024-V1-LSC,Green Hydrogen Tube Trailer - Driver,"Transportation, Logistics & Warehousing",Level 4,https://www.nqr.gov.in/qualifications/11568
11569,QG-03-PD-02222-2024-V2-SCPWD,Washing Machine Operator (Divyangjan) -SHI,Persons with Disability,Level 3,https://www.nqr.gov.in/qualifications/11569
11570,QG-03-PD-02223-2024-V2-SCPWD,Washing Machine Operator (Divyangjan) -LV,Persons with Disability,Level 3,https://www.nqr.gov.in/qualifications/11570
11572,NM-3.5-TW-02252-2024-V1-LSC,Introduction to AI in Logistics,"Transportation, Logistics & Warehousing",Level 3.5,https://www.nqr.gov.in/qualifications/11572
11573,QG-04-PD-02216-2024-V2-SCPWD,Guest Service Associate (Front Office) - (Divyangjan)-LD,Persons with Disability,Level 4,https://www.nqr.gov.in/qualifications/11573
11574,QG-06-TW-02189-2024-V1-LSC,Supply Chain Sustainability Specialist,"Transportation, Logistics & Warehousing",Level 6,https://www.nqr.gov.in/qualifications/11574
11575,QG-06-TW-02190-2024-V1-LSC,Transportation Data Analyst,"Transportation, Logistics & Warehousing",Level 6,https://www.nqr.gov.in/qualifications/11575
11579,NM-04-AG-02539-2024-V1-ASCI,Practicing One Health Approach (Livestock),Agriculture,Level 4,https://www.nqr.gov.in/qualifications/11579
11581,QG-06-TW-02476-2024-V1-LSC,Green Hydrogen Tank Farm Manager,"Transportation, Logistics & Warehousing",Level 6,https://www.nqr.gov.in/qualifications/11581
11582,NM-3.5-AG-02540-2024-V1-ASCI,Quality Assurance in Grain Storage,Agriculture,Level 3.5,https://www.nqr.gov.in/qualifications/11582
11587,QG-03-ES-02634-2024-V2-SCGJ,Safai Mitra,"Water Supply, Sewerage, Waste Management & Remediation activities",Level 3,https://www.nqr.gov.in/qualifications/11587
11588,• QG-03-EH-00992-2023-V2-NIELIT,Product Assembly Assistant (Solar-LED),Electronics & HW,Level 3,https://www.nqr.gov.in/qualifications/11588
11590,QG-04-TW-02623-2024-V1-LSC,Crane Operator - Port Terminals/CFS/ICD,"Transportation, Logistics & Warehousing",Level 4,https://www.nqr.gov.in/qualifications/11590
11593,QG-05-TW-02625-2024-V1-LSC,Port Terminals/CFS/ICD Supervisor,"Transportation, Logistics & Warehousing",Level 5,https://www.nqr.gov.in/qualifications/11593
11595,QG-04-TW-02624-2024-V1-LSC,Marine Cargo Junior Inspector,"Transportation, Logistics & Warehousing",Level 4,https://www.nqr.gov.in/qualifications/11595
11598,QG-03-TW-02622-2024-V1-LSC,Junior Cargo Operator - Port Terminals/CFS/ICD,"Transportation, Logistics & Warehousing",Level 3,https://www.nqr.gov.in/qualifications/11598
11602,QG-04-IT-02180-2024-V1-NIELIT,Scientific Assistant in Data Science for Life Sciences,IT-ITeS,Level 4,https://www.nqr.gov.in/qualifications/11602
11606,NG-05-IT-02098-2024-V1-NASSCOM,Software Container Administration Specialist,IT-ITeS,Level 5,https://www.nqr.gov.in/qualifications/11606
11610,NG-05-IT-02097-2024-V1-NASSCOM,Linux Administrator for Datacenter,IT-ITeS,Level 5,https://www.nqr.gov.in/qualifications/11610
11612,QG-04-HY-02619-2024-V1-HSSC,Compressed Biogas Plant Technician,Hydrocarbon,Level 4,https://www.nqr.gov.in/qualifications/11612
11616,NG-4.5-IT-02240-2024-V1-NASSCOM,Data Analysis – IBM,IT-ITeS,Level 4.5,https://www.nqr.gov.in/qualifications/11616
11617,NG-4.5-IT-02235-2024-V1-NASSCOM,Data Analytics- Google,IT-ITeS,Level 4.5,https://www.nqr.gov.in/qualifications/11617
11618,NG-05-IT-02243-2024-V1-NASSCOM,Data Engineering – IBM,IT-ITeS,Level 5,https://www.nqr.gov.in/qualifications/11618
11619,NG-05-IT-02244-2024-V1-NASSCOM,Data Science – IBM,IT-ITeS,Level 5,https://www.nqr.gov.in/qualifications/11619
11620,NG-05-IT-02241-2024-V1-NASSCOM,DevOps programming–IBM,IT-ITeS,Level 5,https://www.nqr.gov.in/qualifications/11620
11621,QG-05-HY-02620-2024-V1-HSSC,Process Safety Supervisor – Oil & Gas,Hydrocarbon,Level 5,https://www.nqr.gov.in/qualifications/11621
11622,NG-4.5-IT-02236-2024-V1-NASSCOM,Digital Marketing & E-commerce- Google,IT-ITeS,Level 4.5,https://www.nqr.gov.in/qualifications/11622
11623,QG-04-HY-02621-2024-V1-HSSC,Retail Outlet Roof Top Solar Installer-Oil &Gas,Hydrocarbon,Level 4,https://www.nqr.gov.in/qualifications/11623
11624,NG-05-IT-02242-2024-V1-NASSCOM,Full Stack Software Development-IBM,IT-ITeS,Level 5,https://www.nqr.gov.in/qualifications/11624
11626,NG-05-IT-02237-2024-V1-NASSCOM,Project Management- Google,IT-ITeS,Level 4.5,https://www.nqr.gov.in/qualifications/11626
11627,NG-4.5-IT-02238-2024-V1-NASSCOM,UX Design-Google,IT-ITeS,Level 4.5,https://www.nqr.gov.in/qualifications/11627
11628,NG-05-IT-02239-2024-V1-NASSCOM,Cybersecurity Analysis-IBM,IT-ITeS,Level 5,https://www.nqr.gov.in/qualifications/11628
11629,QG-04-ES-02630-2024-V2-SCGJ,Solar Lighting Assembler,Environmental Science,Level 4,https://www.nqr.gov.in/qualifications/11629
11630,QG-02-ES-02632-2024-V2-SCGJ,Solar PV Installation Helper,Environmental Science,Level 2,https://www.nqr.gov.in/qualifications/11630
11636,QG-5.5-IT-02181-2024-V1-NIELIT,Multiomics Data Analyst,IT-ITeS,Level 5.5,https://www.nqr.gov.in/qualifications/11636
11638,NG-04-AG-02548-2024-V1-ASCI,Agri-extension in DRE Applications & Financing,Agriculture,Level 4,https://www.nqr.gov.in/qualifications/11638
11641,QG-05-IT-01490-2023-V1-GU,Associate Data Analyst,IT-ITeS,Level 5,https://www.nqr.gov.in/qualifications/11641
11643,QG-04-ES-02633-2024-V2-SCGJ,Solar PV Module Manufacturing Technician,Environmental Science,Level 4,https://www.nqr.gov.in/qualifications/11643
11647,NM-03-HY-02670-2024-V1-HSSC,Introduction of Petrochemical Sector,Hydrocarbon,Level 3,https://www.nqr.gov.in/qualifications/11647
11654,QG-03-EH-02595-2024-V1-NIELIT,Repair and Maintenance Assistant “Smart Phones”,Electronics & HW,Level 3,https://www.nqr.gov.in/qualifications/11654
11658,QG-03-PD-02204-2024-V1-SCPWD,Beekeeper (Divyangjan) - SHI,Persons with Disability,Level 3,https://www.nqr.gov.in/qualifications/11658
11661,NG-04-AG-02547-2024-V1-ASCI,Design and construct Vertical Garden,Agriculture,Level 4,https://www.nqr.gov.in/qualifications/11661
11663,NG-04-AG-02550-2024-V1-ASCI,Practicing Agrivoltaic Farming,Agriculture,Level 4,https://www.nqr.gov.in/qualifications/11663
11664,NG-04-AG-02549-2024-V1-ASCI,Repair and maintenance of solar powered farm equipment/machinery,Agriculture,Level 4,https://www.nqr.gov.in/qualifications/11664
11666,NG-4.5-AG-02545-2024-V1-ASCI,Satellite Data Analysis for Crop Management,Agriculture,Level 4.5,https://www.nqr.gov.in/qualifications/11666
11669,NG-04-AG-02546-2024-V1-ASCI,Seed Bank Management,Agriculture,Level 4,https://www.nqr.gov.in/qualifications/11669
11670,QG-04-AG-02606-2024-V2-ASCI,Irrigation Pump Technician (Small Capacity),Agriculture,Level 4,https://www.nqr.gov.in/qualifications/11670
11673,QG-2.5-AG-02607-2024-V2-ASCI,Florist,Agriculture,Level 2.5,https://www.nqr.gov.in/qualifications/11673
11676,QG-03-AG-02605-2024-V2-ASCI,Plant Nursery Associate,Agriculture,Level 3,https://www.nqr.gov.in/qualifications/11676
11678,NM-04-AG-02666-2024-V1-ASCI,Essentials of Mitigating GHG emissions in fish value chain,Agriculture,Level 4,https://www.nqr.gov.in/qualifications/11678
11679,NM-04-AG-02661-2024-V1-ASCI,Introduction to regulatory compliances for FPO,Agriculture,Level 4,https://www.nqr.gov.in/qualifications/11679
11680,NM-04-AG-02665-2024-V1-ASCI,Fundamentals of livestock marketing practices,Agriculture,Level 4,https://www.nqr.gov.in/qualifications/11680
11682,NM-04-AG-02663-2024-V1-ASCI,Fundamentals of Accounting and financial management practices for FPO,Agriculture,Level 4,https://www.nqr.gov.in/qualifications/11682
11684,NM-04-AG-02662-2024-V1-ASCI,Fundamentals of Business and Marketing Plan for a FPO,Agriculture,Level 4,https://www.nqr.gov.in/qualifications/11684
11685,NM-04-AG-02664-2024-V1-ASCI,Essentials of managing a FPO,Agriculture,Level 4,https://www.nqr.gov.in/qualifications/11685
11688,QG-04-FI-02617-2024-V1-FICSI,Sugar Processing Operator,Food Industry/Food Processing,Level 4,https://www.nqr.gov.in/qualifications/11688
11689,QG-04-ES-02629-2024-V2-SCGJ,Solar PV Installer - Electrical,Environmental Science,Level 4,https://www.nqr.gov.in/qualifications/11689
11690,NG-3.5-EH-02639-2024-V1-NIELIT,Introduction to IoT Application Development for Agriculture,Electronics & HW,Level 3.5,https://www.nqr.gov.in/qualifications/11690
11691,NG-04-AG-02648-2024-V1-ASCI,Essentials of Sustainable usage of fertilizer and soil ameliorants,Agriculture,Level 4,https://www.nqr.gov.in/qualifications/11691
11693,NG-3.5-AG-02650-2024-V1-ASCI,Introduction to operating solar powered appliances for post- harvest operations,Agriculture,Level 3.5,https://www.nqr.gov.in/qualifications/11693
11694,NG-04-AG-02651-2024-V1-ASCI,Fundamentals of Biomass Processing for Energy,Agriculture,Level 4,https://www.nqr.gov.in/qualifications/11694
11695,QG-05-ES-02631-2024-V2-SCGJ,Solar Water Pumping Junior Engineer,Environmental Science,Level 5,https://www.nqr.gov.in/qualifications/11695
11697,NG-04-AG-02646-2024-V1-ASCI,Fundamentals of Export norms for horticultural and high value crops,Agriculture,Level 4,https://www.nqr.gov.in/qualifications/11697
11698,QG-3.5-HC-02367-2024-V1-DGT,BASOHLI PAINTING ARTIST,Handicrafts & Carpets,Level 3.5,https://www.nqr.gov.in/qualifications/11698
11700,QG-3.5-HC-02368-2024-V1-DGT,CARPET WEAVING ARTISAN - HANDLOOM,Handicrafts & Carpets,Level 3.5,https://www.nqr.gov.in/qualifications/11700
11701,2022/AA/AASSC/06511,Airline Customer Service Executive,Aerospace & Aviation,Level 4,https://www.nqr.gov.in/qualifications/11701
11702,QG-3.5-HC-02369-2024-V1-DGT,HAND EMBROIDERY ARTISAN,Handicrafts & Carpets,Level 3.5,https://www.nqr.gov.in/qualifications/11702
11705,NG-04-AG-02649-2024-V1-ASCI,Fundamentals of On-farm strategies to mitigate climate risks,Agriculture,Level 4,https://www.nqr.gov.in/qualifications/11705
11707,QG-03-PD-02217-2024-V2-SCPWD,Jewellery Polisher & Cleaner (Divyangjan) LD,Persons with Disability,Level 3,https://www.nqr.gov.in/qualifications/11707
11708,NG-04-AG-02647-2024-V1-ASCI,Fundamentals of Aggregation and Post-Harvest Handling of Farm Produce,Agriculture,Level 4,https://www.nqr.gov.in/qualifications/11708
11709,QG-3.5-HC-02372-2024-V1-DGT,PAPER MACHE ARTISAN,Handicrafts & Carpets,Level 3.5,https://www.nqr.gov.in/qualifications/11709
11711,QG-03-PD-02218-2024-V2-SCPWD,Jewellery Polisher & Cleaner (Divyangjan) SHI,Persons with Disability,Level 3,https://www.nqr.gov.in/qualifications/11711
11712,2022/AA/AASSC/06514,Airline Cabin Crew,Aerospace & Aviation,Level 4,https://www.nqr.gov.in/qualifications/11712
11716,2022/AA/AASSC/06513,Airline Baggage Handler,Aerospace & Aviation,Level 3,https://www.nqr.gov.in/qualifications/11716
11717,2022/AA/AASSC/06512,Airline Reservation Agent,Aerospace & Aviation,Level 4,https://www.nqr.gov.in/qualifications/11717
11719,QG-3.5-HC-02373-2024-V1-DGT,TRADITIONAL PHULKARI ARTISAN,Handicrafts & Carpets,Level 3.5,https://www.nqr.gov.in/qualifications/11719
11720,NM-4.5-HY-02671-2024-V1-HSSC,Fundamentals of Project Management – Oil & Gas,Hydrocarbon,Level 4.5,https://www.nqr.gov.in/qualifications/11720
11721,QG-03-PD-02219-2024-V2-SCPWD,Jewellery Polisher & Cleaner (Divyangjan) LV,Persons with Disability,Level 3,https://www.nqr.gov.in/qualifications/11721
11722,2022/AA/AASSC/06515,Airline Cargo Assistant,Aerospace & Aviation,Level 3,https://www.nqr.gov.in/qualifications/11722
11723,QG-3.5-HC-02371-2024-V1-DGT,WOOD CARVING ARTISAN,Handicrafts & Carpets,Level 3.5,https://www.nqr.gov.in/qualifications/11723
11729,QG-3.5-HC-02370-2024-V1-DGT,SHAWL WEAVING ARTISAN,Handicrafts & Carpets,Level 3.5,https://www.nqr.gov.in/qualifications/11729
11734,QG-4.5-PD-02221-2024-V2-SCPWD,Recruitment Executive- (Divyangjan)-VI,Persons with Disability,Level 4.5,https://www.nqr.gov.in/qualifications/11734
11736,NG-3.5-EH-02640-2024-V1-NIELIT,Introduction to IoT Application Development for Building Security,Electronics & HW,Level 3.5,https://www.nqr.gov.in/qualifications/11736
11737,QG-03-OA-02520-2024-V1-MEPSC,Office Assistant,Oﬃce Administration & Facility Management,Level 3,https://www.nqr.gov.in/qualifications/11737
11738,QG-03-AG-02610-2024-V2-ASCI,Power Tiller Operator,Agriculture,Level 3,https://www.nqr.gov.in/qualifications/11738
11740,NG-3.5-EH-02641-2024-V1-NIELIT,Introduction to IoT Application Development for Smart City,Electronics & HW,Level 3.5,https://www.nqr.gov.in/qualifications/11740
11744,QG-04-PD-02207-2024-V1-SCPWD,Dairy Farmer (Divyangjan) - VI,Persons with Disability,Level 4,https://www.nqr.gov.in/qualifications/11744
11746,NG-3.5-EH-02642-2024-V1-NIELIT,Introduction to Cloud Based Robotics Solutions Development,Electronics & HW,Level 3.5,https://www.nqr.gov.in/qualifications/11746
11748,QG-04-AG-02608-2024-V2-ASCI,Plant Tissue Culture Technician,Agriculture,Level 4,https://www.nqr.gov.in/qualifications/11748
11749,QG-05-AG-02612-2024-V2-ASCI,Custom Hiring Centre In-charge (Agri machinery),Agriculture,Level 5,https://www.nqr.gov.in/qualifications/11749
11751,QG-2.5-AG-02611-2024-V2-ASCI,Pesticide & Fertilizer Applicator,Agriculture,Level 2.5,https://www.nqr.gov.in/qualifications/11751
11759,QG-2.5-AG-02614-2024-V2-ASCI,Flower Packager and Palletizer,Agriculture,Level 2.5,https://www.nqr.gov.in/qualifications/11759
11760,QG-5.5-IT-00618-2023-V1-SVSU,Online Advertisement Specialist,Media & Entertainment,Level 5.5,https://www.nqr.gov.in/qualifications/11760
11764,QG-04-AG-02615-2024-V2-ASCI,Harvesting Machinery Operator,Agriculture,Level 4,https://www.nqr.gov.in/qualifications/11764
11769,QG-04-EH-02597-2024-V1-NIELIT,Solar Panel Installation and Maintenance Technician (O-Level ‘Solar Power Electronics’),Electronics & HW,Level 4,https://www.nqr.gov.in/qualifications/11769
11770,NG-03-AU-02555-2024-V1-SAMITI,Nano Entrepreneurship in Car Washing Service,Automotive,Level 3,https://www.nqr.gov.in/qualifications/11770
11773,NG-06-EH-02643-2024-V1-NIELIT,Fundamentals of Quantum Computing,Electronics & HW,Level 6,https://www.nqr.gov.in/qualifications/11773
11777,NM-03-EH-02835-2024-V1-ESSC,Essentials of Refrigeration and Air Conditioning,Electronics & HW,Level 3,https://www.nqr.gov.in/qualifications/11777
11783,QG-3.5-AG-02375-2024-V1-DGT.,NURSERY & ORCHARD TECHNICIAN,Agriculture,Level 3.5,https://www.nqr.gov.in/qualifications/11783
11804,QG-2.5-HC-01721-2023-V1.1-HCSSC,Assistant Leather Toy Maker - Artisan,Handicrafts & Carpets,Level 2.5,https://www.nqr.gov.in/qualifications/11804
11813,QG-03-PD-02487-2024-V1-SCPWD,Green Hydrogen Plant Junior Technician - Storage (Divyangjan) - LD,Persons with Disability,Level 3,https://www.nqr.gov.in/qualifications/11813
11815,QG-03-PD-02488-2024-V1-SCPWD,Green Hydrogen Plant Junior Technician- Storage (Divyangjan) - SHI,Persons with Disability,Level 3,https://www.nqr.gov.in/qualifications/11815
11816,QG-05-PD-02509-2024-V1-SCPWD,Software Developer - IT Services (Divyangjan) - LD,Persons with Disability,Level 5,https://www.nqr.gov.in/qualifications/11816
11818,QG-05-PD-02510-2024-V1-SCPWD,Software Developer - IT Services (Divyangjan) - SHI,Persons with Disability,Level 5,https://www.nqr.gov.in/qualifications/11818
11820,QG-05-PD-02512-2024-V1-SCPWD,Software Developer - IT Services (Divyangjan) - VI,Persons with Disability,Level 5,https://www.nqr.gov.in/qualifications/11820
11821,QG-03-PD-02494-2024-V1-SCPWD,Receptionist (Divyangjan) - LD,Persons with Disability,Level 3,https://www.nqr.gov.in/qualifications/11821
11832,QG-03-PD-02492-2024-V1-SCPWD,Solar Manufacturing - Junior Technician (Divyangjan) - LD,Persons with Disability,Level 3,https://www.nqr.gov.in/qualifications/11832
11835,NG-3.5-EH-02638-2024-V1-NIELIT,3D Printing: Design and Development Fundamentals,Electronics & HW,Level 3.5,https://www.nqr.gov.in/qualifications/11835
11837,QG-2.5-PD-02489-2024-V1-SCPWD,Solar Domestic Product Assembler (Divyangjan) - LD,Persons with Disability,Level 2.5,https://www.nqr.gov.in/qualifications/11837
11842,QG-2.5-PD-02490-2024-V1-SCPWD,Solar Domestic Product Assembler (Divyangjan) - SHI,Persons with Disability,Level 2.5,https://www.nqr.gov.in/qualifications/11842
11843,QG-2.5-PD-02491-2024-V1-SCPWD,Solar Domestic Product Assembler (Divyangjan) - LV,Persons with Disability,Level 2.5,https://www.nqr.gov.in/qualifications/11843
11846,QG-04-PD-02506-2024-V2-SCPWD,Small Poultry Farmer (Divyangjan) - LD,Persons with Disability,Level 4,https://www.nqr.gov.in/qualifications/11846
11848,QG-04-PD-02507-2024-V2-SCPWD,Small Poultry Farmer (Divyangjan) - SHI,Persons with Disability,Level 4,https://www.nqr.gov.in/qualifications/11848
11852,QG-04-PD-02517-2024-V1-SCPWD,Advertising Traffic Coordinator (Media Organisations) (Divyangjan) - LD,Persons with Disability,Level 4,https://www.nqr.gov.in/qualifications/11852
11855,QG-04-PD-02519-2024-V1-SCPWD,Advertising Traffic Coordinator (Media Organisations) (Divyangjan) - VI,Persons with Disability,Level 4,https://www.nqr.gov.in/qualifications/11855
11870,QG-04-PD-02503-2024-V2-SCPWD,Organic Crop Grower (Divyangjan) - LD,Persons with Disability,Level 4,https://www.nqr.gov.in/qualifications/11870
11873,QG-04-PD-02504-2024-V2-SCPWD,Organic Crop Grower (Divyangjan) - SHI,Persons with Disability,Level 4,https://www.nqr.gov.in/qualifications/11873
11881,QG-05-PD-02513-2024-V1-SCPWD,Social Media Manager (Divyangjan) - LD,Persons with Disability,Level 5,https://www.nqr.gov.in/qualifications/11881
11882,QG-05-PD-02514-2024-V1-SCPWD,Social Media Manager (Divyangjan) - SHI,Persons with Disability,Level 5,https://www.nqr.gov.in/qualifications/11882
11885,QG-05-PD-02516-2024-V1-SCPWD,Social Media Manager (Divyangjan) - VI,Persons with Disability,Level 5,https://www.nqr.gov.in/qualifications/11885
11887,QG-04-OA-02521-2024-V1-MEPSC,Executive - Secretarial Services,Oﬃce Administration & Facility Management,Level 4,https://www.nqr.gov.in/qualifications/11887
11888,QG-04-PD-02499-2024-V2-SCPWD,Animator (Divyangjan) - LD,Persons with Disability,Level 4,https://www.nqr.gov.in/qualifications/11888
11890,QG-04-PD-02502-2024-V2-SCPWD,Animator (Divyangjan) - SHI,Persons with Disability,Level 4,https://www.nqr.gov.in/qualifications/11890
11900,QG-04-PD-02486-2024-V1-SCPWD,Organic Crop Grower (Divyangjan) - VI,Persons with Disability,Level 4,https://www.nqr.gov.in/qualifications/11900
11905,QG-4.5-OR-02433-2024-V2-RASCI.,Digital Cataloguer,Retail,Level 4.5,https://www.nqr.gov.in/qualifications/11905
11908,QG-2.5-HC-01724-2023-V1.1-HCSSC,Coir Fibre Artisan,Handicrafts & Carpets,Level 2.5,https://www.nqr.gov.in/qualifications/11908
11914,QC-05-CO-02969-2024-V1-SSDF,Fire Safety Officer,Construction,Level 5,https://www.nqr.gov.in/qualifications/11914
11916,NG-05-IT-02727-2024-V1-NASSCOM,Exploratory Data Analysis,IT-ITeS,Level 5,https://www.nqr.gov.in/qualifications/11916
11920,NG-5.5-IT-02728-2024-V1-NASSCOM,Prototyping Algorithmic Models,IT-ITeS,Level 5.5,https://www.nqr.gov.in/qualifications/11920
11921,QG-3.5-HC-01728-2023-V1.1-HCSSC,Finisher (Carpets),Handicrafts & Carpets,Level 3.5,https://www.nqr.gov.in/qualifications/11921
11923,NG-5.5-IT-02729-2024-V1-NASSCOM,Applications of Algorithmic Models,IT-ITeS,Level 5.5,https://www.nqr.gov.in/qualifications/11923
11924,NG-05-IT-02730-2024-V1-NASSCOM,Data Visualization,IT-ITeS,Level 5,https://www.nqr.gov.in/qualifications/11924
11929,QG-03-CG-02860-2024-V1-WBSCVT,Welder (Manual Metal Arc Welding and Gas Cutting),Capital Goods & Manufacturing,Level 3,https://www.nqr.gov.in/qualifications/11929
11933,QG-03-EH-02859-2024-V1-WBSC,Service Assistant (Domestic Electronics Products),Electronics & HW,Level 3,https://www.nqr.gov.in/qualifications/11933
11933,QG-03-EH-02859-2024-V1-WBSCVT,Service Assistant (Domestic Electronics Products),Electronics & HW,Level 3,https://www.nqr.gov.in/qualifications/11933
11937,QG-5.5-OR-02733-2023-V1-RASCI.,Marketing Manager (E-Commerce),Retail,Level 5.5,https://www.nqr.gov.in/qualifications/11937
11939,NG-4.5-IT-02732-2024-V1-NASSCOM,Big Data Analytics Foundation,IT-ITeS,Level 4.5,https://www.nqr.gov.in/qualifications/11939
11941,NG-05-IT-02726-2024-V1-NASSCOM,Data Preparation and Refinement for Analysis of Information,IT-ITeS,Level 5,https://www.nqr.gov.in/qualifications/11941
11942,NG-4.5-IT-02731-2024-V1-NASSCOM,AI Foundation,IT-ITeS,Level 4.5,https://www.nqr.gov.in/qualifications/11942
11944,QC-05-CO-02970-2024-V1-SSDF,Electrical Safety Supervisor,Construction,Level 5,https://www.nqr.gov.in/qualifications/11944
11957,QC-06-CO-02971-2024-V1-SSDF,Scaffold Design Engineer,Construction,Level 6,https://www.nqr.gov.in/qualifications/11957
11966,NM-04-CO-03004-2024-V1-SSDF,Basics of Occupational Hazards & Risk Management,Construction,Level 4,https://www.nqr.gov.in/qualifications/11966
11969,NM-04-CO-03005-2024-V1-SSDF,Basics of Risk Analysis & Accident Prevention methods,Construction,Level 4,https://www.nqr.gov.in/qualifications/11969
11970,NM-04-CO-03006-2024-V1-SSDF,Basics of Fire hazards & safety against fire hazards,Construction,Level 4,https://www.nqr.gov.in/qualifications/11970
11971,NM-04-CO-03007-2024-V1-SSDF,Basics of Safety & Health Requirement of BOCW Act 1996,Construction,Level 4,https://www.nqr.gov.in/qualifications/11971
11972,NM-2.5-CO-03008-2024-V1-SSDF,Basics of Safety Protocols for Construction Works,Construction,Level 2.5,https://www.nqr.gov.in/qualifications/11972
11974,QG-04-EH-02854-2024-V2-NIELIT,Printed Circuit Board Technician,Electronics & HW,Level 4,https://www.nqr.gov.in/qualifications/11974
11977,NM-4.5-IT-02990-2024-V1-ASAP,Fundamentals of Data visualization with Tableau,IT-ITeS,Level 4.5,https://www.nqr.gov.in/qualifications/11977
11984,QG-4.5-IT-00620-2023-V1-SVSU,Welding Robot Operator,Capital Goods & Manufacturing,Level 4.5,https://www.nqr.gov.in/qualifications/11984
11992,QG-04-AG-02609-2024-V2-ASCI,Repair and Maintenance Technician (Farm Machinery),Agriculture,Level 4,https://www.nqr.gov.in/qualifications/11992
12001,QG-04-EH-00993-2023-V1-SVSU,Industrial Automation Operator,Electronics & HW,Level 4,https://www.nqr.gov.in/qualifications/12001
12002,QG-03-ET-03013-2024-V1-MEPSC,Udyami Mitra,Oﬃce Administration & Facility Management,Level 3,https://www.nqr.gov.in/qualifications/12002
12003,NG-02-ET-03011-2024-V1-MEPSC,Basic of Leadership Development,Oﬃce Administration & Facility Management,Level 2,https://www.nqr.gov.in/qualifications/12003
12004,NG-2.5-ET-03012-2024-V1-MEPSC,Entrepreneurial Skills for Women,Oﬃce Administration & Facility Management,Level 2.5,https://www.nqr.gov.in/qualifications/12004
12008,QG-03-OA-02868-2024-V1-MEPSC,Client Engagement Associate,Oﬃce Administration & Facility Management,Level 3,https://www.nqr.gov.in/qualifications/12008
12009,QG-4.5-OA-02869-2024-V1-MEPSC,Documentation Executive (Import- Export),Oﬃce Administration & Facility Management,Level 4.5,https://www.nqr.gov.in/qualifications/12009
12010,NM-02-ET-02991-2024-V1-MEPSC,Basics of Financial Literacy,Oﬃce Administration & Facility Management,Level 2,https://www.nqr.gov.in/qualifications/12010
12012,NM-2.5-ET-02919-2024-V1-MEPSC,Fundamentals of Digital Literacy (Office Applications),Oﬃce Administration & Facility Management,Level 2.5,https://www.nqr.gov.in/qualifications/12012
12014,QG-03-PWD-01639-2023-V1.1-SCPWD,Retail Sales Associate - PwD LD,Persons with Disability,Level 3,https://www.nqr.gov.in/qualifications/12014
12015,QG-03-PWD-01640-2023-V1.1-SCPWD,Retail Sales Associate - PwD SHI,Persons with Disability,Level 3,https://www.nqr.gov.in/qualifications/12015
12021,NM-4.5-AU-03002-2024-V1-IACE,Introduction to Automotive Electronics,Automotive,Level 4.5,https://www.nqr.gov.in/qualifications/12021
12025,QG-5.5-CG-02043-2024-V1-CGSC,Digital Factory Automation engineer,Capital Goods & Manufacturing,Level 5.5,https://www.nqr.gov.in/qualifications/12025
12026,QG-5.5-CG-02048-2024-V1-CGSC,Additive Manufacturing Design and Application Engineer,Capital Goods & Manufacturing,Level 5.5,https://www.nqr.gov.in/qualifications/12026
12028,QG-5.5-CG-02041-2024-V1-CGSC,Robotics and Automation COBOTS Engineer,Capital Goods & Manufacturing,Level 5.5,https://www.nqr.gov.in/qualifications/12028
12029,QG-5.5-CG-02044-2024-V1-CGSC,Industrial automation safety engineer,Capital Goods & Manufacturing,Level 5.5,https://www.nqr.gov.in/qualifications/12029
12030,QG-5.5-CG-02042-2024-V1-CGSC,Predictive Maintenance Engineer,Capital Goods & Manufacturing,Level 5.5,https://www.nqr.gov.in/qualifications/12030
12031,QG-5.5-CG-02046-2024-V1-CGSC,Digital Twin engineer,Capital Goods & Manufacturing,Level 5.5,https://www.nqr.gov.in/qualifications/12031
12032,QG-5.5-CG-02039-2024-V1-CGSC,IIoT SYSTEM ARCHITECTURE ENGINEER,Capital Goods & Manufacturing,Level 5.5,https://www.nqr.gov.in/qualifications/12032
12033,QG-5.5-CG-02040-2024-V1-CGSC,IIoT Data Analytics Engineer,Capital Goods & Manufacturing,Level 5.5,https://www.nqr.gov.in/qualifications/12033
12034,QG-5.5-CG-02047-2024-V1-CGSC,Advanced Mechatronics Engineer,Capital Goods & Manufacturing,Level 5.5,https://www.nqr.gov.in/qualifications/12034
12035,QG-5.5-CG-02049-2024-V1-CGSC,Robotics & Automation PLC SCADA Engineer,Capital Goods & Manufacturing,Level 5.5,https://www.nqr.gov.in/qualifications/12035
12037,QG-05-AG-02613-2024-V2-ASCI,Repair and Maintenance Supervisor (Farm Machinery),Agriculture,Level 5,https://www.nqr.gov.in/qualifications/12037
12041,QG-5.5-CG-02045-2024-V1-CGSC,Augmented Reality System Designer,Capital Goods & Manufacturing,Level 5.5,https://www.nqr.gov.in/qualifications/12041
12047,QG-04-TH-02459-2024-V2-THSC,Billing Executive (Facility Management),Tourism & Hospitality,Level 4,https://www.nqr.gov.in/qualifications/12047
12048,QG-2.5-AG-02836-2024-V1-DYMT,Soil Testing Junior Technician,Agriculture,Level 2.5,https://www.nqr.gov.in/qualifications/12048
12050,NM-4.5-AU-03003-2024-V1-IACE,Introduction to Automotive Systems,Automotive,Level 4.5,https://www.nqr.gov.in/qualifications/12050
12051,QG-3.5-HE-02937-2024-V1-DWSSC,Assistant Creche Caretaker,Home Management and Caregiving,Level 3.5,https://www.nqr.gov.in/qualifications/12051
12061,QG-4.5-OA-02870-2024-V1-MEPSC,Digital Sales and Marketing Executive,Oﬃce Administration & Facility Management,Level 4.5,https://www.nqr.gov.in/qualifications/12061
12063,QG-04-ES-00146-2023-V1-SCGJ & version 1,Green Hydrogen Plant Technician,Environmental Science,Level 4,https://www.nqr.gov.in/qualifications/12063
12064,QG-05-OA-02871-2024-V1-MEPSC,Advance Course in Digital Sales and Marketing,Oﬃce Administration & Facility Management,Level 5,https://www.nqr.gov.in/qualifications/12064
12066,NG-05-IT-02656-2024-V1-HCL,Fundamentals of Network Administration with 5G,IT-ITeS,Level 5,https://www.nqr.gov.in/qualifications/12066
12070,NG-05-IT-02657-2024-V1-HCL,ABC of IT Services Processes and Tools Management,IT-ITeS,Level 5,https://www.nqr.gov.in/qualifications/12070
12071,QG-4.5-AU-00622-2023-V1-SVSU,Mechatronics Senior Technician,Electronics & HW,Level 4.5,https://www.nqr.gov.in/qualifications/12071
12072,QG-5.5-MG-02929-2024-V1-SCMS,Mine Foreman/Overman,Mining,Level 5.5,https://www.nqr.gov.in/qualifications/12072
12074,NM-06-HE-03001-2024-V1-HSSC,Advanced Cardiopulmonary Life Support,Healthcare,Level 6,https://www.nqr.gov.in/qualifications/12074
12076,QG-04-ES-00147-2023-V1-SCGJ & version 1,Solar PV Cell Manufacturing Technician,Environmental Science,Level 4,https://www.nqr.gov.in/qualifications/12076
12077,NG-05-IT-02658-2024-V1-HCL,Essentials of System Administration with Linux OS,IT-ITeS,Level 5,https://www.nqr.gov.in/qualifications/12077
12078,NM-05-IT-02672-2024-V1-HCL,Essentials of Hardware Virtualization,IT-ITeS,Level 5,https://www.nqr.gov.in/qualifications/12078
12081,NM-05-IT-02673-2024-V1-HCL,Cloud Computing Fundamentals,IT-ITeS,Level 5,https://www.nqr.gov.in/qualifications/12081
12082,QG-03-MG-02928-2024-V1-SCMS,Drill Operator {Down-the-hole/Long Hole (DTH/LH)},Mining,Level 3,https://www.nqr.gov.in/qualifications/12082
12083,QG-4.5-TH-02936-2024-V1-DWSSC,Care Homes Supervisor,Home Management and Caregiving,Level 4.5,https://www.nqr.gov.in/qualifications/12083
12084,NM-05-IT-02674-2024-V1-HCL,Fundamentals of Cloud Identity & Access Management,IT-ITeS,Level 5,https://www.nqr.gov.in/qualifications/12084
12085,NM-05-IT-02675-2024-V1-HCL,Getting Started with Cloud Networking,IT-ITeS,Level 5,https://www.nqr.gov.in/qualifications/12085
12086,NM-05-IT-02676-2024-V1-HCL,"ABC of Data, Disaster and Recovery Management in Cloud",IT-ITeS,Level 5,https://www.nqr.gov.in/qualifications/12086
12087,NM-05-IT-02677-2024-V1-HCL,Essentials of Cyber Safety for Teachers,IT-ITeS,Level 5,https://www.nqr.gov.in/qualifications/12087
12089,NM-05-IT-02678-2024-V1-HCL,Essentials of Cyber Safety for Professionals,IT-ITeS,Level 5,https://www.nqr.gov.in/qualifications/12089
12090,NM-03-IT-02679-2024-V1-HCL,Introduction to Cyber Security for Women,IT-ITeS,Level 3,https://www.nqr.gov.in/qualifications/12090
12091,QG-03-MG-02926-2024-V1-SCMS,Low Profile Dump Truck (LPDT) Operator,Mining,Level 3,https://www.nqr.gov.in/qualifications/12091
12095,QG-05-EH-02592-2024-V1-NIELIT,Embedded System Developer (A-Level 'Embedded System Design’),Electronics & HW,Level 5,https://www.nqr.gov.in/qualifications/12095
12096,NM-03-IT-02680-2024-V1-HCL,Introduction to Cyber Security for students,IT-ITeS,Level 3,https://www.nqr.gov.in/qualifications/12096
12097,NM-05-IT-02681-2024-V1-HCL,Essentials of Cyber Security for lawyers,IT-ITeS,Level 3,https://www.nqr.gov.in/qualifications/12097
12099,NG-05-IT-02659-2024-V1-HCL,Essentials of Automation Testing with Scripting,IT-ITeS,Level 5,https://www.nqr.gov.in/qualifications/12099
12100,QG-03-MG-02927-2024-V1-SCMS,Slurry Pump Operator (Mines),Mining,Level 3,https://www.nqr.gov.in/qualifications/12100
12101,NM-4.5-IT-02682-2024-V1-HCL,Essentials of Agile Testing Methodologies,IT-ITeS,Level 4.5,https://www.nqr.gov.in/qualifications/12101
12103,NM-4.5-IT-02683-2024-V1-HCL,Essentials of Test Planning and Progress Monitoring,IT-ITeS,Level 4.5,https://www.nqr.gov.in/qualifications/12103
12105,NM-05-IT-02684-2024-V1-HCL,Getting started with Python Scripts for Automation Testing,IT-ITeS,Level 5,https://www.nqr.gov.in/qualifications/12105
12106,NM-4.5-IT-02685-2024-V1-HCL,"Introduction to Integration, System and Acceptance Testing",IT-ITeS,Level 4.5,https://www.nqr.gov.in/qualifications/12106
12107,NM-4.5-IT-02686-2024-V1-HCL,Essentials of Defect Life Cycle Management,IT-ITeS,Level 4.5,https://www.nqr.gov.in/qualifications/12107
12111,NM-05-IT-02687-2024-V1-HCL,Foundation of Data Engineering,IT-ITeS,Level 5,https://www.nqr.gov.in/qualifications/12111
12112,NM-04-OR-02920-2024-V1-RASCI,Fundamentals of Artificial Intelligence (AI) for Retail,Retail,Level 4,https://www.nqr.gov.in/qualifications/12112
12114,NM-05-IT-02688-2024-V1-HCL,Essentials of Python programming and libraries to work with data,IT-ITeS,Level 5,https://www.nqr.gov.in/qualifications/12114
12115,NM-05-IT-02689-2024-V1-HCL,SQL and NoSQL for Beginners,IT-ITeS,Level 5,https://www.nqr.gov.in/qualifications/12115
12120,NM-3.5-IT-02917-2024-V1-DGT,INTRODUCTION TO ARTIFICIAL INTELLIGENCE (AI),IT-ITeS,Level 3.5,https://www.nqr.gov.in/qualifications/12120
12121,NM-05-IT-02690-2024-V1-HCL,Introduction to data warehousing and modelling,IT-ITeS,Level 5,https://www.nqr.gov.in/qualifications/12121
12122,NM-05-IT-02691-2024-V1-HCL,Getting started with Big data for Extract Transformation and Load,IT-ITeS,Level 5,https://www.nqr.gov.in/qualifications/12122
12123,NM-05-IT-02692-2024-V1-HCL,Essentials of Data Analytics and Visualization,IT-ITeS,Level 5,https://www.nqr.gov.in/qualifications/12123
12124,IT QG-5.5-IT-02637-2024-V1-ITDA,AI-Business Analyst,IT-ITeS,Level 5.5,https://www.nqr.gov.in/qualifications/12124
12125,QG-04-EH-02591-2024-V1-NIELIT,Embedded System Junior Developer (O-Level 'Embedded System Design’),Electronics & HW,Level 4,https://www.nqr.gov.in/qualifications/12125
12127,QG-03-OR-02873-2024-V1-RASCI,Retail Order Fulfilment Assistant,Retail,Level 3,https://www.nqr.gov.in/qualifications/12127
12128,QG-05-IS-02930-2024-V1-IISSSC,Stainless Steel Heavy Structure Fabricator,Iron & Steel,Level 5,https://www.nqr.gov.in/qualifications/12128
12130,NG-04-EH-02979-2024-V1-ESSC,Essentials of Coding and Programming,Electronics & HW,Level 4,https://www.nqr.gov.in/qualifications/12130
12132,NM-05-IT-02693-2024-V1-HCL,Introduction to Statistical Analysis and Problem Solving,IT-ITeS,Level 5,https://www.nqr.gov.in/qualifications/12132
12134,NM-05-IT-02694-2024-V1-HCL,Foundation of Generative AI & Prompt engineering,IT-ITeS,Level 5,https://www.nqr.gov.in/qualifications/12134
12136,NM-05-IT-02695-2024-V1-HCL,Getting started with Web Development,IT-ITeS,Level 5,https://www.nqr.gov.in/qualifications/12136
12138,NM-05-IT-02696-2024-V1-HCL,Essentials of Dynamic Web development with Servlets and Java,IT-ITeS,Level 5,https://www.nqr.gov.in/qualifications/12138
12139,NM-05-IT-02697-2024-V1-HCL,Getting started with Web services,IT-ITeS,Level 5,https://www.nqr.gov.in/qualifications/12139
12140,NM-05-IT-02698-2024-V1-HCL,Introduction to Web UI development with Node,IT-ITeS,Level 5,https://www.nqr.gov.in/qualifications/12140
12141,NM-05-IT-02699-2024-V1-HCL,Introduction to Web UI development with React,IT-ITeS,Level 5,https://www.nqr.gov.in/qualifications/12141
12142,NM-05-IT-02700-2024-V1-HCL,Foundation of Object Oriented Programming using Java,IT-ITeS,Level 5,https://www.nqr.gov.in/qualifications/12142
12143,QG-04-EH-02593-2024-V1-NIELIT,Chip Design Associate (O-Level ‘Chip Design’),Electronics & HW,Level 4,https://www.nqr.gov.in/qualifications/12143
12144,NM-05-IT-02701-2024-V1-HCL,Essentials of Oracle SQL and Data base connectivity using JDBC,IT-ITeS,Level 5,https://www.nqr.gov.in/qualifications/12144
12145,NM-05-IT-02702-2024-V1-HCL,Foundation of data base management using Mongo DB,IT-ITeS,Level 5,https://www.nqr.gov.in/qualifications/12145
12146,NM-05-IT-02703-2024-V1-HCL,Fundamentals of Boot- Strapping for UI Application design,IT-ITeS,Level 5,https://www.nqr.gov.in/qualifications/12146
12147,NM-05-IT-02704-2024-V1-HCL,Fundamentals of User Interface Design and development using Angular,IT-ITeS,Level 5,https://www.nqr.gov.in/qualifications/12147
12148,NM-05-IT-02705-2024-V1-HCL,Essentials of Spring Framework,IT-ITeS,Level 5,https://www.nqr.gov.in/qualifications/12148
12149,NG-05-IT-02660-2024-V1-HCL,Capstone Industry project for Application Development / Data Science,IT-ITeS,Level 5.5,https://www.nqr.gov.in/qualifications/12149
12153,QG-05-EH-02594-2024-V1-NIELIT,Junior Chip Designer (A-Level 'Chip Design'),Electronics & HW,Level 5,https://www.nqr.gov.in/qualifications/12153
12154,QG-03-PWD-01646-2023-V1.1-SCPWD,Sewing Machine Operator-PwD LD,Persons with Disability,Level 3,https://www.nqr.gov.in/qualifications/12154
12156,QG-03-PWD-01647-2023-V1.1-SCPWD,Sewing Machine Operator-PwD SHI,Persons with Disability,Level 3,https://www.nqr.gov.in/qualifications/12156
12165,QG-03-PWD-01696-2023-V1.1-SCPWD,Biometric Data Operator–(Divyangjan) LD,Persons with Disability,Level 3,https://www.nqr.gov.in/qualifications/12165
12166,QG-2.5-AU-02944-2024-V2-ASDC,Auto Rickshaw Driver,Automotive,Level 2.5,https://www.nqr.gov.in/qualifications/12166
12173,NG-4.5-EH-02977-2024-V1-ESSC,Essentials of Internet of Things,Electronics & HW,Level 4.5,https://www.nqr.gov.in/qualifications/12173
12175,NG-2.5-EH-02976-2024-V1-ESSC,Fundamentals of AIOT (Artificial Intelligence of Things),Electronics & HW,Level 2.5,https://www.nqr.gov.in/qualifications/12175
12179,QG-3.5-WS-02940-2024-V1-WMPS,Water Treatment Plant Assistant Operator,"Water Supply, Sewerage, Waste Management & Remediation activities",Level 3.5,https://www.nqr.gov.in/qualifications/12179
12181,NM-02-WS-03009-2024-V1-WMPSC,Fundamentals of Water Quality Analysis: Test Kit Techniques,"Water Supply, Sewerage, Waste Management & Remediation activities",Level 2,https://www.nqr.gov.in/qualifications/12181
12184,QG-04-OR-02874-2024-V1-RASCI,Retail Sales Executive,Retail,Level 4,https://www.nqr.gov.in/qualifications/12184
12187,QG-04-WS-02939-2024-V1-WMPS,Industrial Wastewater Treatment Plant Operator,"Water Supply, Sewerage, Waste Management & Remediation activities",Level 4,https://www.nqr.gov.in/qualifications/12187
12188,QG-04-TH-02938-2024-V1-WMPS,Sewage Treatment Plant Operator,"Water Supply, Sewerage, Waste Management & Remediation activities",Level 4,https://www.nqr.gov.in/qualifications/12188
12190,QG-5.5-OR-02875-2024-V1-RASCI,Retail Merchandise Manager,Retail,Level 5.5,https://www.nqr.gov.in/qualifications/12190
12198,QG-4.5-AU-02947-2024-V2-ASDC,Automotive Service Advisor,Automotive,Level 4.5,https://www.nqr.gov.in/qualifications/12198
12203,NG-3.5-CG-02876-2024-V1-DGT,Fundamentals of IoT Application and Maintenance,Electronics & HW,Level 3.5,https://www.nqr.gov.in/qualifications/12203
12205,NG-3.5-CG-02877-2024-V1-DGT,FUNDAMENTALS OF SEMICONDUCTOR TECHNOLOGY,Electronics & HW,Level 3.5,https://www.nqr.gov.in/qualifications/12205
12207,NG-04-PW-02710-2024-V1-DGT,ROOFTOP SOLAR PV (INSTALLATION & MAINTENANCE),Power,Level 3,https://www.nqr.gov.in/qualifications/12207
12209,QG-03-FI-02932-2024-V2-FICSI.,Assistant Baking Technician,Food Industry/Food Processing,Level 3,https://www.nqr.gov.in/qualifications/12209
12210,QG-4.5-AU-02946-2024-V2-ASDC,Driving Trainer-LMV,Automotive,Level 4.5,https://www.nqr.gov.in/qualifications/12210
12211,QG-04-AU-02943-2024-V2-ASDC,Four Wheeler Service Technician,Automotive,Level 4,https://www.nqr.gov.in/qualifications/12211
12214,QG-03-BW-02861-2024-V1-BWSSC,Assistant Tattoo Artist,Beauty & Wellness,Level 3,https://www.nqr.gov.in/qualifications/12214
12215,QG-04-AU-02945-2024-V2-ASDC,Service Technician (Heavy Motor Vehicle),Automotive,Level 4,https://www.nqr.gov.in/qualifications/12215
12216,NG-02-BW-02916-2024-V1-BWSSC,Basics of personal hygiene,Beauty & Wellness,Level 2,https://www.nqr.gov.in/qualifications/12216
12221,QG-04-PD-03014-2024-V1.1-SCPWD,Front Office Associate -PwD SHI,Persons with Disability,Level 4,https://www.nqr.gov.in/qualifications/12221
12222,QG-03-FI-02935-2024-V2-FICSI,Assistant Food Sales Promoter,Food Industry/Food Processing,Level 3,https://www.nqr.gov.in/qualifications/12222
12223,QG-04-PWD-01668-2023-V1.1-SCPWD,Front Office Associate -PwD LV,Persons with Disability,Level 4,https://www.nqr.gov.in/qualifications/12223
12224,QG-03-FI-02934-2024-V2-FICSI,Fish & Seafood Jr. Processor,Food Industry/Food Processing,Level 3,https://www.nqr.gov.in/qualifications/12224
12225,NG-02-BW-02915-2024-V1-BWSSC,Basics of Saree Draping,Beauty & Wellness,Level 2,https://www.nqr.gov.in/qualifications/12225
12226,QG-03-FI-02931-2024-V2-FICSI,Assistant Lab Technician - Food and Agricultural Commodities,Food Industry/Food Processing,Level 3,https://www.nqr.gov.in/qualifications/12226
12227,QG-04-PWD-01701-2023-V1.1-SCPWD,Web Developer– (Divyangjan) LD,Persons with Disability,Level 4,https://www.nqr.gov.in/qualifications/12227
12228,QG-04-CO-00619-2023-V1-SVSU,Smart Electrician,Construction,Level 4,https://www.nqr.gov.in/qualifications/12228
12235,QG-04-PWD-01677-2023-V1.1-SCPWD,Dairy Farmer (Divyangjan)- LD,Persons with Disability,Level 4,https://www.nqr.gov.in/qualifications/12235
12236,QG-04-PWD-01678-2023-V1.1-SCPWD,Dairy Farmer (Divyangjan)- SHI,Persons with Disability,Level 4,https://www.nqr.gov.in/qualifications/12236
12238,NG-04-EH-02886-2024-V1-NIELIT,Fundamentals of Embedded C programming,Electronics & HW,Level 4,https://www.nqr.gov.in/qualifications/12238
12241,NG-2.5- BW-00741- 2023-V1- BWSSC,Assistant Hair Dresser,Beauty & Wellness,Level 2.5,https://www.nqr.gov.in/qualifications/12241
12242,NG-2.5- BW-00740- 2023-V1- BWSSC,Assistant Barber – Salon Services,Beauty & Wellness,Level 2.5,https://www.nqr.gov.in/qualifications/12242
12245,NM-01-LS-02543-2024-V1-LSSSDC,Essential Guidelines on Safe keeping medicines at home,Life Sciences,Level 1,https://www.nqr.gov.in/qualifications/12245
12248,NG-04-EH-02887-2024-V1-NIELIT,"Fundamentals of Microcontroller architecture (ARM), programming and interfacing",Electronics & HW,Level 4,https://www.nqr.gov.in/qualifications/12248
12249,NG-04-EH-02888-2024-V1-NIELIT,Fundamentals of sensing and actuation in embedded systems,Electronics & HW,Level 4,https://www.nqr.gov.in/qualifications/12249
12250,NG-04-EH-02889-2024-V1-NIELIT,Basics of Embedded Linux Internals,Electronics & HW,Level 4,https://www.nqr.gov.in/qualifications/12250
12251,NG-05-EH-02890-2024-V1-NIELIT,Essentials of Real Time Operating Systems for Embedded Application,Electronics & HW,Level 5,https://www.nqr.gov.in/qualifications/12251
12255,NM-04-EH-02993-2024-V1-ESSC,Foundation of System on Chip (SoC) Design,Electronics & HW,Level 4,https://www.nqr.gov.in/qualifications/12255
12257,QG-3.5-HC-03170-2024-V2-DGT,BAMBOO WORKS,Handicrafts & Carpets,Level 3.5,https://www.nqr.gov.in/qualifications/12257
12259,NM-05-IT-02994-2024-V1-NASSCOM,Digital Application Fundamentals: STEM,IT-ITeS,Level 5,https://www.nqr.gov.in/qualifications/12259
12260,NM-05-IT-02995-2024-V1-NASSCOM,Digital Application Fundamentals Non STEM,IT-ITeS,Level 5,https://www.nqr.gov.in/qualifications/12260
12262,NM-01-LS-02669-2024-V1-LSSSDC,Introduction to Home Remedies for Common Sicknesses,Life Sciences,Level 1,https://www.nqr.gov.in/qualifications/12262
12263,NM-01-LS-02544-2024-V1-LSSSDC,Safety precautions against transmissible infections,Life Sciences,Level 1,https://www.nqr.gov.in/qualifications/12263
12269,NG-2.5-LS-02654-2024-V1-LSSSDC,"Beginner's Guide to Life Sciences (Pharmaceutical, Medical Devices & Biotechnology)",Life Sciences,Level 2.5,https://www.nqr.gov.in/qualifications/12269
12270,NG-4.5-EH-02978-2024-V1-ESSC,Fundamentals of Big Data,Electronics & HW,Level 4.5,https://www.nqr.gov.in/qualifications/12270
12271,NG-2.5-LS-02655-2024-V1-LSSSDC,"Life Sciences (Pharmaceutical, Medical Devices & Biotechnology) Fundamentals",Life Sciences,Level 2.5,https://www.nqr.gov.in/qualifications/12271
12274,NG-05-EH-02891-2024-V1-NIELIT,Basics of Embedded Communication Protocols,Electronics & HW,Level 5,https://www.nqr.gov.in/qualifications/12274
12277,NM-05-IT-02997-2024-V1-NASSCOM,Digital Application Fundamental Professional Skills,IT-ITeS,Level 5,https://www.nqr.gov.in/qualifications/12277
12278,NM-05-IT-02996-2024-V1-NASSCOM,Digital Application Fundamentals Responsible AI,IT-ITeS,Level 5,https://www.nqr.gov.in/qualifications/12278
12282,NG-05-EH-02892-2024-V1-NIELIT,Fundamentals of Wireless Sensor networks,Electronics & HW,Level 5,https://www.nqr.gov.in/qualifications/12282
12283,QG-03-PWD-01680-2023-V1.1-SCPWD,Finisher and Packer (Apparel) (Divyangjan)– LD,Persons with Disability,Level 3,https://www.nqr.gov.in/qualifications/12283
12290,NM-05-HY-02999-2024-V1-HSSCI.,Basic of Green Hydrogen Cooling and Compression Process,Hydrocarbon,Level 5,https://www.nqr.gov.in/qualifications/12290
12292,NM-05-HY-03000-2024-V1-HSSCI,Basics of Green Hydrogen Water Treatment Process,Hydrocarbon,Level 5,https://www.nqr.gov.in/qualifications/12292
12293,NG-05-IT-02984-2024-V1-NASSCOM,Cloud Computing Foundations Google,IT-ITeS,Level 5,https://www.nqr.gov.in/qualifications/12293
12294,NG-5.5-IT-02983-2024-V1-NASSCOM,Cloud Cybersecurity Google,IT-ITeS,Level 5.5,https://www.nqr.gov.in/qualifications/12294
12295,NG-5.5-IT-02982-2024-V1-NASSCOM,Cloud Data Analytics Google,IT-ITeS,Level 5.5,https://www.nqr.gov.in/qualifications/12295
12297,NG-5.5-IT-02981-2024-V1-NASSCOM,Cloud Engineering Google,IT-ITeS,Level 5.5,https://www.nqr.gov.in/qualifications/12297
12298,QG-2.5-HY-02961-2024-V1-HSSC,Junior Plumber (City Gas Distribution),Hydrocarbon,Level 2.5,https://www.nqr.gov.in/qualifications/12298
12299,QG-2.5-HY-02960-2024-V1-HSSC,Industrial Cleaner - Oil & Gas,Hydrocarbon,Level 2.5,https://www.nqr.gov.in/qualifications/12299
12304,NG-05-EH-02893-2024-V1-NIELIT,Fundamentals of Linux Device Driver Development,Electronics & HW,Level 5,https://www.nqr.gov.in/qualifications/12304
12311,QG-03-PWD-01681-2023-V1.1-SCPWD,Finisher and Packer (Apparel) (Divyangjan)– SHI,Persons with Disability,Level 3,https://www.nqr.gov.in/qualifications/12311
12312,QG-03-PWD-01682-2023-V1.1-SCPWD,Finisher and Packer (Apparel) (Divyangjan)– LV,Persons with Disability,Level 3,https://www.nqr.gov.in/qualifications/12312
12316,NG-05-EH-02894-2024-V1-NIELIT,Essentials of IoT Application Development,Electronics & HW,Level 5,https://www.nqr.gov.in/qualifications/12316
12319,QG-03-PWD-01692-2023-V1.1-SCPWD,Crochet Lace Tailor -PwD LD,Persons with Disability,Level 3,https://www.nqr.gov.in/qualifications/12319
12320,QG-03-PWD-01693-2023-V1.1-SCPWD,Crochet Lace Tailor -PwD SHI,Persons with Disability,Level 3,https://www.nqr.gov.in/qualifications/12320
12321,QG-03-PWD-01637-2023-V1.1-SCPWD,Hand Crochet Lace Maker -PwD LD,Persons with Disability,Level 3,https://www.nqr.gov.in/qualifications/12321
12322,QG-03-PWD-01638-2023-V1.1-SCPWD,Hand Crochet Lace Maker -PwD SHI,Persons with Disability,Level 3,https://www.nqr.gov.in/qualifications/12322
12326,NG-05-EH-02896-2024-V1-NIELIT,Fundamentals of Embedded Product Design,Electronics & HW,Level 5,https://www.nqr.gov.in/qualifications/12326
12334,NG-2.5-EH-02975-2024-V1-ESSC,Fundamentals of Robotronics,Electronics & HW,Level 2.5,https://www.nqr.gov.in/qualifications/12334
12338,NG-05-EH-02898-2024-V1-NIELIT,Essentials of Embedded System for Automotive Electronics,Electronics & HW,Level 5,https://www.nqr.gov.in/qualifications/12338
12339,NG-05-IT-02987-2024-V1-HCL,Essentials of Embedded & IoT Development,IT-ITeS,Level 5,https://www.nqr.gov.in/qualifications/12339
12340,NG-05-EH-02899-2024-V1-NIELIT,Essentials of Embedded System for Medical Electronics,Electronics & HW,Level 5,https://www.nqr.gov.in/qualifications/12340
12341,NG-05-IT-02988-2024-V1-HCL,Essentials of Embedded Development,IT-ITeS,Level 5,https://www.nqr.gov.in/qualifications/12341
12342,NG-05-IT-02989-2024-V1-HCL,Essentials of VLSI Design,IT-ITeS,Level 5,https://www.nqr.gov.in/qualifications/12342
12350,QG-04-AG-02925-2024-V1-ASCI,Tropical/Sub-tropical Fruit Grower,Agriculture,Level 4,https://www.nqr.gov.in/qualifications/12350
12352,NG-04-EH-02980-2024-V1-ESSC,VLSI Design Fundamentals,Electronics & HW,Level 4,https://www.nqr.gov.in/qualifications/12352
12358,QG-02-PWD-01370-2023-V1-SCPWD,Automotive Packing Assistant - (Divyangjan)- LD,Persons with Disability,Level 2,https://www.nqr.gov.in/qualifications/12358
12360,NG-05-EH-02897-2024-V1-NIELIT,Essentials of AI for Embedded Application,Electronics & HW,Level 5,https://www.nqr.gov.in/qualifications/12360
12361,QG-02-PWD-01371-2023-V1-SCPWD,Automotive Packing Assistant - (Divyangjan)- SHI,Persons with Disability,Level 2,https://www.nqr.gov.in/qualifications/12361
12363,QG-02-PWD-01373-2023-V1-SCPWD,Automotive Packing Assistant - (Divyangjan)- VI,Persons with Disability,Level 2,https://www.nqr.gov.in/qualifications/12363
12364,NG-05-EH-02900-2024-V1-NIELIT,Essentials of Embedded Security,Electronics & HW,Level 5,https://www.nqr.gov.in/qualifications/12364
12367,QG-04-PWD-01707-2023-V1.1-SCPWD,Customer Care Executive-Non- Voice (Divyangjan)-VI,Persons with Disability,Level 4,https://www.nqr.gov.in/qualifications/12367
12371,QG-04-PWD-01394-2023-V1-SCPWD,Baking technician (Divyangjan) - VI,Persons with Disability,Level 4,https://www.nqr.gov.in/qualifications/12371
12384,NG-5.5-IT-02914-2024-V1-MSME,Fundamentals of SAP Business One,IT-ITeS,Level 5.5,https://www.nqr.gov.in/qualifications/12384
12390,QG-05 -PD-00417-2023-V1-SCPWD,Housekeeping Supervisor -(Divyangjan)-SHI,Persons with Disability,Level 5,https://www.nqr.gov.in/qualifications/12390
12392,QG-04-PD-00389-2023-V1-SCPWD,Handheld Devices (Handset & Tablet) Technician-LD,Persons with Disability,Level 4,https://www.nqr.gov.in/qualifications/12392
12394,QG-04-PD-00391-2023-V1-SCPWD,Handheld Devices (Handset & Tablet) Technician (Divyangjan)-LV,Persons with Disability,Level 4,https://www.nqr.gov.in/qualifications/12394
12399,QG-03-AP-03234-2024-V1-UPSCVT,Chikankari & Zardosi Artisan,Apparel,Level 3,https://www.nqr.gov.in/qualifications/12399
12400,QG-04-SP-02948-2024-V2-SPEFLSC,General Fitness Trainer,"Sports, Physical Education, Fitness & Leisure",Level 4,https://www.nqr.gov.in/qualifications/12400
12401,QG-05-TH-02965-2024-V1-MUR,Travel Coordinator,Tourism & Hospitality,Level 5,https://www.nqr.gov.in/qualifications/12401
12402,QG-05-SP-02949-2024-V2-SPEFLSC,Personal Fitness Trainer,"Sports, Physical Education, Fitness & Leisure",Level 5,https://www.nqr.gov.in/qualifications/12402
12403,QG-4.5-TH-02966-2024-V1-MUR,Culinary Assistant,Tourism & Hospitality,Level 4.5,https://www.nqr.gov.in/qualifications/12403
12404,QG-05-SP-02950-2024-V2-SPEFLSC,Group Fitness Trainer,"Sports, Physical Education, Fitness & Leisure",Level 5,https://www.nqr.gov.in/qualifications/12404
12405,QG-04-TH-02967-2024-V1-MUR,Assistant Housekeeper (Hospitality),Tourism & Hospitality,Level 4,https://www.nqr.gov.in/qualifications/12405
12406,QG-5.5-SP-02951-2024-V2-SPEFLSC,Strength and Conditioning Coach,"Sports, Physical Education, Fitness & Leisure",Level 5.5,https://www.nqr.gov.in/qualifications/12406
12407,QG-04-TH-02968-2024-V1-MUR,Assistant Tourist Guide,Tourism & Hospitality,Level 4,https://www.nqr.gov.in/qualifications/12407
12409,QG-04-TH-00621-2023-V1-SVSU.,Indian Traditional Food Maker,Tourism & Hospitality,Level 4,https://www.nqr.gov.in/qualifications/12409
12410,QG-06-SP-02952-2024-V2-SPEFLSC,Fitness Centre Head,"Sports, Physical Education, Fitness & Leisure",Level 6,https://www.nqr.gov.in/qualifications/12410
12416,QG-04-PWD-01382-2023-V1-SCPWD,Spice Processing Technician (Divyangjan) - LD,Persons with Disability,Level 3,https://www.nqr.gov.in/qualifications/12416
12417,QG-04-PWD-01383-2023-V1-SCPWD,Spice Processing Technician (Divyangjan) - SHI,Persons with Disability,Level 3,https://www.nqr.gov.in/qualifications/12417
12418,QG-04-PWD-01384-2023-V1-SCPWD,Spice Processing Technician (Divyangjan) - LV,Persons with Disability,Level 3,https://www.nqr.gov.in/qualifications/12418
12419,QG-04-PWD-01385-2023-V1-SCPWD,Spice Processing Technician (Divyangjan) - VI,Persons with Disability,Level 3,https://www.nqr.gov.in/qualifications/12419
12420,NG-04-EH-02901-2024-V1-NIELIT,Fundamentals of VLSI Design,Electronics & HW,Level 4,https://www.nqr.gov.in/qualifications/12420
12421,QG-03-PWD-01389-2023-V1-SCPWD,Traditional sweet and Savoury product maker (Divyangjan) LD,Persons with Disability,Level 3,https://www.nqr.gov.in/qualifications/12421
12424,QG-03-PWD-01390-2023-V1-SCPWD,Traditional sweet and Savoury product maker (Divyangjan) SHI,Persons with Disability,Level 3,https://www.nqr.gov.in/qualifications/12424
12426,QG-03-PWD-01392-2023-V1-SCPWD,Traditional sweet and Savoury product maker (Divyangjan) VI,Persons with Disability,Level 3,https://www.nqr.gov.in/qualifications/12426
12429,QG-04-PWD-01379-2023-V1-SCPWD,Software Programmer-(Divyangjan)- SHI,Persons with Disability,Level 4,https://www.nqr.gov.in/qualifications/12429
12430,NM-03-TL-02998-2024-V1-TSSC,Height & Rescue Training (HART),Telecom,Level 3,https://www.nqr.gov.in/qualifications/12430
12433,NG-04-TL-02986-2024-V1-TSSC,"Rope Operations, Tactics and Rescue (ROTAR)",Telecom,Level 4,https://www.nqr.gov.in/qualifications/12433
12434,QG-03-PWD-01386-2023-V1-SCPWD,Telehealth Services Coordinator (Divyangjan) - LD,Persons with Disability,Level 4,https://www.nqr.gov.in/qualifications/12434
12435,QG-03-PWD-01387-2023-V1-SCPWD,Telehealth Services Coordinator (Divyangjan) - LV,Persons with Disability,Level 4,https://www.nqr.gov.in/qualifications/12435
12436,QG-03-PWD-01388-2023-V1-SCPWD,Telehealth Services Coordinator (Divyangjan) - VI,Persons with Disability,Level 4,https://www.nqr.gov.in/qualifications/12436
12439,NG-04-EH-02902-2024-V1-NIELIT,Essentials of RTL Coding for Synthesis,Electronics & HW,Level 4,https://www.nqr.gov.in/qualifications/12439
12442,QG-04-PWD-01374-2023-V1-SCPWD,Barista Executive (Divyangjan) LD,Persons with Disability,Level 4,https://www.nqr.gov.in/qualifications/12442
12443,QG-04-PWD-01375-2023-V1-SCPWD,Barista Executive (Divyangjan) SHI,Persons with Disability,Level 4,https://www.nqr.gov.in/qualifications/12443
12444,QG-04-PWD-01377-2023-V1-SCPWD,Barista Executive - Visual Impairment (VI - Blindness & Low Vision),Persons with Disability,Level 4,https://www.nqr.gov.in/qualifications/12444
12445,QG-04-AG-03235-2024-V2-ASCI,Mushroom Grower,Agriculture,Level 4,https://www.nqr.gov.in/qualifications/12445
12449,QG-03-PWD-01395-2023-V1-SCPWD,Indian Sign Language Basic (Divyangjan),Persons with Disability,Level 3,https://www.nqr.gov.in/qualifications/12449
12451,QG-04-PWD-01688-2023-V1.1-SCPWD,Mobile Phone Repair Technician (Divyangjan)- LD,Persons with Disability,Level 4,https://www.nqr.gov.in/qualifications/12451
12453,QG-03-PWD-01683-2023-V1.1-SCPWD,Hand Embroiderer (Addawala) (Apparel) (Divyangjan) LD,Persons with Disability,Level 3,https://www.nqr.gov.in/qualifications/12453
12454,QG-03-PWD-01684-2023-V1.1-SCPWD,Hand Embroiderer (Addawala) (Apparel) (Divyangjan) SHI,Persons with Disability,Level 3,https://www.nqr.gov.in/qualifications/12454
12456,QG-05-AG-02924-2024-V1-ASCI,Horticulturist (Protected Cultivation),Agriculture,Level 5,https://www.nqr.gov.in/qualifications/12456
12457,NG-04-AG-02985-2024-V1-ASCI,Basics of Cage Culture Fish Farming,Agriculture,Level 4,https://www.nqr.gov.in/qualifications/12457
12459,QG-04-PWD-01630-2023-V1.1-SCPWD,Business Correspondent/ Facilitator-LD,Persons with Disability,Level 4,https://www.nqr.gov.in/qualifications/12459
12461,QG-02-PWD-01715-2023-V1.1-SCPWD,Assistant-Plant care taker (Gardner)- (Divyangjan)- ID,Persons with Disability,Level 2,https://www.nqr.gov.in/qualifications/12461
12463,Code: QG-02-PWD-01714-2023-V1.1-SCPWD,Solar desiccation Assistant- food and vegetables (Divyangjan)-ID,Persons with Disability,Level 2,https://www.nqr.gov.in/qualifications/12463
12465,QG-04-PWD-01712-2023-V1.1-SCPWD,Indian Sign Language Interpreter,Persons with Disability,Level 4,https://www.nqr.gov.in/qualifications/12465
12470,Code: QG-04-PWD-01671-2023-V1.1-SCPWD,Food & Beverage Service - Associate - PwD SHI,Persons with Disability,Level 4,https://www.nqr.gov.in/qualifications/12470
12472,QG-3.5-CG-00774-2023-V1-NTTF,CONVENTIONAL AND CNC MACHINIST,Capital Goods & Manufacturing,Level 3.5,https://www.nqr.gov.in/qualifications/12472
12473,QG-03-PWD-01676-2023-V1.1-SCPWD,Gas Meter Reader_ PwD SHI,Persons with Disability,Level 3,https://www.nqr.gov.in/qualifications/12473
12474,QG-03-PD-03238-2024-V1.1-SCPWD,Fitter – Mechanical Assembly -PwD LD,Persons with Disability,Level 3,https://www.nqr.gov.in/qualifications/12474
12475,QG-03-PD-03239-2024-V1.1-SCPWD,Fitter – Mechanical Assembly -PwD SHI,Persons with Disability,Level 3,https://www.nqr.gov.in/qualifications/12475
12476,QG-03-EH-02853-2024-V2-NIELIT,Assistant Computer Technician,Electronics & HW,Level 3,https://www.nqr.gov.in/qualifications/12476
12480,NG-04-EH-02903-2024-V1-NIELIT,Essentials of VLSI Circuits Timing Analysis,Electronics & HW,Level 4,https://www.nqr.gov.in/qualifications/12480
12483,QG-04-PD-00383-2023-V1-SCPWD,Accounts Assistant -(Divyangjan)-SHI,Persons with Disability,Level 4,https://www.nqr.gov.in/qualifications/12483
12485,QG-02-TH-03301-2024-V2-DWSSC,General Housekeeper (Household and Small Establishment),Home Management and Caregiving,Level 2,https://www.nqr.gov.in/qualifications/12485
12486,QG-03-HY-02959-2024-V1-HSSC,Logistics Coordinator - 2G Ethanol Plant,Hydrocarbon,Level 3,https://www.nqr.gov.in/qualifications/12486
12488,NG-5.5-LS-03308-2024-V1-LSSSDC,Basics of High-Performance Liquid Chromatography (HPLC) Analysis,Life Sciences,Level 5.5,https://www.nqr.gov.in/qualifications/12488
12489,NM-04-TL-03344-2024-V1-TSSC,Wecare- Electrical Safety (Telecom Equipment),Telecom,Level 4,https://www.nqr.gov.in/qualifications/12489
12491,QG-02-TH-03300-2024-V2-DWSSC,Housekeeper cum Cook (Household and Small Establishment),Home Management and Caregiving,Level 2,https://www.nqr.gov.in/qualifications/12491
12495,NG-05-IT-03357-2024-V1-HCL,Essentials of Business Analytics,IT-ITeS,Level 5,https://www.nqr.gov.in/qualifications/12495
12496,NG-05-IT-03359-2024-V1-HCL,Artificial Intelligence with Large Language Models (AI with LLM),IT-ITeS,Level 5,https://www.nqr.gov.in/qualifications/12496
12499,QG-03 -PD-00406-2023-V1-SCPWD,Warehouse Quality Checker -(Divyangjan)- SHI,Persons with Disability,Level 3,https://www.nqr.gov.in/qualifications/12499
12500,QG-3.5-AU-02962-2024-V1-GU,Jr. Technician- Mechatronics,Automotive,Level 3.5,https://www.nqr.gov.in/qualifications/12500
12501,QG-04-AU-02963-2024-V1-GU,Technician- Mechatronics,Automotive,Level 4,https://www.nqr.gov.in/qualifications/12501
12502,QG-4.5-AU-02964-2024-V1-GU,Lead Technician - Mechatronics,Automotive,Level 4.5,https://www.nqr.gov.in/qualifications/12502
12503,NG-05-IT-03358-2024-V1-HCL,Fundamentals of AI and Work productivity tools,IT-ITeS,Level 5,https://www.nqr.gov.in/qualifications/12503
12505,NM-04-TH-03367-2024-V1-THSC,Basics of Hospitality Etiquettes,Tourism & Hospitality,Level 4,https://www.nqr.gov.in/qualifications/12505
12512,QC-03-CO-03364-2024-V1-SSDF,BASIC RIGGER,Construction,Level 3,https://www.nqr.gov.in/qualifications/12512
12514,NG-05-IT-03360-2024-V1-HCL,Essentials of Data Analytics,IT-ITeS,Level 5,https://www.nqr.gov.in/qualifications/12514
12515,NG-05-IT-03361-2024-V1-HCL,Essentials of Data Centre Networks and Operation Management,IT-ITeS,Level 5,https://www.nqr.gov.in/qualifications/12515
12516,QG-03-HC-03288-2024-V2-HCSSC,Glass Toy Maker,Handicrafts & Carpets,Level 3,https://www.nqr.gov.in/qualifications/12516
12519,QG-02-AP-03279-2024-V2-AMHSSC,Layerman (Fabric),Apparel,Level 2,https://www.nqr.gov.in/qualifications/12519
12521,QG-2.5-AP-03283-2024-V2-AMHSSC,Pressman - Stitched Items,Apparel,Level 2.5,https://www.nqr.gov.in/qualifications/12521
12524,QC-04-CO-03365-2024-V1-SSDF,ADVANCE RIGGER,Construction,Level 4,https://www.nqr.gov.in/qualifications/12524
12525,QG-04-AP-03282-2024-V2-AMHSSC,Pattern Master - Apparel,Apparel,Level 4,https://www.nqr.gov.in/qualifications/12525
12528,QG-06-AP-03281-2024-V2-AMHSSC,Export Manager – Stitched Items,Apparel,Level 6,https://www.nqr.gov.in/qualifications/12528
12529,QG-06-AP-03284-2024-V2-AMHSSC,Sourcing Manager - Stitched Items,Apparel,Level 6,https://www.nqr.gov.in/qualifications/12529
12533,QG-06-AP-03280-2024-V2-AMHSSC,Boutique Manager,Apparel,Level 6,https://www.nqr.gov.in/qualifications/12533
12534,QG-05-AP-03278-2024-V2-AMHSSC,Cutting Supervisor-(Fabric),Apparel,Level 5,https://www.nqr.gov.in/qualifications/12534
12535,QG-4.5-CG-03270-2024-V1-ASAP,Fundamentals of Calibration and Quality concepts of Metrological Instruments,Capital Goods & Manufacturing,Level 4.5,https://www.nqr.gov.in/qualifications/12535
12537,NM-03-IT-03316-2024-V1-NASSCOM,Basic Gen AI Literacy,IT-ITeS,Level 3,https://www.nqr.gov.in/qualifications/12537
12538,QG-02-PD-03334-2024-V1-SCPWD,Assistant Dress Maker (Divyangjan) - LD,Persons with Disability,Level 2,https://www.nqr.gov.in/qualifications/12538
12539,QG-02-PD-03335-2024-V1-SCPWD,Assistant Dress Maker (Divyangjan) - SHI,Persons with Disability,Level 2,https://www.nqr.gov.in/qualifications/12539
12544,QG-04-TW-03309-2024-V1-LSC,Supply Chain Executive (Sustainability),"Transportation, Logistics & Warehousing",Level 4,https://www.nqr.gov.in/qualifications/12544
12545,QG-5.5-TW-03310-2024-V1-LSC,Green Hydrogen Procurement Manager,"Transportation, Logistics & Warehousing",Level 5.5,https://www.nqr.gov.in/qualifications/12545
12548,NG-04-EH-02904-2024-V1-NIELIT,Fundamentals of FPGA Architecture and Programming,Electronics & HW,Level 4,https://www.nqr.gov.in/qualifications/12548
12553,QG-02-PD-03336-2024-V1-SCPW,Assistant Dress Maker (Divyangjan) - ID,Persons with Disability,Level 2,https://www.nqr.gov.in/qualifications/12553
12554,QG-04-AG-03351-2024-V1-CUTM,Aquaponics Cultivator,Agriculture,Level 4,https://www.nqr.gov.in/qualifications/12554
12555,QG-02-PD-03337-2024-V1-SCPWD,Beauty Care Assistant (Divyangjan) - LD,Persons with Disability,Level 2,https://www.nqr.gov.in/qualifications/12555
12557,QG-02-PD-03338-2024-V1-SCPWD,Beauty Care Assistant (Divyangjan) - SHI,Persons with Disability,Level 2,https://www.nqr.gov.in/qualifications/12557
12558,QG-3.5-AG-03354-2024-V1-CUTM,Pollinator Habitat Maker,Agriculture,Level 3.5,https://www.nqr.gov.in/qualifications/12558
12559,QG-02-PD-03339-2024-V1-SCPWD,Beauty Care Assistant (Divyangjan) - ID,Persons with Disability,Level 2,https://www.nqr.gov.in/qualifications/12559
12562,QG-04-AG-03353-2024-V1-CUTM,Topiary Garden Artist,Agriculture,Level 4,https://www.nqr.gov.in/qualifications/12562
12566,QG-02-PD-03340-2024-V1-SCPWD,Assistant- Fruits and Vegetable Processing and Preservation (Divyangjan) - LD,Persons with Disability,Level 2,https://www.nqr.gov.in/qualifications/12566
12569,QG-03-OR-03322-2024-V2-RASCI,Retail Sales Assistant,Retail,Level 3,https://www.nqr.gov.in/qualifications/12569
12571,QG-02-PD-03341-2024-V1-SCPWD,Assistant- Fruits and Vegetable Processing and Preservation (Divyangjan) - SHI,Persons with Disability,Level 2,https://www.nqr.gov.in/qualifications/12571
12572,QG-03-OR-03321-2024-V2-RASCI,Retail Cashier,Retail,Level 3,https://www.nqr.gov.in/qualifications/12572
12573,QG-04-AG-03352-2024-V1-CUTM,Seaweed Grower and Processor,Agriculture,Level 4,https://www.nqr.gov.in/qualifications/12573
12574,QG-02-PD-03342-2024-V1-SCPWD,Assistant- Fruits and Vegetable Processing and Preservation (Divyangjan) - LV,Persons with Disability,Level 2,https://www.nqr.gov.in/qualifications/12574
12577,QG-02-OR-03320-2024-V2-RASCI,Retail Store Operations Assistant,Retail,Level 2,https://www.nqr.gov.in/qualifications/12577
12580,QG-03-OR-03325-2024-V2-RASCI,Salesperson (Distribution),Retail,Level 3,https://www.nqr.gov.in/qualifications/12580
12582,QG-4.5-OR-03323-2024-V2-RASCI,Retail Team Leader,Retail,Level 4.5,https://www.nqr.gov.in/qualifications/12582
12583,QG-04-AG-03355-2024-V1-CUTM,Vermimanuring Technician,Agriculture,Level 4,https://www.nqr.gov.in/qualifications/12583
12584,QG-05-OR-03324-2024-V2-RASCI,Deputy Manager (Retail Store Department),Retail,Level 5,https://www.nqr.gov.in/qualifications/12584
12586,QG-04-FI-02933-2024-V2-FICSI,Dairy Product Processor,Food Industry/Food Processing,Level 4,https://www.nqr.gov.in/qualifications/12586
12589,QG-02-RI-03326-2024-V1-RCPSDC,Parali Brick Fuel Machine Operator,Rubber Industry,Level 2,https://www.nqr.gov.in/qualifications/12589
12590,QG-02-TH-02598-2024-V2-RUDSETI,Laghu Udyami (Fast Food Stall),Tourism & Hospitality,Level 2,https://www.nqr.gov.in/qualifications/12590
12598,QG-02-HC-03264-2024-V1-RUDSETI,Basics of Homemade Agarbatti Making,Handicrafts & Carpets,Level 2,https://www.nqr.gov.in/qualifications/12598
12599,QG-02-HC-03263-2024-V1-RUDSETI,Basics of Candle Making,Handicrafts & Carpets,Level 2,https://www.nqr.gov.in/qualifications/12599
12601,QG-02-HC-03267-2024-V1-RUDSETI,"Essentials of Paper cover, envelop and file making",Handicrafts & Carpets,Level 2,https://www.nqr.gov.in/qualifications/12601
12602,QG-02-FI-03269-2024-V1-RUDSETI,"Basics of Papad, Pickles and Masala Powder making",Food Industry/Food Processing,Level 2,https://www.nqr.gov.in/qualifications/12602
12603,QG-02-HC-03266-2024-V1-RUDSETI,Essentials of soft toy making and selling,Handicrafts & Carpets,Level 2,https://www.nqr.gov.in/qualifications/12603
12604,QG-02-HC-03268-2024-V1-RUDSETI,Essentials of Bamboo and Cane Craft,Handicrafts & Carpets,Level 2,https://www.nqr.gov.in/qualifications/12604
12605,QG-02-HC-03265-2024-V1-RUDSETI,Basics of making Jute Products,Handicrafts & Carpets,Level 2,https://www.nqr.gov.in/qualifications/12605
12607,NG-05-EH-02905-2024-V1-NIELIT,Fundamentals of VLSI Verification,Electronics & HW,Level 5,https://www.nqr.gov.in/qualifications/12607
12609,QG-04-EH-02796-2023-V1.1-ESSC,Mechanical Fitter Electronics,Electronics & HW,Level 4,https://www.nqr.gov.in/qualifications/12609
12610,QG-05-EH-02596-2024-V1-NIELIT,Drone Application Developer,Electronics & HW,Level 5,https://www.nqr.gov.in/qualifications/12610
12611,NG-05-EH-02906-2024-V1-NIELIT,Essentials of System Verilog and UVM based Verification,Electronics & HW,Level 5,https://www.nqr.gov.in/qualifications/12611
12612,QG-3.5-EH-01401-2023-V1-NTTF,Assistant Technician Electronics Assembly,Electronics & HW,Level 3.5,https://www.nqr.gov.in/qualifications/12612
12622,QG-05-TW-03313-2024-V1-LSC,Refrigerated Storage Unit Supervisor,"Transportation, Logistics & Warehousing",Level 5,https://www.nqr.gov.in/qualifications/12622
12623,NM-04-IS-03302-2024-V1-IISSSC,Basics of 3D Modelling and Quality Management of Cast Iron Castings,Iron & Steel,Level 4,https://www.nqr.gov.in/qualifications/12623
12624,QG-4.5-TL-02953-2024-V1-TSSC,Assembly Process Technician – Wafer Testing,Telecom,Level 4.5,https://www.nqr.gov.in/qualifications/12624
12628,NG-05-EH-02908-2024-V1-NIELIT,Fundamentals of VLSI Physical Design and Verification,Electronics & HW,Level 5,https://www.nqr.gov.in/qualifications/12628
12632,QG-04-PWD-01691-2023-V1.1-SCPWD,Plant Production Operator (Biscuits)- (Divyangjan) -SHI,Persons with Disability,Level 4,https://www.nqr.gov.in/qualifications/12632
12633,QG-03-PWD-01685-2023-V1.1-SCPWD,Pressman-Apparel (Divyangjan)-SHI,Persons with Disability,Level 3,https://www.nqr.gov.in/qualifications/12633
12634,QG-04-PW-00871-2023-V1-PSSC,Technician – Power System Transmission,Power,Level 4,https://www.nqr.gov.in/qualifications/12634
12635,NG-05-EH-02907-2024-V1-NIELIT,Fundamentals of Design for Testability for VLSI Circuits,Electronics & HW,Level 5,https://www.nqr.gov.in/qualifications/12635
12636,QG-04-PD-03369-2024-V1.1-SCPWD,Solar PV Installer-Civil-PwD SHI,Persons with Disability,Level 4,https://www.nqr.gov.in/qualifications/12636
12639,QG-05-AG-03350-2024-V1-CUTM,Remote Sensing Junior Analyst (Agriculture),Agriculture,Level 5,https://www.nqr.gov.in/qualifications/12639
12643,QG-06-TW-03311-2024-V1-LSC,Green Hydrogen Storage Hub Manager,"Transportation, Logistics & Warehousing",Level 6,https://www.nqr.gov.in/qualifications/12643
12645,NG-05-EH-02909-2024-V1-NIELIT,Fundamentals of Analog VLSI Design,Electronics & HW,Level 5,https://www.nqr.gov.in/qualifications/12645
12646,QG-06-TW-03312-2024-V1-LSC,Green Hydrogen Supply Chain - SHEQ Manager,"Transportation, Logistics & Warehousing",Level 6,https://www.nqr.gov.in/qualifications/12646
12648,NG-05-EH-02910-2024-V1-NIELIT,Essentials of High-Level Synthesis Programming and Accelerator Design,Electronics & HW,Level 5,https://www.nqr.gov.in/qualifications/12648
12649,QG-06-TL-02958-2024-V1-TSSC,Reliability & Quality Control Manager,Telecom,Level 6,https://www.nqr.gov.in/qualifications/12649
12650,QG-06-TL-02957-2024-V1-TSSC,Substrate Design and Process Manager,Telecom,Level 6,https://www.nqr.gov.in/qualifications/12650
12651,QG-5.5-TL-02956-2024-V1-TSSC,Assembly Process Supervisor- Wafer Dicing,Telecom,Level 5.5,https://www.nqr.gov.in/qualifications/12651
12652,QG-05-TL-02955-2024-V1-TSSC,Assembly Process Sr. Technician – Laser Marking,Telecom,Level 5,https://www.nqr.gov.in/qualifications/12652
12655,QG-05-TL-02954-2024-V1-TSSC,Assembly Process Sr. Technician – Wafer Thinning & Lapping,Telecom,Level 5,https://www.nqr.gov.in/qualifications/12655
12656,QG-04-FI-03237-2024-V3-FICSI,Multiskill Technician (Food Procesing),Food Industry/Food Processing,Level 4,https://www.nqr.gov.in/qualifications/12656
12660,2022/HYC/HSSCI/06774,Pipe Fitter - Oil & Gas/City Gas Distribution,Hydrocarbon,Level 4,https://www.nqr.gov.in/qualifications/12660
12662,NG-05-EH-02912-2024-V1-NIELIT,Essentials of SoC Design for Verification,Electronics & HW,Level 5,https://www.nqr.gov.in/qualifications/12662
12664,QG-03-TX-03345-2024-V1-TSC,Hank Dyer,Textile & Handloom,Level 3,https://www.nqr.gov.in/qualifications/12664
12665,QG-04-FI-03221-2024-V2-DGT,AGRO PROCESSING,Food Industry/Food Processing,Level 4,https://www.nqr.gov.in/qualifications/12665
12668,QG-4.5-CO-03217-2024-V2-DGT,Architectural Draughtsman,Construction,Level 4.5,https://www.nqr.gov.in/qualifications/12668
12670,QG-4.5-CG-03183-2024-V2-DGT,AERONAUTICAL STRUCTURE AND EQUIPMENT FITTER,Capital Goods & Manufacturing,Level 4.5,https://www.nqr.gov.in/qualifications/12670
12671,NG-05-EH-02911-2024-V1-NIELIT,Essentials of Python for RTL Verification,Electronics & HW,Level 5,https://www.nqr.gov.in/qualifications/12671
12672,QG-04-AP-03220-2024-V2-DGT,COMPUTER AIDED EMBROIDERY & DESIGN,Apparel,Level 4,https://www.nqr.gov.in/qualifications/12672
12673,QG-04-TH-03208-2024-V2-DGT,CATERING & HOSPITALITY,Tourism & Hospitality,Level 4,https://www.nqr.gov.in/qualifications/12673
12675,QG-4.5-CP-03171-2024-V2-DGT,CHEMICAL PLANT TECHNOLOGY (CRAFT INSTRUCTOR),Chemicals & Petrochemicals,Level 4.5,https://www.nqr.gov.in/qualifications/12675
12676,QG-4.5-CG-03188-2024-V2-DGT,MACHINIST & OPERATOR ADVANCE MACHINE TOOL,Capital Goods & Manufacturing,Level 4.5,https://www.nqr.gov.in/qualifications/12676
12678,QG-04-IT-03184-2024-V2-DGT,Computer Hardware & Networking Maintenance,IT-ITeS,Level 4,https://www.nqr.gov.in/qualifications/12678
12679,QG-4.5-CG-03223-2024-V2-DGT,MACHINIST GRINDER,Capital Goods & Manufacturing,Level 4.5,https://www.nqr.gov.in/qualifications/12679
12680,QG-04-IT-03172-2024-V2-DGT,COMPUTER SOFTWARE APPLICATION,IT-ITeS,Level 4,https://www.nqr.gov.in/qualifications/12680
12682,QG-4.5-AU-03201-2024-V2-DGT,MECHANIC AGRICULTURAL MACHINERY,Automotive,Level 4.5,https://www.nqr.gov.in/qualifications/12682
12683,QG-04-CG-03209-2024-V2-DGT,SHEET METAL WORKER,Capital Goods & Manufacturing,Level 4,https://www.nqr.gov.in/qualifications/12683
12684,QG-04-BW-03212-2024-V2-DGT,COSMETOLOGY (CRAFT INSTRUCTOR),Beauty & Wellness,Level 4,https://www.nqr.gov.in/qualifications/12684
12686,QG-4.5-CG-03206-2024-V2-DGT,DRAUGHTSMAN MECHANICAL,Capital Goods & Manufacturing,Level 4.5,https://www.nqr.gov.in/qualifications/12686
12687,QG-4.5-CO-03207-2024-V2-DGT,DRAUGHTSMAN CIVIL,Construction,Level 4.5,https://www.nqr.gov.in/qualifications/12687
12690,QG-3.5-AP-03213-2024-V2-DGT,DRESS MAKING,Apparel,Level 3.5,https://www.nqr.gov.in/qualifications/12690
12692,QG-04-IT-03173-2024-V2-DGT,DESKTOP PUBLISHING OPERATOR,IT-ITeS,Level 4,https://www.nqr.gov.in/qualifications/12692
12693,QG-4.5-IT-03174-2024-V2-DGT,ELECTRICIAN,Power,Level 4.5,https://www.nqr.gov.in/qualifications/12693
12694,QG-4.5-PW-03175-2024-V2-DGT,ELECTRICIAN POWER DISTRIBUTION,Power,Level 4.5,https://www.nqr.gov.in/qualifications/12694
12695,QG-04-AU-03200-2024-V2-DGT,MECHANIC DIESEL,Automotive,Level 4,https://www.nqr.gov.in/qualifications/12695
12697,QG-4.5-EH-03219-2024-V2-DGT,ELECTRONICS MECHANIC,Electronics & HW,Level 4.5,https://www.nqr.gov.in/qualifications/12697
12698,QG-4.5-CG-03224-2024-V2-DGT,MECHANIC MACHINE TOOL MAINTENANCE,Capital Goods & Manufacturing,Level 4.5,https://www.nqr.gov.in/qualifications/12698
12699,QG-4.5-AU-03197-2024-V2-DGT,MECHANIC MOTOR VEHICLE,Automotive,Level 4.5,https://www.nqr.gov.in/qualifications/12699
12700,QG-04-AU-03199-2024-V2-DGT,MECHANIC TRACTOR,Automotive,Level 4,https://www.nqr.gov.in/qualifications/12700
12701,QG-03-TX-03347-2024-V1-TSC,Two Shaft Handloom Weaver,Textile & Handloom,Level 3,https://www.nqr.gov.in/qualifications/12701
12704,QG-03-TX-03348-2024-V1-TSC,Jacquard Weaver,Textile & Handloom,Level 3,https://www.nqr.gov.in/qualifications/12704
12705,QG-4.5-CP-03185-2024-V2-DGT,ELECTROPLATER,Chemicals & Petrochemicals,Level 4.5,https://www.nqr.gov.in/qualifications/12705
12707,QG-03-TX-03346-2024-V1-TSC,Loin Loom Weaver,Textile & Handloom,Level 3,https://www.nqr.gov.in/qualifications/12707
12713,QG-04-FI-03198-2024-V2-DGT,MILK & MILK PRODUCT TECHNICIAN,Food Industry/Food Processing,Level 4,https://www.nqr.gov.in/qualifications/12713
12714,QG-02-TH-02436-2024-V2-THSC,Camping Assistant,Tourism & Hospitality,Level 2,https://www.nqr.gov.in/qualifications/12714
12715,QG-04-OA-03178-2024-V2-DGT,OFFICE MANAGEMENT,Oﬃce Administration & Facility Management,Level 4,https://www.nqr.gov.in/qualifications/12715
12718,QG-3.5-PL-03196-2024-V2-DGT,PLUMBER,Plumbing,Level 3.5,https://www.nqr.gov.in/qualifications/12718
12719,QG-01-HE-03299-2024-V1-HSSC,Basics of POSHAK (Poshan Shiksha and Kaushal) for Anganwadi Sahayika,Healthcare,Level 1,https://www.nqr.gov.in/qualifications/12719
12720,QG-02-HE-03298-2024-V1-HSSC,Fundamentals of POSHAK- (Poshan Shiksha and Kaushal) for Anganwadi Karyakarta,Healthcare,Level 2,https://www.nqr.gov.in/qualifications/12720
12721,QG-4.5-ET-03181-2024-V2-DGT,READING OF DRAWING AND ARITHMETIC,"Education, Training & Research",Level 4.5,https://www.nqr.gov.in/qualifications/12721
12722,QG-03-HE-03297-2024-V1-HSSC,Fundamentals of POSHAK (Poshan Shiksha and Kaushal) for Anganwadi Paryavekshika,Healthcare,Level 3,https://www.nqr.gov.in/qualifications/12722
12723,QG-04-AG-03236-2024-V2-ASCI,Fish Seed Grower,Agriculture,Level 4,https://www.nqr.gov.in/qualifications/12723
12724,QG-03-FI-03330-2024-V4-FICSI,Packing Machine Operator-Food Industry,Food Industry/Food Processing,Level 3,https://www.nqr.gov.in/qualifications/12724
12725,QG-04-OA-03222-2024-V2-DGT,सचिवीय पद्धति (हिंदी),Oﬃce Administration & Facility Management,Level 4,https://www.nqr.gov.in/qualifications/12725
12727,QG-04-FI-03329-2024-V3-FICSI,Assistant Technician – Cold Storage,Food Industry/Food Processing,Level 3,https://www.nqr.gov.in/qualifications/12727
12728,QG-3.5-AP-03191-2024-V2-DGT,SEWING TECHNOLOGY,Apparel,Level 3.5,https://www.nqr.gov.in/qualifications/12728
12729,QG-3.5-AP-03215-2024-V2-DGT,SURFACE ORNAMENTATION TECHNIQUES,Apparel,Level 3.5,https://www.nqr.gov.in/qualifications/12729
12730,QG-4.5-CO-03194-2024-V2-DGT,SURVEYOR,Construction,Level 4.5,https://www.nqr.gov.in/qualifications/12730
12731,QG-03-HC-03289-2024-V2-HCSSC,Leather Toy Maker,Handicrafts & Carpets,Level 3,https://www.nqr.gov.in/qualifications/12731
12732,QG-4.5-CG-03182-2024-V2-DGT,TOOL & DIE MAKER,Capital Goods & Manufacturing,Level 4.5,https://www.nqr.gov.in/qualifications/12732
12734,QG-03-HC-03290-2024-V2-HCSSC,Namda craft Artisan,Handicrafts & Carpets,Level 3,https://www.nqr.gov.in/qualifications/12734
12735,QG-4.5-CG-03193-2024-V2-DGT,TURNER,Capital Goods & Manufacturing,Level 4.5,https://www.nqr.gov.in/qualifications/12735
12736,QG-04-CG-03211-2024-V2-DGT,WELDER,Capital Goods & Manufacturing,Level 4,https://www.nqr.gov.in/qualifications/12736
12737,QG-04-CP-03180-2024-V2-DGT,PLASTIC PROCESSING OPERATOR,Chemicals & Petrochemicals,Level 4,https://www.nqr.gov.in/qualifications/12737
12738,QG-04-AU-03195-2024-V2-DGT,PUMP OPERATOR CUM MECHANIC,Automotive,Level 4,https://www.nqr.gov.in/qualifications/12738
12739,QG-03-HC-03291-2024-V2-HCSSC,Natural Fibre Product Maker,Handicrafts & Carpets,Level 3,https://www.nqr.gov.in/qualifications/12739
12740,QG-4.5-TX-03192-2024-V2-DGT,SPINNING TECHNICIAN,Textile & Handloom,Level 4.5,https://www.nqr.gov.in/qualifications/12740
12741,QG-03-HC-03292-2024-V2-HCSSC,Traditional Painting Maker - Artisan,Handicrafts & Carpets,Level 3,https://www.nqr.gov.in/qualifications/12741
12744,QG-4.5-CP-03176-2024-V2-DGT,LABORATORY ASSISTANT CHEMICAL PLANT,Chemicals & Petrochemicals,Level 4.5,https://www.nqr.gov.in/qualifications/12744
12747,QG-4.5-CP-03177-2024-V2-DGT,LIFT & ESCALATOR MECHANIC,Capital Goods & Manufacturing,Level 4.5,https://www.nqr.gov.in/qualifications/12747
12749,QG-4.5-CG-03187-2024-V2-DGT,Information Technology,IT-ITeS,Level 4.5,https://www.nqr.gov.in/qualifications/12749
12751,NG-05-EH-02895-2024-V1-NIELIT,Essentials of Scripting language for embedded applications,Electronics & HW,Level 5,https://www.nqr.gov.in/qualifications/12751
12752,QG-04-ME-03190-2024-V2-DGT,"Multimedia, Animation & Special Effects",Media & Entertainment,Level 4,https://www.nqr.gov.in/qualifications/12752
12753,QG-04-CO-03202-2024-V2-DGT,INTERIOR DESIGN AND DECORATION,Construction,Level 4,https://www.nqr.gov.in/qualifications/12753
12754,QG-04-FI-03332-2024-V2-FICSI,Industrial Baker,Food Industry/Food Processing,Level 4,https://www.nqr.gov.in/qualifications/12754
12756,QG-3.5-PC-03179-2024-V2-DGT,PAINTING TECHNOLOGY,Paints & Coatings,Level 3.5,https://www.nqr.gov.in/qualifications/12756
12759,QG-03-FI-03333-2024-V2-FICSI,Purchase Assistant-Food and Agriculture Commodity,Food Industry/Food Processing,Level 3,https://www.nqr.gov.in/qualifications/12759
12760,QG-4.5-CG-03189-2024-V2-DGT,MECHANIC REFRIGERATION AND AIR CONDITIONING,Capital Goods & Manufacturing,Level 4.5,https://www.nqr.gov.in/qualifications/12760
12761,QG-3.5-WC-03216-2024-V2-DGT,WOOD WORK TECHNICIAN,Wood & Carpentry,Level 3.5,https://www.nqr.gov.in/qualifications/12761
12762,QG-3.5-AP-03214-2024-V2-DGT,FASHION DESIGN & TECHNOLOGY,Apparel,Level 4,https://www.nqr.gov.in/qualifications/12762
12763,QG-4.5-CP-03186-2024-V2-DGT,FITTER,Capital Goods & Manufacturing,Level 4.5,https://www.nqr.gov.in/qualifications/12763
12764,QG-04-FI-03204-2024-V2-DGT,FOOD BEVERAGES,Food Industry/Food Processing,Level 4,https://www.nqr.gov.in/qualifications/12764
12765,QG-04-CG-03210-2024-V2-DGT,FOUNDRYMAN,Capital Goods & Manufacturing,Level 4,https://www.nqr.gov.in/qualifications/12765
12766,QG-04-FI-03203-2024-V2-DGT,FRUITS AND VEGETABLES PROCESSING,Food Industry/Food Processing,Level 4,https://www.nqr.gov.in/qualifications/12766
12767,QG-4.5-EH-03218-2024-V2-DGT,INSTRUMENT MECHANIC,Electronics & HW,Level 4.5,https://www.nqr.gov.in/qualifications/12767
12769,QG-05-AP-01773-2024-V2-AMHSSC,Fashion Designer,Apparel,Level 5,https://www.nqr.gov.in/qualifications/12769
12774,QG-05-AP-01777-2024-V2-AMHSSC,Production Supervisor- Sewing,Apparel,Level 5,https://www.nqr.gov.in/qualifications/12774
12797,QG-4.5-LS-03409-2024-V2-LSSSDC,Medical Sales Representative,Life Sciences,Level 4.5,https://www.nqr.gov.in/qualifications/12797
12798,QC-4.5-CO-03362-2024-V1-SSDF,LIFTING & RIGGING SUPERVISOR (SAFETY),Construction,Level 4.5,https://www.nqr.gov.in/qualifications/12798
12800,QC-5.5-CO-03363-2024-V1-SSDF,CRANE INSPECTOR (SAFETY),Construction,Level 5.5,https://www.nqr.gov.in/qualifications/12800
12806,QG-03-LS-03401-2024-V2-LSSSDC,"Manufacturing and Packaging Assistant (Pharma, Biologics and Medical device)",Life Sciences,Level 3,https://www.nqr.gov.in/qualifications/12806
12809,QG-02-LS-03400-2024-V2-LSSSDC,"Secondary and Tertiary Packaging Assistant- (Pharma, Biologics and Medical Devices)",Life Sciences,Level 2,https://www.nqr.gov.in/qualifications/12809
12810,QG-05-LS-03406-2024-V2-LSSSDC,"Chemist-Quality Control Electives: 1.High-Performance Liquid Chromatography (HPLC), 2.Gas Chromatography (GC), 3.Ultraviolet-visible Spectroscopy (UV) , 4.Fourier Transform Infrared Spectroscopy (FT-IR) , 5.Dissolution Test Apparatus",Life Sciences,Level 5,https://www.nqr.gov.in/qualifications/12810
12813,QG-05-LS-03410-2024-V2-LSSSDC,"Supervisor- Maintenance (Pharma, Biologics and Medical Device Facility) Electives: 1.Electricity, 2.HVAC , 3.Water System, 4.Gases, 5.Steam",Life Sciences,Level 5,https://www.nqr.gov.in/qualifications/12813
12814,QG-04-TW-03314-2024-V1-LSC,Reefer Vehicle Operator cum Driver,"Transportation, Logistics & Warehousing",Level 4,https://www.nqr.gov.in/qualifications/12814
12815,QG-05-LS-03407-2024-V2-LSSSDC,"Chemist- In-process Quality Assurance (Pharma, Biologics and Medical Device)",Life Sciences,Level 5,https://www.nqr.gov.in/qualifications/12815
12819,QG-04-LS-03402-2024-V2-LSSSDC,"Production Equipment Operator- Active Pharmaceutical Ingredient (API)/ Bulk Drug Electives: 1.Non Sterile Manufacturing , 2.Non Sterile Packaging , 3. Sterile Manufacturing and Packaging",Life Sciences,Level 4,https://www.nqr.gov.in/qualifications/12819
12822,QG-03-HE-03296-2024-V2-HSSC,Dresser (Medical),Healthcare,Level 3,https://www.nqr.gov.in/qualifications/12822
12826,QG-03-LS-03411-2024-V2-LSSSDC,"Assistant- Maintenance (Pharma, Biologics and Medical Device Facility) Electives: 1. Mechanical and Fitting , 2.Utility",Life Sciences,Level 3,https://www.nqr.gov.in/qualifications/12826
12832,QG-03-EH-02859-2024-V1-WBSC,Service Assistant (Domestic Electronics Products),Electronics & HW,Level 3,https://www.nqr.gov.in/qualifications/12832
12835,QG-03-AP-03425-2024-V1-WBSC,Garment Maker,Apparel,Level 3,https://www.nqr.gov.in/qualifications/12835
12838,QG-04-CG-02413-2024-V1-MSME,Technician - Tool & Die,Capital Goods & Manufacturing,Level 4,https://www.nqr.gov.in/qualifications/12838
12846,QG-2.5-CO-00089-2023-V1-WBSC,Amin Surveyor Assistant,Construction,Level 2.5,https://www.nqr.gov.in/qualifications/12846
12847,QG-03-AU-03426-2024-V1-WBSC,Two/Three-Wheeler Mechanic (Including LPG & CNG),Automotive,Level 3,https://www.nqr.gov.in/qualifications/12847
12848,QG-3.5-LS-03405-2024-V2-LSSSDC,"Lab Technician-Pharma, Biologics and Medical devices Electives: 1. Wet Lab ,2.Scale-up or Kilo Lab",Life Sciences,Level 3.5,https://www.nqr.gov.in/qualifications/12848
12850,QG-5.5-LS-00264-2024-V2-LSSSDC,Microbiologist-Quality Control,Life Sciences,Level 5.5,https://www.nqr.gov.in/qualifications/12850
12873,QG-04-AG-03416-2024-V2-ASCI,Tractor Service Mechanic,Agriculture,Level 4,https://www.nqr.gov.in/qualifications/12873
12880,NM-04-AG-03276-2024-V1-ASCI,Essentials of Agri Services and Input Retailing,Agriculture,Level 4,https://www.nqr.gov.in/qualifications/12880
12888,QG-5.5-HE-03258-2024-V1-IGNOU,Nurse Manager,Healthcare,Level 5.5,https://www.nqr.gov.in/qualifications/12888
12891,NG-05-IT-02295-2024-V1-MCRSFT,Microsoft Azure Fundamentals,IT-ITeS,Level 5,https://www.nqr.gov.in/qualifications/12891
12892,NG-05-IT-02296-2024-V1-MCRSFT,Azure AI Fundamentals,IT-ITeS,Level 5,https://www.nqr.gov.in/qualifications/12892
12893,QG-2.5-AP-03424-2024-V2-RUDSETI,Tailor,Apparel,Level 2.5,https://www.nqr.gov.in/qualifications/12893
12895,NG-05-IT-02297-2024-V1-MCRSFT,Azure Data Fundamentals,IT-ITeS,Level 5,https://www.nqr.gov.in/qualifications/12895
12896,NG-05-IT-02298-2024-V1-MCRSFT,"Microsoft Security, Compliance, and Identity Fundamentals",IT-ITeS,Level 5,https://www.nqr.gov.in/qualifications/12896
12897,NG-4.5-IT-02299-2024-V1-MCRSFT,Microsoft Power Platform Fundamentals,IT-ITeS,Level 4.5,https://www.nqr.gov.in/qualifications/12897
12898,NG-4.5-IT-02300-2024-V1-MCRSFT,Microsoft 365 Fundamentals,IT-ITeS,Level 4.5,https://www.nqr.gov.in/qualifications/12898
12899,NG-05-IT-02301-2024-V1-MCRSFT,Microsoft Dynamics 365 Fundamentals (CRM),IT-ITeS,Level 5,https://www.nqr.gov.in/qualifications/12899
12900,NG-05-IT-02302-2024-V1-MCRSFT,Microsoft Dynamics 365 Fundamentals (ERP),IT-ITeS,Level 5,https://www.nqr.gov.in/qualifications/12900
12901,NG-06-IT-02303-2024-V1-MCRSFT,Azure Administrator Associate,IT-ITeS,Level 6,https://www.nqr.gov.in/qualifications/12901
12902,NG-07-IT-02304-2024-V1-MCRSFT,Azure Solutions Architect Expert,IT-ITeS,Level 7,https://www.nqr.gov.in/qualifications/12902
12903,NG-06-IT-02305-2024-V1-MCRSFT,Azure Developer Associate,IT-ITeS,Level 6,https://www.nqr.gov.in/qualifications/12903
12904,NG-06-IT-02306-2024-V1-MCRSFT,Azure Database Administrator Associate,IT-ITeS,Level 6,https://www.nqr.gov.in/qualifications/12904
12905,NG-06-IT-02307-2024-V1-MCRSFT,Azure AI Engineer Associate,IT-ITeS,Level 6,https://www.nqr.gov.in/qualifications/12905
12906,NG-06-IT-02308-2024-V1-MCRSFT,Azure Data Engineer Associate,IT-ITeS,Level 6,https://www.nqr.gov.in/qualifications/12906
12907,NG-06-IT-02309-2024-V1-MCRSFT,Power BI Data Analyst Associate,IT-ITeS,Level 6,https://www.nqr.gov.in/qualifications/12907
12908,NG-05-IT-02310-2024-V1-MCRSFT,Microsoft Office Specialist Associate-Microsoft Word (Office 2019)/(Microsoft 365 Apps),IT-ITeS,Level 5,https://www.nqr.gov.in/qualifications/12908
12909,NG-05-IT-02311-2024-V1-MCRSFT,Microsoft Office Specialist Associate-Microsoft Excel (Office 2019)/(Microsoft 365 Apps),IT-ITeS,Level 5,https://www.nqr.gov.in/qualifications/12909
12910,NG-05-IT-02312-2024-V1-MCRSFT,Microsoft Office Specialist Associate-Microsoft PowerPoint (Office 2019)/(Microsoft 365 Apps),IT-ITeS,Level 5,https://www.nqr.gov.in/qualifications/12910
12912,NG-05-IT-02313-2024-V1-MCRSFT,Microsoft Office Specialist Associate- Microsoft Outlook (Office 2019),IT-ITeS,Level 5,https://www.nqr.gov.in/qualifications/12912
12913,NG-05-IT-02314-2024-V1-MCRSFT,Microsoft Office Specialist Associate,IT-ITeS,Level 5,https://www.nqr.gov.in/qualifications/12913
12914,NG-05-IT-02315-2024-V1-MCRSFT,Microsoft Office Specialist Expert-Microsoft Word Expert (Office 2019)/(Microsoft 365 Apps),IT-ITeS,Level 5,https://www.nqr.gov.in/qualifications/12914
12916,NG-05-IT-02316-2024-V1-MCRSFT,Microsoft Office Specialist Expert-Microsoft Excel Expert (Office 2019)/(Microsoft 365 Apps),IT-ITeS,Level 5,https://www.nqr.gov.in/qualifications/12916
12917,NG-06-IT-02317-2024-V1-MCRSFT,Microsoft Office Specialist Expert-Microsoft Access Expert (Office 2019),IT-ITeS,Level 6,https://www.nqr.gov.in/qualifications/12917
12920,QG-03-LS-03408-2024-V2-LSSSDC,"Associate- Warehouse (Pharma, Bio Pharma , Medical Devices) Options: 1. Automation",Life Sciences,Level 3,https://www.nqr.gov.in/qualifications/12920
12921,NG-06-IT-02318-2024-V1-MCRSFT,Microsoft Office Specialist Expert (Office 2019)/(Microsoft 365 Apps),IT-ITeS,Level 6,https://www.nqr.gov.in/qualifications/12921
12923,NG-05-IT-02319-2024-V1-MCRSFT,Microsoft Certified Educator,IT-ITeS,Level 5,https://www.nqr.gov.in/qualifications/12923
12925,QG-4.4-TX-03261-2024-V1-IJIRA,"Jute Manufacturing Technician (Elective 1 Jute Yarn, Elective 2: Jute fabric)",Textile & Handloom,Level 4,https://www.nqr.gov.in/qualifications/12925
12926,NG-4.5-ES-03442-2024-V1-IGNOU,Fundamentals of Plastic Waste Management,Environmental Science,Level 4.5,https://www.nqr.gov.in/qualifications/12926
12928,QG-4.4-TX-03260-2024-V1-IJIRA,Junior Quality Control Technician (Jute Production),Textile & Handloom,Level 4,https://www.nqr.gov.in/qualifications/12928
12931,QG-4.4-TX-03259-2024-V1-IJIRA,"Jute Machine Maintenance Technician (Elective 1: Spinning machinery, Elective 2: Weaving Machinery)",Textile & Handloom,Level 4,https://www.nqr.gov.in/qualifications/12931
12932,QG-03-TX-01973-2024-V1-IJIRA,Jute Loom Weaving Operator (S4 loom),Textile & Handloom,Level 3,https://www.nqr.gov.in/qualifications/12932
12936,NM-5.5-AU-03303-2024-V1-IASC,"Fundamentals of Digital Manufacturing (Rapid Prototype, Scanning & Modelling)",Instrumentation,Level 5.5,https://www.nqr.gov.in/qualifications/12936
12939,QG-04-LS-03403-2024-V2-LSSSDC,Production Machine Operator –Non Sterile Formulation Electives:1. Blending 2. Granulation 3.Compression 4.Coating 5. Soft Gelatin Capsules 6. Hard Gelatin Capsules Manufacturing 7. Hard Gelatin Capsule Filling 8.Liquid Oral Dosage Manufacturing 9.Packaging- Tablets and Capsules 10.Packaging- Oral Liquid and Nutraceuticals,Life Sciences,Level 4,https://www.nqr.gov.in/qualifications/12939
12942,QG-04-BF-02350-2024-V1.1-BFSISSC,Debt Recovery Agent,BFSI,Level 4,https://www.nqr.gov.in/qualifications/12942
12944,QG-04-HE-03294-2024-V2-HSSC,Yoga Wellness Trainer,Healthcare,Level 4,https://www.nqr.gov.in/qualifications/12944
12946,QG-03-HE-03293-2024-V1-HSSC,Varmam-Marma Therapy Assistant,Healthcare,Level 3,https://www.nqr.gov.in/qualifications/12946
12947,QG-04-HE-03295-2024-V2-HSSC,KsharaKarma Technician,Healthcare,Level 4,https://www.nqr.gov.in/qualifications/12947
12948,QG-04-BF-02353-2024-V1.1-BFSISSC,Credit Processing Officer,BFSI,Level 4,https://www.nqr.gov.in/qualifications/12948
12949,QG-03-BF-00132-2023-V1.1-BFSISSC,Mutual Fund Distributor,BFSI,Level 3,https://www.nqr.gov.in/qualifications/12949
12955,NM-04-AG-03277-2024-V1-ASCI,Essentials of Internal Control Inspections (Organic Standards),Agriculture,Level 4,https://www.nqr.gov.in/qualifications/12955
12957,QG-04-PL-03441-2024-V2-WMPS,Plumber - General,Plumbing,Level 4,https://www.nqr.gov.in/qualifications/12957
12958,QG-03-PL-03440-2024-V2-WMPS,Assistant Plumber - General,Plumbing,Level 3,https://www.nqr.gov.in/qualifications/12958
12961,NM-5.5-AU-03304-2024-V1-IASC,Fundamentals of Industrial Drive and Controls,Instrumentation,Level 5.5,https://www.nqr.gov.in/qualifications/12961
12962,NM-5.5-AU-03305-2024-V1-IASC,Fundamentals of PLC Programming,Instrumentation,Level 5.5,https://www.nqr.gov.in/qualifications/12962
12963,NM-5.5-AU-03306-2024-V1-IASC,Introduction to Industrial Hydraulics,Instrumentation,Level 4,https://www.nqr.gov.in/qualifications/12963
12965,NM-3.0-AU-03307-2024-V1-IASC,Introduction to Industrial Pneumatics,Instrumentation,Level 3,https://www.nqr.gov.in/qualifications/12965
12966,QG-4.5-LS-03404-2024-V2-LSSSDC,"Production Machine Operator –Sterile Formulations Electives: 1.Preparation, 2.Filling ,3.Cleaning and Disinfection",Life Sciences,Level 4.5,https://www.nqr.gov.in/qualifications/12966
12968,QG-4.5-EH-02556-2024-V1-CRISP,Senior Automation Technician,Electronics & HW,Level 4.5,https://www.nqr.gov.in/qualifications/12968
12969,QG-4.5-HC-03366-2024-V1-IGNOU,Executive - Emergency Healthcare,Healthcare,Level 4.5,https://www.nqr.gov.in/qualifications/12969
12971,QG-03-OA-03315-2024-V2-MEPSC,Receptionist,Oﬃce Administration & Facility Management,Level 3,https://www.nqr.gov.in/qualifications/12971
12972,QG-03-FI-03436-2024-V2-FICSI,Assistant Pickle and Paste Making Technician (Fruits & Vegetables),Food Industry/Food Processing,Level 3,https://www.nqr.gov.in/qualifications/12972
12976,QG-03-BF-02352-2024-V1.1-BFSISSC,Microfinance Executive,BFSI,Level 3,https://www.nqr.gov.in/qualifications/12976
12977,QG-02-TX-01921-2024-V2-TSC,Blowroom Operator,Textile & Handloom,Level 2,https://www.nqr.gov.in/qualifications/12977
12980,NM-4.5-ES-03450-2024-V1-SCGJ,Approaches to Carbon Accounting,Environmental Science,Level 4.5,https://www.nqr.gov.in/qualifications/12980
12981,QG-04-AG-03413-2024-V2-ASCI,Livestock Service Provider,Agriculture,Level 4,https://www.nqr.gov.in/qualifications/12981
12985,QG-05-HE-03368-2024-V1-SSU,Yuva Yogacharya,Healthcare,Level 5,https://www.nqr.gov.in/qualifications/12985
12987,NM-5.5-ES-03453-2024-V1-SCGJ,Fundamentals of Business Development for Hydrogen Fuel Cell,Environmental Science,Level 5.5,https://www.nqr.gov.in/qualifications/12987
12991,NM-4.5-ES-03451-2024-V1-SCGJ,Fundamentals of ESG Compliance,Environmental Science,Level 4.5,https://www.nqr.gov.in/qualifications/12991
12994,QG-03-AG-03418-2024-V2-ASCI,Poultry Farm Worker,Agriculture,Level 3,https://www.nqr.gov.in/qualifications/12994
12995,QG-04-AG-03414-2024-V2-ASCI,Artificial Insemination Technician,Agriculture,Level 4,https://www.nqr.gov.in/qualifications/12995
12996,QG-03-AG-03415-2024-V2-ASCI,Greenhouse Operator,Agriculture,Level 3,https://www.nqr.gov.in/qualifications/12996
12997,QG-03-AG-03419-2024-V2-ASCI,Poultry Hatchery Operator,Agriculture,Level 3,https://www.nqr.gov.in/qualifications/12997
12998,QG-04-AG-03417-2024-V2-ASCI,Combine Harvester Machine Operator,Agriculture,Level 4,https://www.nqr.gov.in/qualifications/12998
13001,NM-04-ES-03452-2024-V1-SCGJ,Fundamentals of Hydrogen Fuel Cell,Environmental Science,Level 4,https://www.nqr.gov.in/qualifications/13001
13002,QG-05-AG-03420-2024-V2-ASCI,Poultry Hatchery Supervisor,Agriculture,Level 5,https://www.nqr.gov.in/qualifications/13002
13005,QG-04-EH-03422-2024-V3-ESSC,Drone Service Technician,Electronics & HW,Level 4,https://www.nqr.gov.in/qualifications/13005
13006,QG-04-EH-03421-2024-V3-ESSC,Multi-Skill Technician (Home Appliances),Electronics & HW,Level 4,https://www.nqr.gov.in/qualifications/13006
13007,QG-04-CG-03205-2024-V2-DGT,FIRE TECHNOLOGY & INDUSTRIAL SAFETY MANAGEMENT,,Level 4,https://www.nqr.gov.in/qualifications/13007
13009,QG-03-BF-02351-2024-V1.1-BFSISSC,Insurance Agent,BFSI,Level 3,https://www.nqr.gov.in/qualifications/13009
13010,QG-04-BF-00134-2023-V1.1-BFSISSC,Customer Service Associate-Financial Services,BFSI,Level 4,https://www.nqr.gov.in/qualifications/13010
13013,QG-04-BF-00136-2023-V1.1-BFSISSC,MIS Data Analyst – Financial Services,BFSI,Level 4,https://www.nqr.gov.in/qualifications/13013
13015,QG-04-EH-01402-2023-V1-NTTF,Technician Electronics and Instrumentation,Electronics & HW,Level 4,https://www.nqr.gov.in/qualifications/13015
13016,QG-4.5-EH-01403-2023-V1-NTTF,Senior Technician Electronics Engineering and Embedded systems,Electronics & HW,Level 4.5,https://www.nqr.gov.in/qualifications/13016
13023,NG-4.5-IT-03443-2024-V1-IBM,IBM SkillsBuild Data Analytics,IT-ITeS,Level 4.5,https://www.nqr.gov.in/qualifications/13023
13026,NG-4.5-IT-03444-2024-V1-IBM,IBM SkillsBuild Cybersecurity,IT-ITeS,Level 4.5,https://www.nqr.gov.in/qualifications/13026
13027,NM-05-IT-03449-2024-V1-IBM,IBM SkillsBuild Artificial Intelligence Fundamentals,IT-ITeS,Level 5,https://www.nqr.gov.in/qualifications/13027
13028,NG-5.5-IT-03445-2024-V1-IBM,IBM SkillsBuild Advanced Artificial Intelligence Concepts,IT-ITeS,Level 5.5,https://www.nqr.gov.in/qualifications/13028
13031,QG-05-IT-03423-2024-V1-TICE,A.I (Artificial Intelligence) - Technocrat,IT-ITeS,Level 5,https://www.nqr.gov.in/qualifications/13031
13033,QG-04-HE-03461-2025-V1-ASAP,Ayurveda Therapist,Healthcare,Level 4,https://www.nqr.gov.in/qualifications/13033
13042,QG-4.5-OA-03429-2024-V1-MEPSC,Human Resource Operations Executive,Oﬃce Administration & Facility Management,Level 4.5,https://www.nqr.gov.in/qualifications/13042
13044,QG-05-OA-03430-2024-V1-MEPSC,Deputy Human Resources Manager,Oﬃce Administration & Facility Management,Level 5,https://www.nqr.gov.in/qualifications/13044
13045,QG-4.5-OA-03431-2024-V1-MEPSC,Business Analytics Executive,Oﬃce Administration & Facility Management,Level 4.5,https://www.nqr.gov.in/qualifications/13045
13046,QG-05-OA-03432-2024-V1-MEPSC,Lead Business Analyst,Oﬃce Administration & Facility Management,Level 5,https://www.nqr.gov.in/qualifications/13046
13047,QG-04-PW-03317-2024-V1-PSSC,Smart Grid Technician,Power,Level 4,https://www.nqr.gov.in/qualifications/13047
13048,QG-04-PW-03318-2024-V1-PSSC,"Hydrogen Plant Technician (Installation, Commissioning and Maintenance)",Power,Level 4,https://www.nqr.gov.in/qualifications/13048
13049,QG-05-PW-03319-2024-V1-PSSC,Hydrogen Plant Installation and Maintenance Supervisor,Power,Level 5,https://www.nqr.gov.in/qualifications/13049
13055,QG-3.5-EH-01398-2023-V1-NTTF,Electrical and Electronics Equipment,Electronics & HW,Level 3,https://www.nqr.gov.in/qualifications/13055
13056,QG-4-EH-01399-2023-V1-NTTF,Technician Electrical and Electronics Assembly,Electronics & HW,Level 4,https://www.nqr.gov.in/qualifications/13056
13059,QG-4.5-EH-01400-2023-V1-NTTF,Senior Technician-Electrical Equipment Manufacturing,Electronics & HW,Level 4.5,https://www.nqr.gov.in/qualifications/13059
13060,QG-3.5-EH-01404-2023-V1-NTTF,Assistant Technician - Electrical,Electronics & HW,Level 3.5,https://www.nqr.gov.in/qualifications/13060
13062,QG-04-EH-01405-2023-V1-NTTF,Technician-Industrial Electrical,Electronics & HW,Level 4,https://www.nqr.gov.in/qualifications/13062
13069,QG-4.5-EH-01406-2023-V1-NTTF,Senior Technician-Electrical and Electronics,Electronics & HW,Level 4.5,https://www.nqr.gov.in/qualifications/13069
13076,QG-4.5-CO-03457-2025-V1-TICE,Roadway Surveyor,Construction,Level 4.5,https://www.nqr.gov.in/qualifications/13076
13087,QG-04-CO-03456-2025-V1-TICE,Quality Technician - Construction,Construction,Level 4,https://www.nqr.gov.in/qualifications/13087
13089,QG-2.5-HE-03460-2025-V2-HSSC,Yoga Training Assistant,Healthcare,Level 2.5,https://www.nqr.gov.in/qualifications/13089
13095,QG-04-AP-01767-2024-V2-AMHSSC,Sampling Tailor,Apparel,Level 4,https://www.nqr.gov.in/qualifications/13095
13103,QG-2.5-ET-03470-2025-V1-MSRVVP,Purohit – Sahayak पुरोहित – सहायक,"Education, Training & Research",Level 3,https://www.nqr.gov.in/qualifications/13103
13105,QG-2.5-ET-03471-2025-V1-MSRVVP,Shrauta Yajna - Sahayak श्रौतयज्ञ- सहायक,"Education, Training & Research",Level 3,https://www.nqr.gov.in/qualifications/13105
13107,QG-2.5-ET-03472-2025-V1-MSRVVP,Smarta Yajna - Sahayak स्मार्त्त यज्ञ – सहायक,"Education, Training & Research",Level 3,https://www.nqr.gov.in/qualifications/13107
13108,QG-2.5-ET-03473-2025-V1-MSRVVP,Vastushastra Sahayak / वास्तुशास्त्र - सहायक,"Education, Training & Research",Level 3,https://www.nqr.gov.in/qualifications/13108
13110,QG-2.5-ET-03474-2025-V1-MSRVVP,Jyotish Shastra - Sahayak / ज्योतिषशास्त्र -सहायक,"Education, Training & Research",Level 3,https://www.nqr.gov.in/qualifications/13110
13115,QG-2.5-ET-03476-2025-V1-MSRVVP,VEDASHASTRA PRAVACHANA SAHAYAK/ वेदशास्त्र प्रवचन - सहायक,"Education, Training & Research",Level 3,https://www.nqr.gov.in/qualifications/13115
13118,QG-2.5-ET-03475-2025-V1-MSRVVP,Temple Management-sahayak / मन्दिर प्रबन्धन-सहायक,"Education, Training & Research",Level 3,https://www.nqr.gov.in/qualifications/13118
13119,QG-2.5-ET-03479-2025-V1-MSRVVP,Yoga Prashikshan Sahayak /योग प्रशिक्षण – सहायक,"Education, Training & Research",Level 3,https://www.nqr.gov.in/qualifications/13119
13120,QG-2.5-ET-03477-2025-V1-MSRVVP,Vedic Sanskar – Sahayak / वैदिक संस्कार – सहायक,"Education, Training & Research",Level 3,https://www.nqr.gov.in/qualifications/13120
13121,QG-2.5-ET-03480-2025-V1-MSRVVP,Vedic ganit sahayak वैदिक गणित सहायक,"Education, Training & Research",Level 3,https://www.nqr.gov.in/qualifications/13121
13124,QG-2.5-ET-03478-2025-V1-MSRVVP,Ayurveda evam Vanaushadhi - Sahayak आयुर्वेद एवं वनौषधि - सहायक,"Education, Training & Research",Level 3,https://www.nqr.gov.in/qualifications/13124
13128,NG-3.5-BF-03458-2025-V1-VBABSS.,Introduction to Tally Operations & GST Calculations,BFSI,Level 3.5,https://www.nqr.gov.in/qualifications/13128
13132,NG-04-BF-03459-2025-V1-VBABSS,Accounting Operations & GST Compliances,BFSI,Level 4,https://www.nqr.gov.in/qualifications/13132
13133,QG-2.5-HC-03530-2025-V1-WBSC,Mat Maker,Handicrafts & Carpets,Level 2.5,https://www.nqr.gov.in/qualifications/13133
13135,QG-03-TX-03506-2025-V1-IJIRA,Junior Technician (Natural Fibre – Geotextile),Textile & Handloom,Level 3,https://www.nqr.gov.in/qualifications/13135
13136,QG-03-RI-03677-2025-V1-RSDC,Jr. Technician - Rubberwood Seasoning and Chemical Treatment (Lightwood Furniture),Rubber Industry,Level 3,https://www.nqr.gov.in/qualifications/13136
13137,QG-05-RI-03675-2025-V1-RSDC,Chemical Safety Supervisor,Rubber Industry,Level 5,https://www.nqr.gov.in/qualifications/13137
13141,QG-05-AP-03568-2025-V2-AMHSSC,Advance Pattern Maker (CAD/CAM),Apparel,Level 5,https://www.nqr.gov.in/qualifications/13141
13144,QG-05-AP-03578-2025-V2-AMHSSC,QC Executive - Stitched Items,Apparel,Level 5,https://www.nqr.gov.in/qualifications/13144
13146,QG-04-AP-03569-2025-V2-AMHSSC,"Assistant Designer- Apparel, Home and Made ups",Apparel,Level 4,https://www.nqr.gov.in/qualifications/13146
13147,QG-03-AP-03571-2025-V2-AMHSSC,Embroidery Machine Operator,Apparel,Level 3,https://www.nqr.gov.in/qualifications/13147
13148,QG-05-AP-03572-2025-V2-AMHSSC,Export Executive-Stitched Items,Apparel,Level 5,https://www.nqr.gov.in/qualifications/13148
13149,QG-2.5-AP-03573-2025-V2-AMHSSC,Fabric Cutter,Apparel,Level 2.5,https://www.nqr.gov.in/qualifications/13149
13150,QG-06-AP-03574-2025-V2-AMHSSC,Factory Compliance Auditor,Apparel,Level 6,https://www.nqr.gov.in/qualifications/13150
13152,QG-3.5-AP-03570-2025-V2-AMHSSC,Inline Checker - Sewing,Apparel,Level 3.5,https://www.nqr.gov.in/qualifications/13152
13153,QG-05-AP-03576-2025-V2-AMHSSC,"Merchandiser –Fashion, Made-Ups & Home Furnishings",Apparel,Level 5,https://www.nqr.gov.in/qualifications/13153
13154,QG-05-AP-03577-2025-V2-AMHSSC,Processing Supervisor (Dyeing &Printing),Apparel,Level 5,https://www.nqr.gov.in/qualifications/13154
13155,QG-03-AP-03579-2025-V2-AMHSSC,Record Keeper-Sewn Items Manufacturing,Apparel,Level 3,https://www.nqr.gov.in/qualifications/13155
13156,QG-05-AP-03580-2025-V2-AMHSSC,Sampling Coordinator,Apparel,Level 5,https://www.nqr.gov.in/qualifications/13156
13160,QG-4.5-EH-03602-2025-V1-ESSCI,AI Embedded Product Developer (Electronics) (SIC - Artificial Intelligence),Electronics & HW,Level 4.5,https://www.nqr.gov.in/qualifications/13160
13164,QG-03-AP-03505-2025-V1-MSME,SPORTS APPAREL MAKER,Apparel,Level 3,https://www.nqr.gov.in/qualifications/13164
13174,QG-04-BW-03600-2025-V2-BWSSC,Aesthetic Skin Technician,Beauty & Wellness,Level 4,https://www.nqr.gov.in/qualifications/13174
13176,QG-04-ES-03678-2025-V1-SCGJ,Small Hydro Power Plant Technician,Environmental Science,Level 4,https://www.nqr.gov.in/qualifications/13176
13179,NG-4.5-TX-03719-2025-V1-IJIRA,Fundamentals of Geotextile and its Application (Natural Fibre),Textile & Handloom,Level 4.5,https://www.nqr.gov.in/qualifications/13179
13180,QG-04-BW-03601-2025-V2-BWSSC,Cosmetologist,Beauty & Wellness,Level 4,https://www.nqr.gov.in/qualifications/13180
13183,QG-05-IT-03639-2025-V2-NASSCOM,Security Analyst,IT-ITeS,Level 5,https://www.nqr.gov.in/qualifications/13183
13187,QG-5.5-IT-03356-2024-V1-LTSU,Artificial Intelligence (AI) Security Architect,IT-ITeS,Level 5.5,https://www.nqr.gov.in/qualifications/13187
13192,QG-03-TX-03703-2025-V2-TSC,Warper - Handloom,Textile & Handloom,Level 3,https://www.nqr.gov.in/qualifications/13192
13198,QG-03-AG-03563-2025-V2-ASCI,Assistant Gardener,Agriculture,Level 3,https://www.nqr.gov.in/qualifications/13198
13199,NG-05-AU-03745-2025-V1-ASDC,Automotive Loans and Financing,Automotive,Level 5,https://www.nqr.gov.in/qualifications/13199
13201,NG-05-AU-03744-2025-V1-ASDC,Automotive Retail Sales,Automotive,Level 5,https://www.nqr.gov.in/qualifications/13201
13202,NG-3.5-AU-03741-2025-V1-ASDC,Basic Concepts of Commercial Vehicle Service and Repair,Automotive,Level 3.5,https://www.nqr.gov.in/qualifications/13202
13204,NG-04-AU-03742-2025-V1-ASDC,Intermediate Concepts of Commercial vehicle service and repair,Automotive,Level 4,https://www.nqr.gov.in/qualifications/13204
13205,NG-4.5-AU-03743-2025-V1-ASDC,Advance Concepts of Commercial Vehicle service and Repair,Automotive,Level 4.5,https://www.nqr.gov.in/qualifications/13205
13207,NM-2.5-AU-03832-2025-V1-ASDC,Basics of 3D Printing,Automotive,Level 2.5,https://www.nqr.gov.in/qualifications/13207
13208,NM-03-AU-03833-2025-V1-ASDC,Basics of CAD,Automotive,Level 3,https://www.nqr.gov.in/qualifications/13208
13209,NM-02-AU-03829-2025-V1-ASDC,Fundamentals of Automobile Technology,Automotive,Level 2,https://www.nqr.gov.in/qualifications/13209
13210,QG-04-AG-03566-2025-V2-ASCI,Micro-Irrigation Technician,Agriculture,Level 4,https://www.nqr.gov.in/qualifications/13210
13211,NM-02-AU-03830-2025-V1-ASDC,Fundamentals of Automobile Crafting & Styling,Automotive,Level 2,https://www.nqr.gov.in/qualifications/13211
13212,NM-02-AU-03831-2025-V1-ASDC,Introduction to Automotive Engines,Automotive,Level 2,https://www.nqr.gov.in/qualifications/13212
13213,QG-04-AG-03565-2025-V2-ASCI,Tractor Operator,Agriculture,Level 4,https://www.nqr.gov.in/qualifications/13213
13215,QG-2.5-AG-03557-2025-V2-ASCI,Fishery Hatchery Production Worker,Agriculture,Level 2.5,https://www.nqr.gov.in/qualifications/13215
13216,QG-3.5-AU-03593-2025-V2-ASDC,Ambulance Driver,Automotive,Level 3.5,https://www.nqr.gov.in/qualifications/13216
13218,QG-04-AG-03561-2025-V2-ASCI,Shrimp Farmer,Agriculture,Level 4,https://www.nqr.gov.in/qualifications/13218
13219,QG-2.5-AU-03591-2025-V2-ASDC,Automotive Body Repair Assistant,Automotive,Level 2.5,https://www.nqr.gov.in/qualifications/13219
13220,QG-05-AG-03562-2025-V2-ASCI,Aquaculture Technical Supervisor,Agriculture,Level 5,https://www.nqr.gov.in/qualifications/13220
13221,QG-5.5-AU-03589-2025-V2-ASDC,Automotive Customer Relationship Manager,Automotive,Level 5.5,https://www.nqr.gov.in/qualifications/13221
13222,QG-02-AU-03587-2025-V2-ASDC,Automotive Packing Assistant,Automotive,Level 2,https://www.nqr.gov.in/qualifications/13222
13223,QG-04-AU-03585-2025-V2-ASDC,Automotive Quality Control Jr. Inspector,Automotive,Level 4,https://www.nqr.gov.in/qualifications/13223
13225,NG-2.5-CO-03455-2025-V1-TICE,Foundation of Road Safety,Construction,Level 2.5,https://www.nqr.gov.in/qualifications/13225
13226,QG-03-AU-03588-2025-V2-ASDC,Automotive Sales Assistant,Automotive,Level 3,https://www.nqr.gov.in/qualifications/13226
13227,QG-04-AU-03592-2025-V2-ASDC,Automotive Sales Executive,Automotive,Level 4,https://www.nqr.gov.in/qualifications/13227
13228,QG-05-AU-03598-2025-V2-ASDC,Automotive Sales Lead,Automotive,Level 5,https://www.nqr.gov.in/qualifications/13228
13230,QG-5.5-AU-03584-2025-V2-ASDC,Automotive Service Supervisor,Automotive,Level 5.5,https://www.nqr.gov.in/qualifications/13230
13231,QG-2.5-AU-03596-2025-V2-ASDC,Automotive Spare Parts Operations Assistant,Automotive,Level 2.5,https://www.nqr.gov.in/qualifications/13231
13232,QG-04-AU-03590-2025-V2-ASDC,Chauffeur,Automotive,Level 4,https://www.nqr.gov.in/qualifications/13232
13234,QG-03-AU-03599-2025-V2-ASDC,CNG Kit Fitment Technician,Automotive,Level 4,https://www.nqr.gov.in/qualifications/13234
13235,QM-06-OA-03636-2025-V1-MEPSC,Senior Internal Auditor,Oﬃce Administration & Facility Management,Level 6,https://www.nqr.gov.in/qualifications/13235
13236,QG-03-AU-03583-2025-V2-ASDC,Commercial Vehicle Driver,Automotive,Level 3,https://www.nqr.gov.in/qualifications/13236
13237,QG-02-AU-03595-2025-V2-ASDC,Driving Assistant,Automotive,Level 2,https://www.nqr.gov.in/qualifications/13237
13239,QG-04-AU-03586-2025-V2-ASDC,Electric Vehicle Service technician,Automotive,Level 4,https://www.nqr.gov.in/qualifications/13239
13240,NG-04-PS-03784-2025-V1-MEPSC,Drone Operations – Surveillance and Patrolling,Oﬃce Administration & Facility Management,Level 4,https://www.nqr.gov.in/qualifications/13240
13241,NM-05-OA-03843-2025-V1-MEPSC,Fundamentals of Business Consulting,Oﬃce Administration & Facility Management,Level 5,https://www.nqr.gov.in/qualifications/13241
13242,QG-03-AU-03594-2025-V2-ASDC,Forklift Operator/Driver,Automotive,Level 3,https://www.nqr.gov.in/qualifications/13242
13244,QG-05-AU-03597-2025-V2-ASDC,Four Wheeler Service Master Technician,Automotive,Level 5,https://www.nqr.gov.in/qualifications/13244
13245,QG-03-AU-03582-2025-V2-ASDC,Taxi Driver,Automotive,Level 3,https://www.nqr.gov.in/qualifications/13245
13246,QG-03-PD-03697-2025-V2-SCPWD,Data Entry Operator (Divyangjan) - LD,Persons with Disability,Level 3,https://www.nqr.gov.in/qualifications/13246
13250,QG-05-TW-03515-2025-V1-ASAP,Supply Chain and Logistics Analyst,"Transportation, Logistics & Warehousing",Level 5,https://www.nqr.gov.in/qualifications/13250
13251,QG-5.5-CO-03517-2025-V1-ASAP,Road Construction Engineer,Construction,Level 5.5,https://www.nqr.gov.in/qualifications/13251
13254,QG-03-PD-03482-2025-V1-SCPWD,Data Entry Operator (Divyangjan) - SHI,Persons with Disability,Level 3,https://www.nqr.gov.in/qualifications/13254
13255,QG-05-IT-03518-2025-V1-ASAP,MERN Stack Developer,IT-ITeS,Level 5,https://www.nqr.gov.in/qualifications/13255
13256,QG-03-PD-03483-2025-V1-SCPWD,Data Entry Operator (Divyangjan) - LV,Persons with Disability,Level 3,https://www.nqr.gov.in/qualifications/13256
13258,QG-04-TW-03632-2025-V2-LSC,Tertiary Goods Packaging Machine Operator,"Transportation, Logistics & Warehousing",Level 4,https://www.nqr.gov.in/qualifications/13258
13259,QG-04-TW-03633-2025-V2-LSC,Data Feeder - Warehouse,"Transportation, Logistics & Warehousing",Level 4,https://www.nqr.gov.in/qualifications/13259
13261,QG-05-TW-03634-2025-V2-LSC,Key Accounts Management Executive – Courier,"Transportation, Logistics & Warehousing",Level 5,https://www.nqr.gov.in/qualifications/13261
13262,QG-04-TW-03635-2025-V2-LSC,Claims coordinator - Warehouse,"Transportation, Logistics & Warehousing",Level 4,https://www.nqr.gov.in/qualifications/13262
13263,NG-3.5-IT-03724-2025-V1-NIELIT,Foundation of Artificial Intelligence Technology,IT-ITeS,Level 3.5,https://www.nqr.gov.in/qualifications/13263
13264,QG-05-OA-03708-2025-V1-MU,Corporate Accountant,,Level 5,https://www.nqr.gov.in/qualifications/13264
13269,NG-3.5-IT-03725-2025-V1-NIELIT,Foundation of Data Science and Analytics,IT-ITeS,Level 3.5,https://www.nqr.gov.in/qualifications/13269
13270,NG-02-ERT-03796-2025-V1-VBABSS,Fundamentals of Vedic Maths – (Part –1),"Education, Training & Research",Level 2,https://www.nqr.gov.in/qualifications/13270
13271,NG-02-ERT-03797-2025-V1-VBABSS,Fundamentals of Vedic Maths – (Part – 2),"Education, Training & Research",Level 2,https://www.nqr.gov.in/qualifications/13271
13272,QG-05-IT-03637-2025-V2-NASSCOM,Analyst Application Security,IT-ITeS,Level 5,https://www.nqr.gov.in/qualifications/13272
13273,QG-02-GJ-03611-2025-V1-GJSCI,Imitation Jewellery Maker,Gem & Jewellery,Level 2,https://www.nqr.gov.in/qualifications/13273
13274,NG-02-ERT-03798-2025-V1-VBABSS,Fundamentals of Vedic Maths – (Part – 3),"Education, Training & Research",Level 2,https://www.nqr.gov.in/qualifications/13274
13275,QG-05-IT-03638-2025-V2-NASSCOM,Security Operation Centre Analyst,IT-ITeS,Level 5,https://www.nqr.gov.in/qualifications/13275
13278,QG-03-IT-03509-2025-V2-NIELIT,Multimedia Development Associate,IT-ITeS,Level 3,https://www.nqr.gov.in/qualifications/13278
13281,QG-04-IT-03667-2025-V2-NASSCOM,Data Annotator,IT-ITeS,Level 4,https://www.nqr.gov.in/qualifications/13281
13285,QG-03-AG-03567-2025-V2-ASCI,Non-Timber Forest Produce Harvester,Agriculture,Level 3,https://www.nqr.gov.in/qualifications/13285
13286,QG-2.5-AG-03556-2025-V2-ASCI,Aquaculture Worker,Agriculture,Level 2.5,https://www.nqr.gov.in/qualifications/13286
13289,QG-04-AG-03560-2025-V2-ASCI,Ornamental Fish Farmer,Agriculture,Level 4,https://www.nqr.gov.in/qualifications/13289
13290,QG-03-DW-03625-2025-V1-DWSSC,Pest Control Technician (Household and Small Establishment),Home Management and Caregiving,Level 3,https://www.nqr.gov.in/qualifications/13290
13295,QG-04-AG-03564-2025-V2-ASCI,Quality Seed Grower,Agriculture,Level 4,https://www.nqr.gov.in/qualifications/13295
13298,QG-04-AG-03559-2025-V2-ASCI,Freshwater Aquaculture Farmer,Agriculture,Level 4,https://www.nqr.gov.in/qualifications/13298
13299,QG-04-AG-03558-2025-V2-ASCI,Fisheries Extension Associate,Agriculture,Level 4,https://www.nqr.gov.in/qualifications/13299
13304,QG-05-DW-03626-2025-V1-DWSSC,Manager Care Homes,Home Management and Caregiving,Level 5,https://www.nqr.gov.in/qualifications/13304
13316,QG-05-AG-03555-2025-V2-ASCI,Agriculture Machinery Demonstrator,Agriculture,Level 5,https://www.nqr.gov.in/qualifications/13316
13323,QG-05-DW-03624-2025-V1-DWSSC,Governess,Home Management and Caregiving,Level 5,https://www.nqr.gov.in/qualifications/13323
13324,QG-03-AG-03533-2025-V2-ASCI,Bamboo Cultivator,Agriculture,Level 3,https://www.nqr.gov.in/qualifications/13324
13325,QG-2.5-HE-03622-2025-V2-HSSC,Ayurveda Masseur,Healthcare,Level 2.5,https://www.nqr.gov.in/qualifications/13325
13326,NG-02-HE-03753-2025-V1-HSSC,Fundamental of Occupational Health and Hygiene,Healthcare,Level 2,https://www.nqr.gov.in/qualifications/13326
13327,QG-05-HE-03623-2025-V1-HSSC,Health and wellness coach,Healthcare,Level 5,https://www.nqr.gov.in/qualifications/13327
13328,QG-03-HE-03620-2025-V2-HSSC,Garbhini Mitra,Healthcare,Level 3,https://www.nqr.gov.in/qualifications/13328
13329,QG-03-HE-03621-2025-V2-HSSC,Panchkarma Assistant,Healthcare,Level 3,https://www.nqr.gov.in/qualifications/13329
13330,QG-04-AG-03541-2025-V2-ASCI,Coconut Grower cum Primary Processor,Agriculture,Level 4,https://www.nqr.gov.in/qualifications/13330
13333,NG-06-HE-03752-2025-V1-HSSC,Prakriti Parikshan,Healthcare,Level 6,https://www.nqr.gov.in/qualifications/13333
13337,QG-03-IT-03508-2025-V2-NIELIT,ITeS BPO Executive - Voice,IT-ITeS,Level 3,https://www.nqr.gov.in/qualifications/13337
13340,NG-06-IT-03875-2025-V1-NASSCOM,AI for Educators,IT-ITeS,Level 6,https://www.nqr.gov.in/qualifications/13340
13341,NM-03-IT-03873-2025-V1-NASSCOM,AI to Acquire,IT-ITeS,Level 3,https://www.nqr.gov.in/qualifications/13341
13343,NM-04-IT-03874-2025-V1-NASSCOM,AI to Aspire,IT-ITeS,Level 4,https://www.nqr.gov.in/qualifications/13343
13345,NM-02-IT-03872-2025-V1-NASSCOM,AI to be Aware,IT-ITeS,Level 2,https://www.nqr.gov.in/qualifications/13345
13349,QG-04-AG-03544-2025-V2-ASCI,Dairy Farmer - Entrepreneur,Agriculture,Level 4,https://www.nqr.gov.in/qualifications/13349
13350,QG-2.5-AG-03543-2025-V2-ASCI,Dairy Worker,Agriculture,Level 2.5,https://www.nqr.gov.in/qualifications/13350
13352,QG-03-AG-03547-2025-V2-ASCI,Sericulturist,Agriculture,Level 3,https://www.nqr.gov.in/qualifications/13352
13354,QG-03-AG-03549-2025-V2-ASCI,Beekeeper,Agriculture,Level 3,https://www.nqr.gov.in/qualifications/13354
13355,QG-2.5-AG-03551-2025-V2-ASCI,Agriculture Warehouse Worker,Agriculture,Level 2.5,https://www.nqr.gov.in/qualifications/13355
13356,QG-04-AG-03546-2025-V2-ASCI,Small Poultry Farmer,Agriculture,Level 4,https://www.nqr.gov.in/qualifications/13356
13359,QG-04-AG-03531-2025-V2-ASCI,Solar Pump Technician,Agriculture,Level 4,https://www.nqr.gov.in/qualifications/13359
13360,QG-04-AG-03540-2025-V2-ASCI,Organic Grower,Agriculture,Level 4,https://www.nqr.gov.in/qualifications/13360
13361,QG-05-AG-03554-2025-V2-ASCI,Agri Service Input Dealer,Agriculture,Level 5,https://www.nqr.gov.in/qualifications/13361
13362,QG-04-AG-03552-2025-V2-ASCI,Agriculture Extension Service Provider,Agriculture,Level 4,https://www.nqr.gov.in/qualifications/13362
13363,QG-04-AG-03553-2025-V2-ASCI,Agriculture Field Officer,Agriculture,Level 4,https://www.nqr.gov.in/qualifications/13363
13364,QG-03-AG-03535-2025-V2-ASCI,Cotton Cultivator,Agriculture,Level 3,https://www.nqr.gov.in/qualifications/13364
13365,QG-04-AG-03538-2025-V2-ASCI,Medicinal and Aromatic Plants Grower,Agriculture,Level 4,https://www.nqr.gov.in/qualifications/13365
13366,QG-03-AG-03534-2025-V2-ASCI,Cereal Crop Cultivator,Agriculture,Level 3,https://www.nqr.gov.in/qualifications/13366
13368,QG-04-AG-03545-2025-V2-ASCI,Brackish water Aquaculture Farmer,Agriculture,Level 4,https://www.nqr.gov.in/qualifications/13368
13369,QG-04-AG-03542-2025-V2-ASCI,Floriculturist,Agriculture,Level 4,https://www.nqr.gov.in/qualifications/13369
13370,QG-03-AG-03537-2025-V2-ASCI,Pulses Cultivator,Agriculture,Level 3,https://www.nqr.gov.in/qualifications/13370
13371,QG-04-AG-03539-2025-V2-ASCI,Oilseed Crop Grower,Agriculture,Level 4,https://www.nqr.gov.in/qualifications/13371
13372,NG-3.5-IT-03722-2025-V1-NIELIT,Fundamentals of Data Annotation using Python,IT-ITeS,Level 3.5,https://www.nqr.gov.in/qualifications/13372
13373,QG-03-AG-03548-2025-V2-ASCI,Vermicompost Producer,Agriculture,Level 3,https://www.nqr.gov.in/qualifications/13373
13374,QG-04-AG-03532-2025-V2-ASCI,Soil & Water Testing Lab Technician,Agriculture,Level 4,https://www.nqr.gov.in/qualifications/13374
13375,QG-03-AG-03550-2025-V2-ASCI,Packhouse Worker,Agriculture,Level 3,https://www.nqr.gov.in/qualifications/13375
13381,QG-04-IT-03522-2025-V2-HARTRON,Course in Computer Application,IT-ITeS,Level 4,https://www.nqr.gov.in/qualifications/13381
13383,QG-04-IS-03891-2025-V2-IISSSC,Welder - (GTAW),Iron & Steel,Level 4,https://www.nqr.gov.in/qualifications/13383
13384,QG-03-IS-03883-2025-V2-IISSSC,Assistant Electrician,Iron & Steel,Level 3,https://www.nqr.gov.in/qualifications/13384
13385,QG-03-IS-03884-2025-V2-IISSSC,"Assistant Fitter - Levelling, Alignment & Balancing",Iron & Steel,Level 3,https://www.nqr.gov.in/qualifications/13385
13386,QG-03-IS-03885-2025-V2-IISSSC,Assistant Bearing Maintenance Mechanic,Iron & Steel,Level 3,https://www.nqr.gov.in/qualifications/13386
13388,QG-04-IT-03523-2025-V2-HARTRON,Course in Digital Accounting,IT-ITeS,Level 4,https://www.nqr.gov.in/qualifications/13388
13389,QG-04-IT-03525-2025-V2-HARTRON,Course in Designing and Publishing,IT-ITeS,Level 4,https://www.nqr.gov.in/qualifications/13389
13390,QG-04-IT-03526-2025-V2-HARTRON,Course in Web Technology,IT-ITeS,Level 4,https://www.nqr.gov.in/qualifications/13390
13394,QG-03-IS-03879-2025-V2-IISSSC,Assistant Machinist - Iron and Steel,Iron & Steel,Level 3,https://www.nqr.gov.in/qualifications/13394
13395,QG-03-IS-03880-2025-V2-IISSSC,Assistant Electronic Mechanic,Iron & Steel,Level 3,https://www.nqr.gov.in/qualifications/13395
13396,QG-03-IS-03881-2025-V2-IISSSC,Assistant Instrumentation Mechanic (Metal Sector),Iron & Steel,Level 3,https://www.nqr.gov.in/qualifications/13396
13397,QG-03-IS-03882-2025-V2-IISSSC,Assistant Rigger - Heavy Material,Iron & Steel,Level 3,https://www.nqr.gov.in/qualifications/13397
13398,QG-02-IS-03876-2025-V2-IISSSC,Helper - Plant Operations & Maintenance,Iron & Steel,Level 2,https://www.nqr.gov.in/qualifications/13398
13405,QG-03-IS-03877-2025-V2-IISSSC,House Keeper - Mechanised Equipment,Iron & Steel,Level 3,https://www.nqr.gov.in/qualifications/13405
13406,NG-2.5-IT-03740-2025-V1-HARTRON,Fundamentals of Computers,IT-ITeS,Level 2.5,https://www.nqr.gov.in/qualifications/13406
13408,NG-3.5-IT-03723-2025-V1-NIELIT,Fundamentals of Data Curation using Python,IT-ITeS,Level 3.5,https://www.nqr.gov.in/qualifications/13408
13410,QG-3.5-HC-03848-2025-V2-HCSSC,Carpet Weaver,Handicrafts & Carpets,Level 3.5,https://www.nqr.gov.in/qualifications/13410
13413,QG-4.5-PD-03693-2025-V1-SCPWD,Bartender (Divyangjan) - LD,Persons with Disability,Level 4.5,https://www.nqr.gov.in/qualifications/13413
13414,QG-4.5-PD-03694-2025-V1-SCPWD,Bartender (Divyangjan) - SHI,Persons with Disability,Level 4.5,https://www.nqr.gov.in/qualifications/13414
13415,NM-06-HY-03837-2025-V1-HSSC,Basics of Green Hydrogen Electrical Grid Design,Hydrocarbon,Level 6,https://www.nqr.gov.in/qualifications/13415
13419,QG-03-IS-03878-2025-V2-IISSSC,Assistant Packaging & Marking Operation,Iron & Steel,Level 3,https://www.nqr.gov.in/qualifications/13419
13420,QG-03-IS-03886-2025-V2-IISSSC,EOT Crane Operator,Iron & Steel,Level 3,https://www.nqr.gov.in/qualifications/13420
13421,QG-03-IS-03888-2025-V2-IISSSC,Belt Conveyor Mechanic,Iron & Steel,Level 3,https://www.nqr.gov.in/qualifications/13421
13422,NM-03-CO-03845-2025-V1-TICE TRC,Introduction to Textile Reinforced Concrete (TRC),Construction,Level 3,https://www.nqr.gov.in/qualifications/13422
13423,QG-05-CO-03707-2025-V1-TICE,Real Estate Advisor,Construction,Level 5,https://www.nqr.gov.in/qualifications/13423
13424,QG-03-IS-03887-2025-V2-IISSSC,Mobile Equipment Operator (Metal Sector),Iron & Steel,Level 3,https://www.nqr.gov.in/qualifications/13424
13426,NM-06-HY-03835-2025-V1-HSSC,Basics of Green Hydrogen Electrolysis Process,Hydrocarbon,Level 6,https://www.nqr.gov.in/qualifications/13426
13427,NM-06-HY-03838-2025-V1-HSSC,Basics of Green Hydrogen Production,Hydrocarbon,Level 6,https://www.nqr.gov.in/qualifications/13427
13428,NM-06-HY-03836-2025-V1-HSSC,Green Hydrogen System Design,Hydrocarbon,Level 6,https://www.nqr.gov.in/qualifications/13428
13429,NM-06-HY-03839-2025-V1-HSSC,R&D aspects of Green Hydrogen Fuel applications,Hydrocarbon,Level 6,https://www.nqr.gov.in/qualifications/13429
13430,QG-5.5-HY-03627-2025-V1-HSSCI,Marketing Manager – Oil & Gas,Hydrocarbon,Level 5.5,https://www.nqr.gov.in/qualifications/13430
13431,QG-4.5-HY-03628-2025-V1-HSSCI,Industrial Safety Associate – Oil & Gas,Hydrocarbon,Level 4.5,https://www.nqr.gov.in/qualifications/13431
13432,QG-03-IT-03654-2025-V2-NASSCOM,IT Customer Care Executive,IT-ITeS,Level 3,https://www.nqr.gov.in/qualifications/13432
13433,QG-04-IS-03890-2025-V2-IISSSC,Plasma Cutter Operator,Iron & Steel,Level 4,https://www.nqr.gov.in/qualifications/13433
13434,QG-04-IT-03649-2025-V2-NASSCOM,Junior Software Developer,IT-ITeS,Level 4,https://www.nqr.gov.in/qualifications/13434
13437,NG-01-IT-03462-2025-V1-NASSCOM,Digital Skills beginner-I,IT-ITeS,Level 1,https://www.nqr.gov.in/qualifications/13437
13440,NG-01-IT-03464-2025-V1-NASSCOM,Digital Skills Beginner III,IT-ITeS,Level 1,https://www.nqr.gov.in/qualifications/13440
13442,NG-01-IT-03465-2025-V1-NASSCOM,Digital Skills Basic I,IT-ITeS,Level 1,https://www.nqr.gov.in/qualifications/13442
13443,NG-01-IT-03466-2025-V1-NASSCOM,Digital Skills Basic II,IT-ITeS,Level 1,https://www.nqr.gov.in/qualifications/13443
13444,QG-04-IS-03889-2025-V2-IISSSC,Hydraulic & Pneumatic System Mechanic,Iron & Steel,Level 4,https://www.nqr.gov.in/qualifications/13444
13445,NG-01-IT-03463-2025-V1-NASSCOM,Digital Skills Beginner II,IT-ITeS,Level 1,https://www.nqr.gov.in/qualifications/13445
13446,NG-02-IT-03467-2025-V1-NASSCOM,Digital Skills Basic III,IT-ITeS,Level 2,https://www.nqr.gov.in/qualifications/13446
13448,NG-02-IT-03468-2025-V1-NASSCOM,Digital Skills Intermediate I,IT-ITeS,Level 2,https://www.nqr.gov.in/qualifications/13448
13449,NG-02-IT-03469-2025-V1-NASSCOM,Digital Skills Intermediate II,IT-ITeS,Level 2,https://www.nqr.gov.in/qualifications/13449
13450,QG-03-IT-03665-2025-V2-NASSCOM,Digital Mitra,IT-ITeS,Level 3,https://www.nqr.gov.in/qualifications/13450
13451,QG-06-TX-03437-2024-V1-TSC,Entrepreneur - Textile Waste Management & Recycling,Textile & Handloom,Level 6,https://www.nqr.gov.in/qualifications/13451
13452,QG-03-AU-00701-2023-V1.1-ASDC,Automotive AC Technician,Automotive,Level 3,https://www.nqr.gov.in/qualifications/13452
13456,QG-02-TX-03438-2024-V1-TSC,Textile Waste Recycler - Collection and Segregation,Textile & Handloom,Level 2,https://www.nqr.gov.in/qualifications/13456
13458,QG-04-HC-03614-2025-V2-HCSSC,Hand Block Printing Artisan,Handicrafts & Carpets,Level 4,https://www.nqr.gov.in/qualifications/13458
13459,NG-4.5-IT-03787-2025-V1-NASSCOM,Foundations of IoT,IT-ITeS,Level 4.5,https://www.nqr.gov.in/qualifications/13459
13460,NG-4.5-IT-03785-2025-V1-NASSCOM,Foundations of Cloud Computing,IT-ITeS,Level 4.5,https://www.nqr.gov.in/qualifications/13460
13461,NG-4.5-IT-03786-2025-V1-NASSCOM,Foundations of Mobile application development,IT-ITeS,Level 4.5,https://www.nqr.gov.in/qualifications/13461
13463,NG-05-IT-03791-2025-V1-NASSCOM,AI in RPA,IT-ITeS,Level 5,https://www.nqr.gov.in/qualifications/13463
13464,NG-4.5-IT-03789-2025-V1-NASSCOM,Foundations of Blockchain,IT-ITeS,Level 4.5,https://www.nqr.gov.in/qualifications/13464
13465,NG-4.5-IT-03790-2025-V1-NASSCOM,Foundations of Cybersecurity,IT-ITeS,Level 4.5,https://www.nqr.gov.in/qualifications/13465
13466,NG-4.5-IT-03788-2025-V1-NASSCOM,Foundations of UX Design,IT-ITeS,Level 4.5,https://www.nqr.gov.in/qualifications/13466
13467,NG-05-IT-03792-2025-V1-NASSCOM,Foundations of RPA,IT-ITeS,Level 4.5,https://www.nqr.gov.in/qualifications/13467
13468,QG-04-HC-03855-2025-V2-HCSSC,Finisher - Carpets,Handicrafts & Carpets,Level 4,https://www.nqr.gov.in/qualifications/13468
13470,QG-3.5-HC-03859-2025-V2-HCSSC,Product Maker - Fashion Jewellery,Handicrafts & Carpets,Level 3.5,https://www.nqr.gov.in/qualifications/13470
13471,QG-04-HC-03861-2025-V2-HCSSC,Quality Checker - Fashion Jewellery,Handicrafts & Carpets,Level 4,https://www.nqr.gov.in/qualifications/13471
13472,QG-03-HC-03851-2025-V2-HCSSC,Decorative Painter - Glassware,Handicrafts & Carpets,Level 3,https://www.nqr.gov.in/qualifications/13472
13473,QG-3.5-HC-03857-2025-V2-HCSSC,Inlay Artisan - Metalware,Handicrafts & Carpets,Level 3.5,https://www.nqr.gov.in/qualifications/13473
13475,QG-3.5-HC-03858-2025-V2-HCSSC,Painter - Metal Handicrafts,Handicrafts & Carpets,Level 3.5,https://www.nqr.gov.in/qualifications/13475
13476,QG-04-HC-03850-2025-V2-HCSSC,Casting Operator - Metalware,Handicrafts & Carpets,Level 4,https://www.nqr.gov.in/qualifications/13476
13477,QG-04-HC-03853-2025-V2-HCSSC,Metal Craft Artisan (including Engraving and Stamping as elective),Handicrafts & Carpets,Level 4,https://www.nqr.gov.in/qualifications/13477
13478,QG-04-HC-03863-2025-V2-HCSSC,Upcycling Scraps and E-waste Artisan,Handicrafts & Carpets,Level 4,https://www.nqr.gov.in/qualifications/13478
13479,QG-2.5-HC-03862-2025-V2-HCSSC,Stone Preparation Artisan,Handicrafts & Carpets,Level 2.5,https://www.nqr.gov.in/qualifications/13479
13480,QG-03-HC-03852-2025-V2-HCSSC,Design Marker - Stonecraft,Handicrafts & Carpets,Level 3,https://www.nqr.gov.in/qualifications/13480
13481,QG-3.5-HC-03849-2025-V2-HCSSC,Carving Artisan - Stonecraft,Handicrafts & Carpets,Level 3.5,https://www.nqr.gov.in/qualifications/13481
13482,QG-3.5-HC-03856-2025-V2-HCSSC,Inlay Artisan - Stonecraft,Handicrafts & Carpets,Level 3.5,https://www.nqr.gov.in/qualifications/13482
13483,QG-04-HC-03860-2025-V2-HCSSC,Quality checker - Stonecraft,Handicrafts & Carpets,Level 4,https://www.nqr.gov.in/qualifications/13483
13484,QG-2.5-HC-03854-2025-V2-HCSSC,Assistant Wood Craft (Engraving/ Carving/ Etching Assistant),Handicrafts & Carpets,Level 2.5,https://www.nqr.gov.in/qualifications/13484
13485,QG-04-HC-03612-2025-V2-HCSSC,Applique Artisan,Handicrafts & Carpets,Level 4,https://www.nqr.gov.in/qualifications/13485
13486,QG-04-HC-03613-2025-V2-HCSSC,Ceramics and Terracotta Toy Maker,Handicrafts & Carpets,Level 4,https://www.nqr.gov.in/qualifications/13486
13487,QG-04-HC-03615-2025-V2-HCSSC,Puppet Maker,Handicrafts & Carpets,Level 4,https://www.nqr.gov.in/qualifications/13487
13488,QG-05-IT-03642-2025-V2-NASSCOM,Application Developer - Web & Mobile,IT-ITeS,Level 5,https://www.nqr.gov.in/qualifications/13488
13489,QG-04-ME-03711-2025-V1-NFDC,Digital Still Photography,Media & Entertainment,Level 4,https://www.nqr.gov.in/qualifications/13489
13490,QG-03-IT-03646-2025-V2-NASSCOM,IT Helpdesk Attendant,IT-ITeS,Level 3,https://www.nqr.gov.in/qualifications/13490
13492,QG-03-CO-00788-2023-V2-CSDCI,Assistant Bar Bender and Steel Fixer,Construction,Level 3,https://www.nqr.gov.in/qualifications/13492
13493,QG-06-ME-03715-2025-V1-NFDC,Film Critics,Media & Entertainment,Level 6,https://www.nqr.gov.in/qualifications/13493
13496,QG-05-LS-00255-2025-V2-LSSSDC,"Chemist – Production (Pharma, Cosmetics & Biologics) Electives: 1. API / Excipient Manufacturing, 2. Sterile Product Manufacturing, 3. Non-Sterile Product Manufacturing, 4. AYUSH Drug Manufacturing, 5. Sanitary and Personal Hygiene Product Manufacturing, Options: 1. Regulated Business Operations",Life Sciences,Level 5,https://www.nqr.gov.in/qualifications/13496
13499,QG-04-IT-03652-2025-V2-NASSCOM,Software Test Engineer,IT-ITeS,Level 4,https://www.nqr.gov.in/qualifications/13499
13503,NM-03-ME-03846-2025-V1-NFDC,Basics of Smartphone Cinematography,Media & Entertainment,Level 3,https://www.nqr.gov.in/qualifications/13503
13508,QG-4.5-ME-03709-2025-V2-NFDC,Chief Cameraman,Media & Entertainment,Level 4.5,https://www.nqr.gov.in/qualifications/13508
13509,QG-02-TX-03439-2024-V1-TSC,Textile Waste Recycling Machine Operator,Textile & Handloom,Level 2,https://www.nqr.gov.in/qualifications/13509
13510,QG-04-ME-03710-2025-V2-NFDC,Digital Video Editor,Media & Entertainment,Level 4,https://www.nqr.gov.in/qualifications/13510
13511,QG-04-ME-03713-2025-V1-NFDC,Sub-titling Artist,Media & Entertainment,Level 4,https://www.nqr.gov.in/qualifications/13511
13512,QG-05-ME-03714-2025-V1-NFDC,Theatrical Makeup Artist,Media & Entertainment,Level 5,https://www.nqr.gov.in/qualifications/13512
13514,QG-4.5-ME-03712-2025-V1-NFDC,Voice Over Specialist,Media & Entertainment,Level 4.5,https://www.nqr.gov.in/qualifications/13514
13517,QG-04-LS-00260-2025-V2-LSSSDC,"Executive - Telesales (Pharma, Biologics, Medical Device And Other Health Services)",Life Sciences,Level 4,https://www.nqr.gov.in/qualifications/13517
13518,QG-5.5-LS-00251-2025-V2-LSSSDC,"Associate-Clinical Research Management (Pharma, Biologics and Medical devices) Electives: 1. Site management, 2. Study Monitoring, 3. Data management, 4. Biostatistics",Life Sciences,Level 5.5,https://www.nqr.gov.in/qualifications/13518
13519,NG-3.5-AU-03446-2024-V1-SS,Entrepreneurship in Car Washing Service,Automotive,Level 3.5,https://www.nqr.gov.in/qualifications/13519
13521,NG-05-TX-01418-2023-V1-TSC,Weaving Process Evaluation,Textile & Handloom,Level 5,https://www.nqr.gov.in/qualifications/13521
13525,QG-3.5-HE-03616-2025-V2-HSSC,Emergency Care Assistant,Healthcare,Level 3.5,https://www.nqr.gov.in/qualifications/13525
13526,QG-04-HE-03617-2025-V2-HSSC,General Duty Assistant Trainee,Healthcare,Level 4,https://www.nqr.gov.in/qualifications/13526
13527,QG-03-HE-03619-2025-V2-HSSC,Home Health Aide Trainee,Healthcare,Level 3,https://www.nqr.gov.in/qualifications/13527
13529,QG-03-IT-03655-2025-V2-NASSCOM,Domestic Biometric Data Operator,IT-ITeS,Level 3,https://www.nqr.gov.in/qualifications/13529
13530,QG-04-HE-03618-2025-V2-HSSC,Biomedical Equipment Assistant,Healthcare,Level 4,https://www.nqr.gov.in/qualifications/13530
13531,QG-04-IT-03650-2025-V2-NASSCOM,Web Developer,IT-ITeS,Level 4,https://www.nqr.gov.in/qualifications/13531
13532,NG-04-HE-03754-2025-V1-HSSC,Anaesthesiology equipment and device services,Healthcare,Level 4,https://www.nqr.gov.in/qualifications/13532
13533,NG-04-HE-03778-2025-V1-HSSC,Ambulance equipment and devices services,Healthcare,Level 4,https://www.nqr.gov.in/qualifications/13533
13534,NG-04-HE-03755-2025-V1-HSSC,Pain Management equipment and devices services,Healthcare,Level 4,https://www.nqr.gov.in/qualifications/13534
13536,NG-4.5-TX-01417-2023-V1-TSC,Woven Fabric Testing - Physical,Textile & Handloom,Level 4.5,https://www.nqr.gov.in/qualifications/13536
13538,NG-04-HE-03756-2025-V1-HSSC,Cardiovascular equipment and devices services,Healthcare,Level 4,https://www.nqr.gov.in/qualifications/13538
13539,NG-04-HE-03780-2025-V1-HSSC,CSSD equipment and devices services,Healthcare,Level 4,https://www.nqr.gov.in/qualifications/13539
13540,NG-04-HE-03757-2025-V1-HSSC,Dental equipment and devices services,Healthcare,Level 4,https://www.nqr.gov.in/qualifications/13540
13542,NG-04-HE-03772-2025-V1-HSSC,Dermatology and Plastic Surgery equipment and device services,Healthcare,Level 4,https://www.nqr.gov.in/qualifications/13542
13543,NG-04-HE-03758-2025-V1-HSSC,"Ear, Nose, Throat (ENT) equipment and device services",Healthcare,Level 4,https://www.nqr.gov.in/qualifications/13543
13544,NG-04-HE-03759-2025-V1-HSSC,Gastroenterological equipment and device services,Healthcare,Level 4,https://www.nqr.gov.in/qualifications/13544
13545,NG-04-HE-03761-2025-V1-HSSC,General Hospital equipment and device services,Healthcare,Level 4,https://www.nqr.gov.in/qualifications/13545
13546,NG-04-HE-03770-2025-V1-HSSC,Interventional and Radiology equipment and device services,Healthcare,Level 4,https://www.nqr.gov.in/qualifications/13546
13547,NG-04-HE-03777-2025-V1-HSSC,In-Vitro Diagnostics (IVD) device services,Healthcare,Level 4,https://www.nqr.gov.in/qualifications/13547
13548,NG-04-HE-03779-2025-V1-HSSC,Medical Software services,Healthcare,Level 4,https://www.nqr.gov.in/qualifications/13548
13549,NG-04-HE-03776-2025-V1-HSSC,Nephrology and Renal care equipment and device services,Healthcare,Level 4,https://www.nqr.gov.in/qualifications/13549
13550,NG-04-HE-03764-2025-V1-HSSC,Neurological equipment and device services,Healthcare,Level 4,https://www.nqr.gov.in/qualifications/13550
13551,NG-04-HE-03766-2025-V1-HSSC,Obstetrical and Gynaecological (OG) equipment and device services,Healthcare,Level 4,https://www.nqr.gov.in/qualifications/13551
13552,NG-04-HE-03774-2025-V1-HSSC,Oncology equipment and devices services,Healthcare,Level 4,https://www.nqr.gov.in/qualifications/13552
13553,NG-04-HE-03762-2025-V1-HSSC,Operation Theatre (OT) equipment and device services,Healthcare,Level 4,https://www.nqr.gov.in/qualifications/13553
13556,NG-04-HE-03767-2025-V1-HSSC,Ophthalmic equipment and devices services,Healthcare,Level 4,https://www.nqr.gov.in/qualifications/13556
13557,NG-04-HE-03773-2025-V1-HSSC,Paediatric and Neonatology equipment and device services,Healthcare,Level 4,https://www.nqr.gov.in/qualifications/13557
13558,NG-04-HE-03765-2025-V1-HSSC,Personnel use equipment and device services,Healthcare,Level 4,https://www.nqr.gov.in/qualifications/13558
13560,QG-02-PD-03685-2025-V1-SCPWD,Domestic Care Attendant (Divyangjan)- LD,Persons with Disability,Level 2,https://www.nqr.gov.in/qualifications/13560
13562,QG-02-PD-03686-2025-V1-SCPWD,Domestic Care Attendant (Divyangjan)- ID,Persons with Disability,Level 2,https://www.nqr.gov.in/qualifications/13562
13563,QG-04-IT-03647-2025-V2-NASSCOM,IT Technical Support Executive,IT-ITeS,Level 4,https://www.nqr.gov.in/qualifications/13563
13564,QG-04-IT-03653-2025-V2-NASSCOM,IT Technical Writer,IT-ITeS,Level 4,https://www.nqr.gov.in/qualifications/13564
13568,QG-05-IT-03651-2025-V2-NASSCOM,Software Product Developer,IT-ITeS,Level 5,https://www.nqr.gov.in/qualifications/13568
13570,QG-04-OA-03516-2025-V2-ASAP,Assistant Offset Printing Operator,Oﬃce Administration & Facility Management,Level 4,https://www.nqr.gov.in/qualifications/13570
13573,QG-05-IT-03657-2025-V2-NASSCOM,RPA Support Analyst,IT-ITeS,Level 5,https://www.nqr.gov.in/qualifications/13573
13574,NG-04-HE-03781-2025-V1-HSSC,PSA Based Oxygen plants & Medical Gas Pipeline Systems services,Healthcare,Level 4,https://www.nqr.gov.in/qualifications/13574
13575,NG-04-HE-03775-2025-V1-HSSC,Radiotherapy equipment and devices services,Healthcare,Level 4,https://www.nqr.gov.in/qualifications/13575
13576,NG-04-HE-03769-2025-V1-HSSC,Physical support equipment and devices services,Healthcare,Level 4,https://www.nqr.gov.in/qualifications/13576
13577,NG-04-HE-03771-2025-V1-HSSC,Rheumatology equipment and device services,Healthcare,Level 4,https://www.nqr.gov.in/qualifications/13577
13578,QG-5.5-IT-03656-2025-V2-NASSCOM,RPA Developer,IT-ITeS,Level 5.5,https://www.nqr.gov.in/qualifications/13578
13579,NG-04-HE-03768-2025-V1-HSSC,Rehabilitation equipment and device services,Healthcare,Level 4,https://www.nqr.gov.in/qualifications/13579
13580,NG-04-HE-03763-2025-V1-HSSC,Respiratory equipment and device services,Healthcare,Level 4,https://www.nqr.gov.in/qualifications/13580
13583,QG-04-IT-03648-2025-V2-NASSCOM,IT Technical Support Associate,IT-ITeS,Level 4,https://www.nqr.gov.in/qualifications/13583
13585,QG-4.5-TW-03511-2025-V1-DMRCA,Junior Engineer – Traction (Metro Rail),"Transportation, Logistics & Warehousing",Level 4.5,https://www.nqr.gov.in/qualifications/13585
13590,QG-4.5-TW-03512-2025-V1-DMRCA,Junior Engineer – Signal (Metro Rail),"Transportation, Logistics & Warehousing",Level 4.5,https://www.nqr.gov.in/qualifications/13590
13592,QG-03-PD-03700-2025-V2-SCPWD,Food and Beverage Service Assistant (Divyangjan) - LD,Persons with Disability,Level 3,https://www.nqr.gov.in/qualifications/13592
13593,QG-03-PD-03701-2025-V2-SCPWD,Food & Beverage Service Assistant (Divyangjan) - SHI,Persons with Disability,Level 3,https://www.nqr.gov.in/qualifications/13593
13594,QG-4.5-TW-03513-2025-V1,Junior Engineer - Rolling Stock (Metro Rail),"Transportation, Logistics & Warehousing",Level 4.5,https://www.nqr.gov.in/qualifications/13594
13596,QG-03-PD-03702-2025-V2-SCPWD,Food and Beverage Service Assistant (Divyangjan) - LV,Persons with Disability,Level 3,https://www.nqr.gov.in/qualifications/13596
13598,QG-4.5-TW-03514-2025-V1-DMRCA,Junior Engineer -Civil (Metro Rail),"Transportation, Logistics & Warehousing",Level 4.5,https://www.nqr.gov.in/qualifications/13598
13600,QG-06-IT-03645-2025-V2-NASSCOM,Cloud Infrastructure Analyst,IT-ITeS,Level 6,https://www.nqr.gov.in/qualifications/13600
13607,NM-04-IS-03842-2025-V1-IISSSC,Basics of Pot Room Operations in Aluminium Industry,Iron & Steel,Level 4,https://www.nqr.gov.in/qualifications/13607
13609,NM-04-IS-03841-2025-V1-IISSSC,Basics of Pot room transportation in Aluminium Industry,Iron & Steel,Level 4,https://www.nqr.gov.in/qualifications/13609
13610,NG-04-EH-03726-2025-V1-NIELIT,Essentials of Semiconductor Fabrication Technology,Electronics & HW,Level 4,https://www.nqr.gov.in/qualifications/13610
13611,NG-04-EH-03727-2025-V1-NIELIT,Fundamentals of Process Technology and Integration in Semiconductor Fabrication,Electronics & HW,Level 4,https://www.nqr.gov.in/qualifications/13611
13612,NG-4.5-EH-03728-2025-V1-NIELIT,Fundamentals of Cleanroom Operations and Safety,Electronics & HW,Level 4.5,https://www.nqr.gov.in/qualifications/13612
13615,NG-4.5-EH-03736-2025-V1-NIELIT,Essentials of Supply Chain and Materials Management for Semiconductor Fab,Electronics & HW,Level 4.5,https://www.nqr.gov.in/qualifications/13615
13616,QG-03-TL-04078-2025-V2-TSSC,Call Center Executive,Telecom,Level 3,https://www.nqr.gov.in/qualifications/13616
13617,NG-4.5-EH-03737-2025-V1-NIELIT,Essentials of Automation and Process Control in Semiconductor Manufacturing,Electronics & HW,Level 4.5,https://www.nqr.gov.in/qualifications/13617
13618,QG-04-TL-04068-2025-V2-TSSC,Broadband Technician,Telecom,Level 4,https://www.nqr.gov.in/qualifications/13618
13619,QG-04-TL-04073-2025-V2-TSSC,Android Application Technician – Telecom Devices,Telecom,Level 4,https://www.nqr.gov.in/qualifications/13619
13620,QG-03-TL-04070-2025-V2-TSSC,In-Store Promoter,Telecom,Level 3,https://www.nqr.gov.in/qualifications/13620
13621,QG-03-TL-04076-2025-V2-TSSC,Optical Fiber Splicer,Telecom,Level 3,https://www.nqr.gov.in/qualifications/13621
13622,QG-04-TL-04077-2025-V2-TSSC,Optical Fiber Technician,Telecom,Level 4,https://www.nqr.gov.in/qualifications/13622
13623,QG-03-TL-04069-2025-V2-TSSC,Distributor Sales Representative,Telecom,Level 3,https://www.nqr.gov.in/qualifications/13623
13624,QG-04-TL-04081-2025-V2-TSSC,Telecom Technician - IoT Devices/Systems,Telecom,Level 4,https://www.nqr.gov.in/qualifications/13624
13625,QG-04-TL-04084-2025-V2-TSSC,Infrastructure Technician-5G Networks,Telecom,Level 4,https://www.nqr.gov.in/qualifications/13625
13626,QG-04-TL-04071-2025-V2-TSSC,Telecom Customer Care Executive - Repair Center,Telecom,Level 4,https://www.nqr.gov.in/qualifications/13626
13627,QG-02-TX-04104-2025-V2-TSC,Kalamkari Artisan,Textile & Handloom,Level 2,https://www.nqr.gov.in/qualifications/13627
13628,QG-03-TL-04079-2025-V2-TSSC,Field Sales Executive,Telecom,Level 3,https://www.nqr.gov.in/qualifications/13628
13629,QG-04-TL-04075-2025-V2-TSSC,Telecom Tower Site Maintenance Technician,Telecom,Level 4,https://www.nqr.gov.in/qualifications/13629
13631,QG-04-IT-03664-2025-V2-NASSCOM,Customer Care Sr. Executive (Voice and Non- Voice),IT-ITeS,Level 4,https://www.nqr.gov.in/qualifications/13631
13632,QG-02-TX-04105-2025-V2-TSC,Ikkat Artisan,Textile & Handloom,Level 2,https://www.nqr.gov.in/qualifications/13632
13634,NG-4.5-EH-03738-2025-V1-NIELIT,Essentials of Semiconductor Production and Quality,Electronics & HW,Level 4.5,https://www.nqr.gov.in/qualifications/13634
13635,QG-04-IT-03666-2025-V2-NASSCOM,Sr. Associate -Desktop Publishing (DTP),IT-ITeS,Level 4,https://www.nqr.gov.in/qualifications/13635
13637,QG-03-AG-03536-2025-V2-ASCI,Solanaceous Crop Cultivator,Agriculture,Level 3,https://www.nqr.gov.in/qualifications/13637
13638,NG-4.5-EH-03732-2025-V1-NIELIT,Essentials of Device Characterization and Testing,Electronics & HW,Level 4.5,https://www.nqr.gov.in/qualifications/13638
13639,NG-4.5-EH-03729-2025-V1-NIELIT,Fundamentals of Photolithography and Mask Making,Electronics & HW,Level 4.5,https://www.nqr.gov.in/qualifications/13639
13640,NG-4.5-EH-03730-2025-V1-NIELIT,Fundamentals of Etching Techniques,Electronics & HW,Level 4.5,https://www.nqr.gov.in/qualifications/13640
13641,NG-4.5-EH-03731-2025-V1-NIELIT,Fundamentals of Thin Film Technology,Electronics & HW,Level 4.5,https://www.nqr.gov.in/qualifications/13641
13644,NG-4.5-EH-03734-2025-V1-NIELIT,Fundamentals of Design for Manufacturability (DFM),Electronics & HW,Level 4.5,https://www.nqr.gov.in/qualifications/13644
13645,QG-04-TL-04074-2025-V2-TSSC,Telecom E-Waste Handler,Telecom,Level 4,https://www.nqr.gov.in/qualifications/13645
13646,QG-04-TL-04090-2025-V2-TSSC,Wireless Technician,Telecom,Level 4,https://www.nqr.gov.in/qualifications/13646
13647,QG-04-TL-04072-2025-V2-TSSC,Handheld Devices (Mobile & Accessories) Technician,Telecom,Level 4,https://www.nqr.gov.in/qualifications/13647
13648,QG-04-TL-04080-2025-V2-TSSC,Optical Network Terminal Technician,Telecom,Level 4,https://www.nqr.gov.in/qualifications/13648
13656,NG-4.5-EH-03733-2025-V1-NIELIT,Essentials of Process Equipment Maintenance and Troubleshooting,Electronics & HW,Level 4.5,https://www.nqr.gov.in/qualifications/13656
13660,QG-02-PD-03681-2025-V1-SCPWD,Assistant Artisan-Bamboo Craft (Divyangjan)-LD,Persons with Disability,Level 2,https://www.nqr.gov.in/qualifications/13660
13661,QG-02-PD-03682-2025-V1-SCPWD,Assistant Artisan-Bamboo Craft (Divyangjan) - SHI,Persons with Disability,Level 2,https://www.nqr.gov.in/qualifications/13661
13663,QG-02-PD-03683-2025-V1-SCPWD,Assistant Artisan-Bamboo Craft (Divyangjan)- LV,Persons with Disability,Level 2,https://www.nqr.gov.in/qualifications/13663
13664,QG-05-TL-04085-2025-V2-TSSC,Telecom Field Operations Coordinator,Telecom,Level 5,https://www.nqr.gov.in/qualifications/13664
13665,QG-04-TL-04086-2025-V2-TSSC,"Fiber Installation, Testing and Commissioning Technician",Telecom,Level 4,https://www.nqr.gov.in/qualifications/13665
13666,QG-03-TL-04087-2025-V2-TSSC,Line Assembler - Telecom Products,Telecom,Level 3,https://www.nqr.gov.in/qualifications/13666
13667,QG-03-TL-04083-2025-V2-TSSC,Fiber to-the Home (FTTH/X) Installer,Telecom,Level 3,https://www.nqr.gov.in/qualifications/13667
13669,QG-02-PD-03684-2025-V1-SCPWD,Assistant Artisan-Bamboo Craft (Divyangjan) - ID,Persons with Disability,Level 2,https://www.nqr.gov.in/qualifications/13669
13670,QG-03-TL-04091-2025-V2-TSSC,Telecom Rigger - 5G and Legacy Networks,Telecom,Level 3,https://www.nqr.gov.in/qualifications/13670
13671,QG-03-TL-04092-2025-V2-TSSC,Hand Soldering Technician - Telecom Boards,Telecom,Level 3,https://www.nqr.gov.in/qualifications/13671
13672,QG-04-TL-04082-2025-V2-TSSC,Surface Mount Technology (SMT) - Telecom Technician,Telecom,Level 4,https://www.nqr.gov.in/qualifications/13672
13674,QG-03-IS-03631-2025-V2-IISSSC,Assistant Operator - Stacker/Reclaimer,Iron & Steel,Level 3,https://www.nqr.gov.in/qualifications/13674
13675,QG-04-TL-04089-2025-V2-TSSC,Technician 5G - Active Network Installation,Telecom,Level 4,https://www.nqr.gov.in/qualifications/13675
13676,QG-05-TL-04088-2025-V2-TSSC,Project Supervisor - 5G Networks,Telecom,Level 5,https://www.nqr.gov.in/qualifications/13676
13677,NG-4.5-EH-03739-2025-V1-NIELIT,Essentials of New Product Introduction (NPI) in Semiconductor Manufacturing,Electronics & HW,Level 4.5,https://www.nqr.gov.in/qualifications/13677
13682,NG-4.5-EH-03735-2025-V1-NIELIT,Essentials of Semiconductors Assembly Test Marking and Packaging,Electronics & HW,Level 4.5,https://www.nqr.gov.in/qualifications/13682
13683,QG-04-IS-03629-2025-V1-IISSSC,Coupler and Shunting Porter (Steel Plant),Iron & Steel,Level 4,https://www.nqr.gov.in/qualifications/13683
13684,QG-04-IS-03630-2025-V1-IISSSC,High Speed Rotating Machinery (Steel Plant): Mechanic,Iron & Steel,Level 4,https://www.nqr.gov.in/qualifications/13684
13685,QG-06-IT-03643-2025-V2-NASSCOM,Product Manager- Web & Mobile,IT-ITeS,Level 6,https://www.nqr.gov.in/qualifications/13685
13689,QG-04-TX-04101-2025-V2-TSC,Fitter Spinning Preparatory,Textile & Handloom,Level 4,https://www.nqr.gov.in/qualifications/13689
13690,QG-04-TX-04102-2025-V2-TSC,Fitter - Ring Spinning,Textile & Handloom,Level 4,https://www.nqr.gov.in/qualifications/13690
13691,QG-04-TX-04103-2025-V2-TSC,Fitter - Post Spinning,Textile & Handloom,Level 4,https://www.nqr.gov.in/qualifications/13691
13694,QG-02-TX-04106-2025-V2-TSC,Fitter Weaving Preparatory,Textile & Handloom,Level 4,https://www.nqr.gov.in/qualifications/13694
13695,QG-04-TX-04107-2025-V2-TSC,Fitter - Shuttleless Weaving Machine: Air-Jet,Textile & Handloom,Level 4,https://www.nqr.gov.in/qualifications/13695
13696,QG-02-TX-04094-2025-V2-TSC,Textile Processing Preparatory Operator,Textile & Handloom,Level 2,https://www.nqr.gov.in/qualifications/13696
13697,QG-02-TX-04095-2025-V2-TSC,Dyestuff & Chemical Preparation Operator,Textile & Handloom,Level 2,https://www.nqr.gov.in/qualifications/13697
13701,QG-02-TX-04096-2025-V2-TSC,Textile Dyeing machine operator,Textile & Handloom,Level 2,https://www.nqr.gov.in/qualifications/13701
13703,QG-02-TX-04097-2025-V2-TSC,Textile Printing Machine operator,Textile & Handloom,Level 2,https://www.nqr.gov.in/qualifications/13703
13704,QG-03-BW-02858-2024-V1-WBSC,Assistant Beautician,Beauty & Wellness,Level 3,https://www.nqr.gov.in/qualifications/13704
13706,QG-02-TX-04098-2025-V2-TSC,Textile Post Processing Machine Operator,Textile & Handloom,Level 2,https://www.nqr.gov.in/qualifications/13706
13707,QG-03-HC-04002-2025-V2-HCSSC,Agarbatti Maker,Handicrafts & Carpets,Level 3,https://www.nqr.gov.in/qualifications/13707
13709,QG-03-HC-04003-2025-V2-HCSSC,Bamboo Work Artisan,Handicrafts & Carpets,Level 3,https://www.nqr.gov.in/qualifications/13709
13710,QG-2.5-HC-04004-2025-V2-HCSSC,Ceramics Preparation Artisan,Handicrafts & Carpets,Level 2.5,https://www.nqr.gov.in/qualifications/13710
13711,QG-3.5-HC-04011-2025-V2-HCSSC,Lab Assistant - Ceramics,Handicrafts & Carpets,Level 3.5,https://www.nqr.gov.in/qualifications/13711
13712,QG-3.5-HC-04013-2025-V2-HCSSC,Modeller - Ceramics,Handicrafts & Carpets,Level 3.5,https://www.nqr.gov.in/qualifications/13712
13713,QG-3.5-HC-04016-2025-V2-HCSSC,Sketching and painting artisan - Ceramics,Handicrafts & Carpets,Level 3.5,https://www.nqr.gov.in/qualifications/13713
13714,QG-04-HC-04007-2025-V2-HCSSC,Floor Supervisor - Ceramics,Handicrafts & Carpets,Level 4,https://www.nqr.gov.in/qualifications/13714
13716,QG-3.5-HC-04015-2025-V2-HCSSC,Quality Check Technician - Ceramics,Handicrafts & Carpets,Level 4,https://www.nqr.gov.in/qualifications/13716
13718,QG-02-TX-04099-2025-V2-TSC,Textile Finishing Machine Operator,Textile & Handloom,Level 2,https://www.nqr.gov.in/qualifications/13718
13720,QG-04-AG-03272-2024-V2-ASCI,Vegetable Grower,Agriculture,Level 4,https://www.nqr.gov.in/qualifications/13720
13723,QG-02-PD-03687-2025-V1-SCPWD,Assistant Textile Printer (Divyangjan)- LD,Persons with Disability,Level 2,https://www.nqr.gov.in/qualifications/13723
13724,QG-02-PD-03688-2025-V1-SCPWD,Assistant Textile Printer (Divyangjan)- SHI,Persons with Disability,Level 2,https://www.nqr.gov.in/qualifications/13724
13725,QG-02-PD-03689-2025-V1-SCPWD,Assistant Textile Printer (Divyangjan)- ID,Persons with Disability,Level 2,https://www.nqr.gov.in/qualifications/13725
13726,QG-04-TX-04100-2025-V2-TSC,Fitter - Chemical Processing (Textiles),Textile & Handloom,Level 4,https://www.nqr.gov.in/qualifications/13726
13728,QG-03-HC-04006-2025-V2-HCSSC,Crochet Lace Tailor,Handicrafts & Carpets,Level 3.5,https://www.nqr.gov.in/qualifications/13728
13729,QG-3.5-HC-04005-2025-V2-HCSSC,Crochet Lace - Supervisor,Handicrafts & Carpets,Level 4,https://www.nqr.gov.in/qualifications/13729
13730,QG-02-HC-04017-2025-V2-HCSSC,Stringing/Beading Artisan - Fashion Jewellery,Handicrafts & Carpets,Level 2,https://www.nqr.gov.in/qualifications/13730
13731,QG-04-HC-04018-2025-V2-HCSSC,Traditional Hand Embroiderer,Handicrafts & Carpets,Level 4,https://www.nqr.gov.in/qualifications/13731
13732,QG-03-HC-04009-2025-V2-HCSSC,Jute Products Stitching Operator,Handicrafts & Carpets,Level 3,https://www.nqr.gov.in/qualifications/13732
13734,QG-3.5-HC-04008-2025-V2-HCSSC,Jute Products Artisan,Handicrafts & Carpets,Level 3.5,https://www.nqr.gov.in/qualifications/13734
13735,QG-3.5-HC-04010-2025-V2-HCSSC,Kolhapuri Chappal Maker,Handicrafts & Carpets,Level 3.5,https://www.nqr.gov.in/qualifications/13735
13736,QG-04-HC-04012-2025-V2-HCSSC,Merchandiser,Handicrafts & Carpets,Level 4.5,https://www.nqr.gov.in/qualifications/13736
13737,QG-04-HC-04014-2025-V2-HCSSC,Papier Mache Products Artisan,Handicrafts & Carpets,Level 4,https://www.nqr.gov.in/qualifications/13737
13738,QG-04-CG-03927-2025-V2-CGSSC,CNC Turning Operator,Capital Goods & Manufacturing,Level 4,https://www.nqr.gov.in/qualifications/13738
13743,QG-05-IT-03640-2025-V2-NASSCOM,User Experience Designer,IT-ITeS,Level 5,https://www.nqr.gov.in/qualifications/13743
13744,QG-05-IT-03658-2025-V2-NASSCOM,Specialist Transactional F&A,IT-ITeS,Level 5,https://www.nqr.gov.in/qualifications/13744
13745,QG-02-PD-03690-2025-V1-SCPWD,Assistant Jute Craft Product Maker (Divyangjan)-LD,Persons with Disability,Level 2,https://www.nqr.gov.in/qualifications/13745
13746,QG-02-PD-03691-2025-V1-SCPWD,Assistant Jute Craft Product Maker (Divyangjan)-SHI,Persons with Disability,Level 2,https://www.nqr.gov.in/qualifications/13746
13747,QG-02-PD-03692-2025-V1-SCPWD,Assistant Jute Craft Product Maker (Divyangjan)-ID,Persons with Disability,Level 2,https://www.nqr.gov.in/qualifications/13747
13748,NC-04-IS-03800-2025-V1-IISSSC,Basics of Solid Waste Management (Iron & Steel Industry),Iron & Steel,Level 4,https://www.nqr.gov.in/qualifications/13748
13749,QG-04-EH-03967-2025-V4-ESSCI,CCTV Installation Technician,Electronics & HW,Level 4,https://www.nqr.gov.in/qualifications/13749
13750,QG-05-IT-03510-2025-V2-NIELIT,Cyber Security and Social Media Analyst,IT-ITeS,Level 5,https://www.nqr.gov.in/qualifications/13750
13752,QG-2.5-HC-04179-2025-V1-WBSC,Water Hyacinth Handicrafts Maker,Handicrafts & Carpets,Level 2.5,https://www.nqr.gov.in/qualifications/13752
13754,QG-2.5-HC-04178-2025-V1-WBSC,Jute Product Maker,Handicrafts & Carpets,Level 2.5,https://www.nqr.gov.in/qualifications/13754
13756,QG-03-HC-04180-2025-V1-WBSC,Jari and Thread Work Karigar,Handicrafts & Carpets,Level 3,https://www.nqr.gov.in/qualifications/13756
13758,QG-03-TX-04108-2025-V2-TSC,Tape Plant Operator,Textile & Handloom,Level 3,https://www.nqr.gov.in/qualifications/13758
13759,QG-03-TX-04109-2025-V2-TSC,Tape Winder,Textile & Handloom,Level 3,https://www.nqr.gov.in/qualifications/13759
13760,QG-03-TX-04110-2025-V2-TSC,Circular Loom operator (Shuttle Type),Textile & Handloom,Level 3,https://www.nqr.gov.in/qualifications/13760
13763,QG-04-AU-04195-2025-V1-ASDC,Automotive Welding Simulation Trainee (using AR),Automotive,Level 4,https://www.nqr.gov.in/qualifications/13763
13765,QG-04-EH-02821-2025-V4-ESSC,Solar LED Technician,Electronics & HW,Level 4,https://www.nqr.gov.in/qualifications/13765
13768,QG-03-BW-04315-2025-V1-BWSSC,Beautician,Beauty & Wellness,Level 3,https://www.nqr.gov.in/qualifications/13768
13770,QG-02-CO-03950-2025-V2-CSDCI,Helper Electrician,Construction,Level 2,https://www.nqr.gov.in/qualifications/13770
13772,QG-03-CO-03951-2025-V2-CSDCI,Assistant Electrician,Construction,Level 3,https://www.nqr.gov.in/qualifications/13772
13774,QG-4.5-AU-04194-2025-V1-ASDC,Automotive Welding Machine Trainer,Automotive,Level 4.5,https://www.nqr.gov.in/qualifications/13774
13777,QG-02-TX-04111-2025-V2-TSC,Jute Selector cum Assorter,Textile & Handloom,Level 2,https://www.nqr.gov.in/qualifications/13777
13778,QG-04-SP-04292-2025-V1-GU,Water Sports Trainer,"Sports, Physical Education, Fitness & Leisure",Level 4,https://www.nqr.gov.in/qualifications/13778
13779,QG-02-TX-04112-2025-V2-TSC,Jute Carding Operator,Textile & Handloom,Level 2,https://www.nqr.gov.in/qualifications/13779
13782,QG-02-TX-04113-2025-V2-TSC,Jute Weft Winding Operator,Textile & Handloom,Level 2,https://www.nqr.gov.in/qualifications/13782
13783,QG-05-AA-04186-2025-V1-AASSC,Airline First Officer - Ground Level,Aerospace & Aviation,Level 5,https://www.nqr.gov.in/qualifications/13783
13786,QG-04-AA-04188-2025-V2-AASSC,Drone Operator- Multi Rotor,Aerospace & Aviation,Level 4,https://www.nqr.gov.in/qualifications/13786
13789,QG-02-TX-04115-2025-V2-TSC,Jute Beaming Operator,Textile & Handloom,Level 2,https://www.nqr.gov.in/qualifications/13789
13790,QG-05-EH-03991-2025-V3-ESSCI,IC Package Engineer,Electronics & HW,Level 5,https://www.nqr.gov.in/qualifications/13790
13794,QG-03-TX-04285-2025-V1-TSC,Operator - Pultrusion (Composites),Textile & Handloom,Level 3,https://www.nqr.gov.in/qualifications/13794
13795,QG-03-SP-04291-2025-V1-GU,Water Sports Assistant Trainer,"Sports, Physical Education, Fitness & Leisure",Level 3,https://www.nqr.gov.in/qualifications/13795
13798,QG-4.5-TW-04144-2025-V1-DMRCA,Junior Engineer – Electrical & Mechanical System (Metro Rail),"Transportation, Logistics & Warehousing",Level 4.5,https://www.nqr.gov.in/qualifications/13798
13800,QG-04-CO-03952-2025-V2-CSDCI,Construction Electrician-LV,Construction,Level 4,https://www.nqr.gov.in/qualifications/13800
13801,QG-05-IT-03641-2025-V2-NASSCOM,Mobile Device Management Analyst,IT-ITeS,Level 5,https://www.nqr.gov.in/qualifications/13801
13802,QG-4.5-TW-04145-2025-V1-DMRCA,Supervisor – Operations (Metro Rail),"Transportation, Logistics & Warehousing",Level 4.5,https://www.nqr.gov.in/qualifications/13802
13804,QG-4.5-TW-04143-2025-V1-DMRCA,Junior Engineer - Automatic Fare Collection and Telecom Systems (Metro Rail),"Transportation, Logistics & Warehousing",Level 4.5,https://www.nqr.gov.in/qualifications/13804
13807,QG-04-EH-04208-2025-V4-ESSC,Winding Machine Operator (Electronics Component),Electronics & HW,Level 4,https://www.nqr.gov.in/qualifications/13807
13811,QG-06-IT-03644-2025-V2-NASSCOM,Application Architect - Web & Mobile,IT-ITeS,Level 6,https://www.nqr.gov.in/qualifications/13811
13812,QG-04-MG-04053-2025-V2-SCMS,Assistant-Mine Surveyor,Mining,Level 4,https://www.nqr.gov.in/qualifications/13812
13814,QG-05-EH-03969-2025-V4-ESSCI,VLSI Design Engineer,Electronics & HW,Level 5,https://www.nqr.gov.in/qualifications/13814
13815,QG-05-EH-03970-2025-V4-ESSCI,Sr. Technician RACW* *Refrigeration Air Conditioning & Washing Machine,Electronics & HW,Level 5,https://www.nqr.gov.in/qualifications/13815
13816,QG-02-AU-04193-2025-V1-ASDC,Automotive Press Shop Assistant,Automotive,Level 2,https://www.nqr.gov.in/qualifications/13816
13817,QG-03-EH-03976-2025-V4-ESSCI,Remote Helpdesk Operator (Electronics Product),Electronics & HW,Level 3,https://www.nqr.gov.in/qualifications/13817
13819,QG-3.5-CO-03962-2025-V2-CSDCI,Rural Mason,Construction,Level 3.5,https://www.nqr.gov.in/qualifications/13819
13820,QG-03-MG-04054-2025-V2-SCMS,Bulldozer Operator,Mining,Level 3,https://www.nqr.gov.in/qualifications/13820
13827,QG-03-MG-04055-2025-V2-SCMS,Dumper/ Tipper Operator,Mining,Level 3,https://www.nqr.gov.in/qualifications/13827
13832,QG-03-MG-04057-2025-V2-SCMS,Jack Hammer Operator,Mining,Level 3,https://www.nqr.gov.in/qualifications/13832
13835,QG-03-MG-04059-2025-V2-SCMS,Loader Operator (Mining),Mining,Level 3,https://www.nqr.gov.in/qualifications/13835
13837,QG-03-AA-04189-2025-V2-AASSC,Aerospace Structural Fitter,Aerospace & Aviation,Level 3,https://www.nqr.gov.in/qualifications/13837
13838,QG-03-AG-03905-2025-V2-ASCI,Sugarcane Cultivator,Agriculture,Level 3,https://www.nqr.gov.in/qualifications/13838
13839,QG-04-AG-03914-2025-V2-ASCI,Chilling Plant Technician,Agriculture,Level 4,https://www.nqr.gov.in/qualifications/13839
13841,QG-04-AG-03907-2025-V2-ASCI,Bulk Milk Cooler (BMC) Operator,Agriculture,Level 4,https://www.nqr.gov.in/qualifications/13841
13842,QG-05-EH-03974-2025-V3-ESSCI,Mechatronics Maintenance Specialist,Electronics & HW,Level 5,https://www.nqr.gov.in/qualifications/13842
13843,QG-04-TX-04114-2025-V2-TSC,Junior Supervisor - Jute Spinning,Textile & Handloom,Level 4,https://www.nqr.gov.in/qualifications/13843
13844,QG-2.5-AG-03906-2025-V2-ASCI,Tea Plantation Worker,Agriculture,Level 2.5,https://www.nqr.gov.in/qualifications/13844
13847,QG-05-EH-03996-2025-V3-ESSCI,Wafer Testing and Sorting Engineer,Electronics & HW,Level 5,https://www.nqr.gov.in/qualifications/13847
13849,QG-5.5-EH-03983-2025-V4-ESSCI,Embedded Product Design - Technical Lead,Electronics & HW,Level 5.5,https://www.nqr.gov.in/qualifications/13849
13850,QG-04-AA-04184-2025-V1-AASSC,Aircraft Avionics Junior Technician,Aerospace & Aviation,Level 4,https://www.nqr.gov.in/qualifications/13850
13851,QG-04-AA-04185-2025-V1-AASSC,Aircraft Airframe & Powerplant Junior Technician,Aerospace & Aviation,Level 4,https://www.nqr.gov.in/qualifications/13851
13852,QG-04-CO-03948-2025-V2-CSDCI,Bar Bender and Steel Fixer,Construction,Level 4,https://www.nqr.gov.in/qualifications/13852
13853,QG-04-AA-04187-2025-V2-AASSC,Airport Safety Officer,Aerospace & Aviation,Level 4,https://www.nqr.gov.in/qualifications/13853
13854,QG-04-CO-03949-2025-V2-CSDCI,Reinforcement Fitter,Construction,Level 4,https://www.nqr.gov.in/qualifications/13854
13856,QG-04-AA-04190-2025-V2-AASSC,Aerospace CNC Machinist,Aerospace & Aviation,Level 4,https://www.nqr.gov.in/qualifications/13856
13859,QG-05-IT-04148-2025-V1-IITG,Artificial Intelligence/Machine Learning Innovative Analyst,IT-ITeS,Level 5,https://www.nqr.gov.in/qualifications/13859
13861,QG-04-AA-04191-2025-V2-AASSC,Aerospace Composite Technician,Aerospace & Aviation,Level 4,https://www.nqr.gov.in/qualifications/13861
13862,QG-05-EH-03981-2025-V4-ESSCI,Embedded Full Stack IoT Analyst,Electronics & HW,Level 5,https://www.nqr.gov.in/qualifications/13862
13863,QG-04-AA-04192-2025-V2-AASSC,Airport Warehouse Coordinator,Aerospace & Aviation,Level 4,https://www.nqr.gov.in/qualifications/13863
13871,QG-04-CO-03955-2025-V2-CSDCI,Draughtsperson-Civil works,Construction,Level 4,https://www.nqr.gov.in/qualifications/13871
13872,QG-05-EH-03995-2025-V3-ESSCI,Wafer Dicing Engineer,Electronics & HW,Level 5,https://www.nqr.gov.in/qualifications/13872
13876,QG-03-MG-04061-2025-V2-SCMS,Mine Mechanic/Fitter,Mining,Level 3,https://www.nqr.gov.in/qualifications/13876
13877,QG-05-EH-03977-2025-V4-ESSCI,IT Hardware Maintenance Executive,Electronics & HW,Level 5,https://www.nqr.gov.in/qualifications/13877
13878,QG-05-AA-03904-2025-V2-AASSC,Airline Flight Load Controller,Aerospace & Aviation,Level 5,https://www.nqr.gov.in/qualifications/13878
13879,QG-3.5-CO-03959-2025-V2-CSDCI,Mason Tiling,Construction,Level 3.5,https://www.nqr.gov.in/qualifications/13879
13880,QG-05-EH-03984-2025-V5-ESSCI,Sr. Executive- Business Development (Electronics),Electronics & HW,Level 5,https://www.nqr.gov.in/qualifications/13880
13881,QG-04-AA-03902-2025-V2-AASSC,Airline Ground Support Equipment Operator,Aerospace & Aviation,Level 4,https://www.nqr.gov.in/qualifications/13881
13882,QG-6.5-HE-04217-2025-V2-HSSC,Genetic Counsellor,Healthcare,Level 6.5,https://www.nqr.gov.in/qualifications/13882
13883,QG-05-EH-03994-2025-V3-ESSCI,Wafer Back Grinding Engineer,Electronics & HW,Level 5,https://www.nqr.gov.in/qualifications/13883
13884,QG-06-EH-03975-2025-V3-ESSCI,Quality Manager - Electronics,Electronics & HW,Level 6,https://www.nqr.gov.in/qualifications/13884
13886,QG-05-EH-03982-2025-V5-ESSCI,Quality Supervisor (Consumer Goods),Electronics & HW,Level 5,https://www.nqr.gov.in/qualifications/13886
13887,QG-5.5-CO-03966-2025-V2-CSDCI,Surveyor,Construction,Level 5.5,https://www.nqr.gov.in/qualifications/13887
13888,QG-04-EH-03978-2025-V4-ESSCI,Direct Attached Storage(DAS) Set Top Box Installation & Service Technician,Electronics & HW,Level 4,https://www.nqr.gov.in/qualifications/13888
13889,QG-02-CO-03965-2025-V2-CSDCI,Assistant Surveyor,Construction,Level 2,https://www.nqr.gov.in/qualifications/13889
13890,QG-04-CO-03956-2025-V2-CSDCI,Fabricator,Construction,Level 4,https://www.nqr.gov.in/qualifications/13890
13893,QG-03-MG-04065-2025-V2-SCMS,Wire Saw Operator,Mining,Level 3,https://www.nqr.gov.in/qualifications/13893
13894,QG-04-CO-03963-2025-V2-CSDCI,Shuttering Carpenter,Construction,Level 4,https://www.nqr.gov.in/qualifications/13894
13899,QG-04-CO-03958-2025-V2-CSDCI,Brick Mason,Construction,Level 4,https://www.nqr.gov.in/qualifications/13899
13900,QG-05-EH-03986-2025-V3-ESSCI,Die Attach and Wire Bonding Supervisor,Electronics & HW,Level 5,https://www.nqr.gov.in/qualifications/13900
13901,QG-05-EH-03980-2025-V4-ESSCI,Electronic Hardware Design Engineer,Electronics & HW,Level 5,https://www.nqr.gov.in/qualifications/13901
13902,QG-05-EH-03985-2025-V3-ESSCI,Solder Ball Attach - Process Supervisor,Electronics & HW,Level 5,https://www.nqr.gov.in/qualifications/13902
13906,QG-02-MG-04066-2025-V2-SCMS,Helper-Opencast Mines,Mining,Level 2,https://www.nqr.gov.in/qualifications/13906
13907,QG-05-EH-03993-2025-V3-ESSCI,Saw Singulation Engineer (Semiconductor),Electronics & HW,Level 5,https://www.nqr.gov.in/qualifications/13907
13908,NM-04-AG-04181-2025-V1-ASCI,Fundamentals of Animal Vaccination,Agriculture,Level 4,https://www.nqr.gov.in/qualifications/13908
13909,QG-02-MG-04067-2025-V2-SCMS,Helper-Underground Mines,Mining,Level 2,https://www.nqr.gov.in/qualifications/13909
13910,QG-4.5-CO-03964-2025-V2-CSDCI,Junior Store Keeper - Construction,Construction,Level 4.5,https://www.nqr.gov.in/qualifications/13910
13911,NG-04-CG-02168-2024-V1-CGSC.,Overhead Crane Operator,Capital Goods & Manufacturing,Level 4,https://www.nqr.gov.in/qualifications/13911
13913,QG-05-EH-03990-2025-V3-ESSCI,Risk and Failure Analysis Engineer (Semiconductor),Electronics & HW,Level 5,https://www.nqr.gov.in/qualifications/13913
13916,QG-5.5-EH-04147-2025-V1-IITG,RTL and FPGA based System Designer,Electronics & HW,Level 5.5,https://www.nqr.gov.in/qualifications/13916
13919,QG-04-MG-04056-2025-V2-SCMS,Heavy Earth Moving Machinery (HEMM) Mechanic,Mining,Level 4,https://www.nqr.gov.in/qualifications/13919
13920,QG-05-EH-03972-2025-V4-ESSCI,Embedded Software Engineer,Electronics & HW,Level 5,https://www.nqr.gov.in/qualifications/13920
13924,QG-04-MG-04058-2025-V2-SCMS,Jumbo Drill Operator,Mining,Level 4,https://www.nqr.gov.in/qualifications/13924
13941,QG-04-HE-04227-2025-V2-HSSC,Geriatric Caregiver (Institutional & Homecare),Healthcare,Level 4,https://www.nqr.gov.in/qualifications/13941
13943,QG-05-EH-03989-2025-V3-ESSCI,Quality Analysis & Reliability Supervisor (Semiconductor),Electronics & HW,Level 5,https://www.nqr.gov.in/qualifications/13943
13945,QG-05-EH-03992-2025-V3-ESSCI,Package Design Engineer (Semiconductor),Electronics & HW,Level 5,https://www.nqr.gov.in/qualifications/13945
13947,QG-05-EH-03988-2025-V3-ESSCI,Molding Process Engineer (Semiconductor),Electronics & HW,Level 5,https://www.nqr.gov.in/qualifications/13947
13950,NM-04-ET-04309-2025-V1-SSDF,Fundamentals of Occupational Risk Management in the Chemical Industry,"Education, Training & Research",Level 4,https://www.nqr.gov.in/qualifications/13950
13953,NM-03-ET-04310-2025-V1-SSDF,Basics of Emergency Response and Evacuation Preparedness,"Education, Training & Research",Level 3,https://www.nqr.gov.in/qualifications/13953
13954,NM-04-ET-04311-2025-V1-SSDF,Fundamentals of Safety Measures in Electrical Switchgear & Protective devices,"Education, Training & Research",Level 4,https://www.nqr.gov.in/qualifications/13954
13957,QG-06-CO-03961-2025-V2-CSDCI,Supervisor Structure (Technical),Construction,Level 5.5,https://www.nqr.gov.in/qualifications/13957
13964,QG-05-CO-03953-2025-V2-CSDCI,Foreman-Electrical Works (Construction),Construction,Level 5,https://www.nqr.gov.in/qualifications/13964
13965,QG-02-PD-03695-2025-V2-SCPWD,Food & Beverage Service Associate (Divyangjan)- ID,Persons with Disability,Level 2,https://www.nqr.gov.in/qualifications/13965
13969,NM-03-ET-04312-2025-V1-SSDF,Introduction To Confined Space Challenges & Safety Measures,"Education, Training & Research",Level 3,https://www.nqr.gov.in/qualifications/13969
13973,NM-02-ET-04313-2025-V1-SSDF,BASICS OF SAFETY REQUIREMENTS IN WORKING AT HEIGHT,"Education, Training & Research",Level 2,https://www.nqr.gov.in/qualifications/13973
13976,QG-06-EH-03968-2025-V3-ESSCI,Mechanical Engineering and Plumbing General Manager (Electronics),Electronics & HW,Level 6,https://www.nqr.gov.in/qualifications/13976
13977,QG-05-EH-03987-2025-V3-ESSCI,Laser Marking and Cutting - Process Supervisor,Electronics & HW,Level 5,https://www.nqr.gov.in/qualifications/13977
13978,QG-05-EH-03971-2025-V4-ESSCI,IoT Hardware Analyst,Electronics & HW,Level 5,https://www.nqr.gov.in/qualifications/13978
13979,QG-04-CO-04206-2025-V1-CSDCI,Construction Welder,Construction,Level 4,https://www.nqr.gov.in/qualifications/13979
13982,QG-04-MG-04060-2025-V2-SCMS,Mine Electrician,Mining,Level 4,https://www.nqr.gov.in/qualifications/13982
13986,QG-04-MG-04062-2025-V2-SCMS,Mine Welder,Mining,Level 4,https://www.nqr.gov.in/qualifications/13986
13987,QG-04-MG-04063-2025-V2-SCMS,Mineral Processing Operator,Mining,Level 4,https://www.nqr.gov.in/qualifications/13987
13988,QG-03-CG-03932-2025-V2-CGSSC,Fitter - Fabrication,Capital Goods & Manufacturing,Level 3,https://www.nqr.gov.in/qualifications/13988
13995,QG-03-CG-03933-2025-V2-CGSSC,Fitter - Mechanical Assembly,Capital Goods & Manufacturing,Level 3,https://www.nqr.gov.in/qualifications/13995
13998,QG-05-CG-03928-2025-V2-CGSSC,CNC Programmer,Capital Goods & Manufacturing,Level 4,https://www.nqr.gov.in/qualifications/13998
13999,QG-04-CG-03941-2025-V2-CGSSC,Electro Discharge Machine (EDM) Operator,Capital Goods & Manufacturing,Level 4,https://www.nqr.gov.in/qualifications/13999
14003,QG-03-AG-03920-2025-V2-ASCI,Inland Capture Fisherman cum Primary Processor,Agriculture,Level 3,https://www.nqr.gov.in/qualifications/14003
14005,QG-03-AG-03918-2025-V2-ASCI,Marine Capture Fisherman cum Primary Processor,Agriculture,Level 3,https://www.nqr.gov.in/qualifications/14005
14006,QG-06-HE-04224-2025-V2-HSSC,Duty Manager (Patient Relation Services),Healthcare,Level 6,https://www.nqr.gov.in/qualifications/14006
14007,QG-02-CG-03939-2025-V2-CGSSC,Assistant Manual Metal Arc Welding/Shielded Metal Arc Welding Welder,Capital Goods & Manufacturing,Level 2,https://www.nqr.gov.in/qualifications/14007
14009,QG-04-AG-03908-2025-V2-ASCI,Mariculture Farmer,Agriculture,Level 4,https://www.nqr.gov.in/qualifications/14009
14014,NG-03-OR-04253-2025-V1-RASCI,Fundamentals of Retail Business,Retail,Level 3,https://www.nqr.gov.in/qualifications/14014
14017,QG-05-ET-04093-2025-V2-ASAP,Communicative English Trainer,"Education, Training & Research",Level 5,https://www.nqr.gov.in/qualifications/14017
14018,NG-4.5-OR-04255-2025-V1-RASCI,Fundamentals of AI and IoT in Customer Engagement (Omnichannel Retail),Retail,Level 4.5,https://www.nqr.gov.in/qualifications/14018
14019,QG-04-CG-03926-2025-V2-CGSSC,CNC Operator - Vertical Machining Centre,Capital Goods & Manufacturing,Level 4,https://www.nqr.gov.in/qualifications/14019
14020,NG-4.5-OR-04252-2025-V1-RASCI,Introduction to Retail Data Analytics,Retail,Level 4.5,https://www.nqr.gov.in/qualifications/14020
14021,NG-4.5-OR-04254-2025-V1-RASCI,Basics of Product Catalogue Using AI Tools,Retail,Level 4.5,https://www.nqr.gov.in/qualifications/14021
14025,QG-04-AG-03921-2025-V2-ASCI,Deep Sea Fisher,Agriculture,Level 4,https://www.nqr.gov.in/qualifications/14025
14031,QG-5.5-HE-04223-2025-V2-HSSC,Deputy Duty Manager (Patient Relation Services),Healthcare,Level 5.5,https://www.nqr.gov.in/qualifications/14031
14036,QG-03-HE-04228-2025-V2-HSSC,Ayurveda Ahara and Poshana Sahayak,Healthcare,Level 3,https://www.nqr.gov.in/qualifications/14036
14037,QG-06-HE-04229-2025-V2-HSSC,Ayurveda Dietician,Healthcare,Level 6,https://www.nqr.gov.in/qualifications/14037
14038,QG-03-HE-04230-2025-V2-HSSC,Cupping Therapy Assistant,Healthcare,Level 3,https://www.nqr.gov.in/qualifications/14038
14039,QG-4.5-HE-00649-2025-V2-HSSC,Panchakarma Technician,Healthcare,Level 4.5,https://www.nqr.gov.in/qualifications/14039
14040,QG-04-HE-04232-2025-V2-HSSC,Yoga Therapy Assistant,Healthcare,Level 4,https://www.nqr.gov.in/qualifications/14040
14044,QG-05-HE-04222-2025-V2-HSSC,Patient Relations Associate,Healthcare,Level 5,https://www.nqr.gov.in/qualifications/14044
14050,Code: QG-04-PD-03680-2025-V1-SCPWD,Breast Screening Assistant - Medical Tactile Examination (Divyangjan)-VI,Persons with Disability,Level 4,https://www.nqr.gov.in/qualifications/14050
14054,NM-03-OR-04257-2025-V1-RASCI,Sustainable Practices in Packaging and Fixtures,Retail,Level 3,https://www.nqr.gov.in/qualifications/14054
14055,NM-04-OR-04258-2025-V1-RASCI,Customer Engagement for Environmental Sustainability,Retail,Level 4,https://www.nqr.gov.in/qualifications/14055
14058,QG-04-AG-03919-2025-V2-ASCI,Fishing Boat Driver (Small Mechanized vessel),Agriculture,Level 4,https://www.nqr.gov.in/qualifications/14058
14059,QG-04-AG-00289-2025-V2-ASCI,Hydroponics Technician,Agriculture,Level 4,https://www.nqr.gov.in/qualifications/14059
14061,QG-05-MG-04064-2025-V2-SCMS,Mining Mate/Sirdar,Mining,Level 5,https://www.nqr.gov.in/qualifications/14061
14063,QG-03-AG-03917-2025-V2-ASCI,Chick Sexer and Grader,Agriculture,Level 3,https://www.nqr.gov.in/qualifications/14063
14068,QG-2.5-AG-03910-2025-V2-ASCI,Coffee Plantation Worker,Agriculture,Level 2.5,https://www.nqr.gov.in/qualifications/14068
14071,QG-04-AG-03922-2025-V2-ASCI,Forest Nursery Raiser,Agriculture,Level 4,https://www.nqr.gov.in/qualifications/14071
14073,QG-4.5-PW-04169-2025-V1-MSMETC,Technician - Machine Maintenance (Mechatronics),Power,Level 4.5,https://www.nqr.gov.in/qualifications/14073
14076,QG-04-AG-03909-2025-V2-ASCI,Aquarium Technician,Agriculture,Level 4,https://www.nqr.gov.in/qualifications/14076
14077,QG-05-AG-03911-2025-V2-ASCI,Dairy Farm Supervisor,Agriculture,Level 5,https://www.nqr.gov.in/qualifications/14077
14079,QG-6.5IT-04169-2025-V1-MSMETC,SENIOR TOOL DESIGNER – CAD/CAM,Capital Goods & Manufacturing,Level 6.5,https://www.nqr.gov.in/qualifications/14079
14080,QG-03-AG-04182-2025-V2-ASCI,Paddy Cultivator,Agriculture,Level 3,https://www.nqr.gov.in/qualifications/14080
14081,QG-05-IT-03499-2025-V1-CDAC,Unmanned Aircraft System Developer,IT-ITeS,Level 5,https://www.nqr.gov.in/qualifications/14081
14082,QG-04-HE-04218-2025-V2-HSSC,Telehealth Services Coordinator,Healthcare,Level 4,https://www.nqr.gov.in/qualifications/14082
14083,QG-04-AG-03923-2025-V2-ASCI,Barefoot Technician,Agriculture,Level 4,https://www.nqr.gov.in/qualifications/14083
14090,QG-04-AG-03913-2025-V2-ASCI,Milk Collection Center In charge,Agriculture,Level 4,https://www.nqr.gov.in/qualifications/14090
14091,QG-06-IT-01844-2025-V2-NASSCOM,Blockchain Architect,IT-ITeS,Level 6,https://www.nqr.gov.in/qualifications/14091
14093,QG-04-GC-04164-2025-V1-MSMETC,Glass Manufacturing Technician,Glass & Ceramics,Level 4,https://www.nqr.gov.in/qualifications/14093
14097,QG-05-IT-04171-2025-V1-MSMETC,ASSISTANT MECHATRONICS SYSTEM DESIGNER,Capital Goods & Manufacturing,Level 5,https://www.nqr.gov.in/qualifications/14097
14098,QG-05-IT-04331-2025-V2-NASSCOM,Blockchain full stack developer,IT-ITeS,Level 5,https://www.nqr.gov.in/qualifications/14098
14100,QG-04-IT-04332-2025-V2-NASSCOM,Drone Software Technician,IT-ITeS,Level 4,https://www.nqr.gov.in/qualifications/14100
14103,QG-4.5-LT-04165-2025-V1-MSMETC,Jr. Technical Supervisor – Sports Shoe Manufacturing,Rubber Industry,Level 4.5,https://www.nqr.gov.in/qualifications/14103
14107,QG-03-EH-03898-2025-V1-WBSC,Assistant Technician of Creative & Dynamic Lighting System,Electronics & HW,Level 3,https://www.nqr.gov.in/qualifications/14107
14109,QG-05-LT-04166-2025-V1-MSMETC,Technical Supervisor- Advanced Footwear Technology,Leather,Level 5,https://www.nqr.gov.in/qualifications/14109
14115,QG-04-AG-03924-2025-V2-ASCI,Community Service Provider,Agriculture,Level 4,https://www.nqr.gov.in/qualifications/14115
14116,QG-05-AG-03915-2025-V2-ASCI,"Poultry feed, food safety and labelling Supervisor",Agriculture,Level 5,https://www.nqr.gov.in/qualifications/14116
14120,QG-05-AG-03912-2025-V2-ASCI,Milk Procurement & Input Supervisor,Agriculture,Level 5,https://www.nqr.gov.in/qualifications/14120
14121,QG-05-AG-03916-2025-V2-ASCI,Poultry Farm Supervisor,Agriculture,Level 5,https://www.nqr.gov.in/qualifications/14121
14123,QG-4.5-HE-04226-2025-V2-HSSC,Geriatric Care Assistant (Hospital/Hospice Care),Healthcare,Level 4.5,https://www.nqr.gov.in/qualifications/14123
14125,QG-06-LT-04168-2025-V1-MSMETC,Technical Manager-Footwear Technology,Leather,Level 6,https://www.nqr.gov.in/qualifications/14125
14127,QG-04-LT-04167-2025-V1-MSMETC*,MASTER TECHNICIAN-FOOTWEAR DESIGN AND PRODUCT DEVELOPMENT,Leather,Level 4,https://www.nqr.gov.in/qualifications/14127
14133,QG-05-AG-04288-2025-V1-CUTM,Advanced Farm Equipment Supervisor,Agriculture,Level 5,https://www.nqr.gov.in/qualifications/14133
14138,QG-04-HE-04221-2025-V2-HSSC,Hospital Front Desk Coordinator,Healthcare,Level 4,https://www.nqr.gov.in/qualifications/14138
14151,QG-05-AG-04289-2025-V1-CUTM,Dairy Processing And Development Supervisor,Agriculture,Level 5,https://www.nqr.gov.in/qualifications/14151
14154,QG-05-AG-04287-2025-V1-CUTM,Smart Farming Supervisor,Agriculture,Level 5,https://www.nqr.gov.in/qualifications/14154
14155,QG-05-AG-04286-2025-V1-CUTM,Soil and Water Conservation Supervisor,Agriculture,Level 5,https://www.nqr.gov.in/qualifications/14155
14156,QG-04-IT-04205-2025-V1-CGSC,Welding Technician - Oil & Gas/Shipbuilding/Railways,IT-ITeS,Level 4,https://www.nqr.gov.in/qualifications/14156
14157,NG-05-IT-04175-2025-V1-NIELIT,Essentials of Data Encryption and Cryptographic Security,IT-ITeS,Level 5,https://www.nqr.gov.in/qualifications/14157
14158,NG-05-IT-04176-2025-V1-NIELIT,Essentials of Network Security Measures,IT-ITeS,Level 5,https://www.nqr.gov.in/qualifications/14158
14160,QG-05-AG-04290-2025-V1-CUTM,Intensive Aquaculture Supervisor,Agriculture,Level 5,https://www.nqr.gov.in/qualifications/14160
14163,QG-04-CG-03925-2025-V2-CGSSC,Capital Equipment - Calibration Technician,Capital Goods & Manufacturing,Level 4,https://www.nqr.gov.in/qualifications/14163
14165,QG-04-CG-03946-2025-V2-CGSSC,Capital Equipment - Instrumentation Technician,Capital Goods & Manufacturing,Level 4,https://www.nqr.gov.in/qualifications/14165
14166,QG-03-CG-03942-2025-V2-CGSSC,Conventional Surface Grinding Machines - Operator,Capital Goods & Manufacturing,Level 3,https://www.nqr.gov.in/qualifications/14166
14167,QG-03-CG-03936-2025-V2-CGSSC,Conventional Milling Operator,Capital Goods & Manufacturing,Level 3,https://www.nqr.gov.in/qualifications/14167
14171,QG-03-CG-03937-2025-V2-CGSSC,Conventional Turning Operator,Capital Goods & Manufacturing,Level 3,https://www.nqr.gov.in/qualifications/14171
14172,QG-04-CG-03930-2025-V2-CGSSC,Draughtsman Mechanical,Capital Goods & Manufacturing,Level 4,https://www.nqr.gov.in/qualifications/14172
14173,QG-03-CG-03931-2025-V2-CGSSC,Fitter - Electrical and Electronic Assembly,Capital Goods & Manufacturing,Level 3,https://www.nqr.gov.in/qualifications/14173
14174,QG-04-PL-03706-2025-V2-WMPS,Jal Mitra,Plumbing,Level 4,https://www.nqr.gov.in/qualifications/14174
14175,QG-04-CG-03934-2025-V2-CGSSC,Fitter - Mechanical Maintenance,Capital Goods & Manufacturing,Level 4,https://www.nqr.gov.in/qualifications/14175
14194,NG-04-IT-04173-2025-V2-NIELIT,Essentials of AI (Upskilling),IT-ITeS,Level 4,https://www.nqr.gov.in/qualifications/14194
14208,NM-03-IT-03801-2025-V1-NIELIT,Basics of Python Programming,IT-ITeS,Level 3,https://www.nqr.gov.in/qualifications/14208
14211,QG-4.5-HE-04219-2025-V2-HSSC,General Duty Assistant- Advanced (Elective 1: Critical Care Elective 2: Dialysis Elective 3: Peri-natal care Elective 4: Peri-operative care),Healthcare,Level 4.5,https://www.nqr.gov.in/qualifications/14211
14216,QG-04-PL-03705-2025-V2-WMPS,Water Pump Operator,Plumbing,Level 4,https://www.nqr.gov.in/qualifications/14216
14217,NM-05-IS-04237-2025-V1-IISSSC,Application of AI (Metal Sector),Iron & Steel,Level 5,https://www.nqr.gov.in/qualifications/14217
14218,NM-05-IS-04238-2025-V1-IISSSC,Application of Machine Learning (Metal Sector),Iron & Steel,Level 5,https://www.nqr.gov.in/qualifications/14218
14220,NG-4.5-BF-03899-2025-V1-IIBF,Fundamentals of Retail Banking,BFSI,Level 4.5,https://www.nqr.gov.in/qualifications/14220
14225,QG-05-IS-04235-2025-V1-IISSSC,PLC Technician (Advanced),Iron & Steel,Level 5,https://www.nqr.gov.in/qualifications/14225
14227,QG-05-CG-03929-2025-V2-CGSSC,Jr. Designer (Mechanical),Capital Goods & Manufacturing,Level 5,https://www.nqr.gov.in/qualifications/14227
14229,QG-04-IS-04234-2025-V1-IISSSC,PLC Technician (Metal Sector),Iron & Steel,Level 4,https://www.nqr.gov.in/qualifications/14229
14231,QG-04-CG-03935-2025-V2-CGSSC,Metal Inert Gas/ Metal Active Gas/ Gas Metal Arc Welder (MIG/MAG/GMAW) (Optional: Flux cored Arc Welder (Semi-Automatic)),Capital Goods & Manufacturing,Level 4,https://www.nqr.gov.in/qualifications/14231
14234,QG-03-CG-03940-2025-V2-CGSSC,Manual Metal Arc Welding/ Shielded Metal Arc Welding Welder,Capital Goods & Manufacturing,Level 3,https://www.nqr.gov.in/qualifications/14234
14235,QG-04-IS-04236-2025-V1-IISSSC,Refractory Technician,Iron & Steel,Level 4,https://www.nqr.gov.in/qualifications/14235
14237,QG-04-CG-03944-2025-V2-CGSSC,Senior Welder (Pipes & Plates),Capital Goods & Manufacturing,Level 4,https://www.nqr.gov.in/qualifications/14237
14241,QG-02-CG-03938-2025-V2-CGSSC,Sheet Metal Worker - Hand Tools and Manually Operated Machines,Capital Goods & Manufacturing,Level 2,https://www.nqr.gov.in/qualifications/14241
14242,QG-03-IS-04233-2025-V1-IISSSC,Sand Moulder,Iron & Steel,Level 3,https://www.nqr.gov.in/qualifications/14242
14244,QG-05-CG-03945-2025-V2-CGSSC,Stainless Steel Fabricator,Capital Goods & Manufacturing,Level 5,https://www.nqr.gov.in/qualifications/14244
14245,QG-05-CG-03947-2025-V2-CGSSC,Tool and Die Maker,Capital Goods & Manufacturing,Level 5,https://www.nqr.gov.in/qualifications/14245
14246,QG-06-IT-04198-2025-V1-CGSC,Mechanical Automation & Maintenance Engineer,IT-ITeS,Level 6,https://www.nqr.gov.in/qualifications/14246
14247,QG-06-IT-04201-2025-V1-CGSC,Predictive Maintenance Data Acquisition Engineer,IT-ITeS,Level 6,https://www.nqr.gov.in/qualifications/14247
14248,QG-4.5-HE-04220-2025-V2-HSSC,Central Sterile Service Department (CSSD) Assistant,Healthcare,Level 4.5,https://www.nqr.gov.in/qualifications/14248
14249,QG-06-HE-04225-2025-V2-HSSC,Healthcare Quality Assurance Manager,Healthcare,Level 6,https://www.nqr.gov.in/qualifications/14249
14250,QG-04-IT-04172-2025-V2-NIELIT,Full Stack Development Associate,IT-ITeS,Level 4,https://www.nqr.gov.in/qualifications/14250
14251,NM-3.5-IT-03802-2025-V1-NIELIT,Basics of Artificial Intelligence & Data Science,IT-ITeS,Level 3.5,https://www.nqr.gov.in/qualifications/14251
14253,NG-04-HE-03760-2025-V1-HSSC,Urology equipment and devices services,Healthcare,Level 4,https://www.nqr.gov.in/qualifications/14253
14256,QG-03-CP-04129-2025-V2-CIPET,Assistant Machine Operator – Plastics Processing,Chemicals & Petrochemicals,Level 3,https://www.nqr.gov.in/qualifications/14256
14257,QG-03-CP-04130-2025-V2-CIPET,Assistant Machine Operator– Injection Moulding,Chemicals & Petrochemicals,Level 3,https://www.nqr.gov.in/qualifications/14257
14258,QG-03-CP-04133-2025-V2-CIPET,Assistant Machine Operator - Plastics Recycling,Chemicals & Petrochemicals,Level 3,https://www.nqr.gov.in/qualifications/14258
14263,QG-03-CP-04131-2025-V2-CIPET,Assistant Machine Operator - Plastics Extrusion,Chemicals & Petrochemicals,Level 3,https://www.nqr.gov.in/qualifications/14263
14264,QG-03-CP-04132-2025-V2-CIPET,Assistant Machine Operator - Blow Molding,Chemicals & Petrochemicals,Level 3,https://www.nqr.gov.in/qualifications/14264
14265,QG-3.5-CO-04294-2025-V1-ICES,Purchase Executive - Construction,Construction,Level 3.5,https://www.nqr.gov.in/qualifications/14265
14273,QG-06-IT-04204-2025-V1-CGSC,Advanced Mechatronics- Designer and Planner,IT-ITeS,Level 6,https://www.nqr.gov.in/qualifications/14273
14280,QG-06-IT-04197-2025-V1-CGSC,Robotics & Automation Engineer,IT-ITeS,Level 6,https://www.nqr.gov.in/qualifications/14280
14316,QG-04-CP-04126-2025-V2-CIPET,Machine Operator & Programmer – CNC Lathe,Chemicals & Petrochemicals,Level 4,https://www.nqr.gov.in/qualifications/14316
14317,QG-04-CP-04127-2025-V2-CIPET,Machine Operator & Programmer – CNC Milling,Chemicals & Petrochemicals,Level 4,https://www.nqr.gov.in/qualifications/14317
14318,QG-3.5-CP-04119-2025-V2-CIPET,Machine Operator - Plastics Extrusion,Chemicals & Petrochemicals,Level 3.5,https://www.nqr.gov.in/qualifications/14318
14322,QG-3.5-CP-04124-2025-V2-CIPET,Machine Operator – Tool Room,Chemicals & Petrochemicals,Level 3.5,https://www.nqr.gov.in/qualifications/14322
14323,QG-3.5-CP-04121-2025-V2-CIPET,Plastics Recycling Machine Operator,Chemicals & Petrochemicals,Level 3.5,https://www.nqr.gov.in/qualifications/14323
14327,QG-3.5-CP-04118-2025-V2-CIPET,Machine Operator-Blow Moulding,Chemicals & Petrochemicals,Level 3.5,https://www.nqr.gov.in/qualifications/14327
14329,QG-3.5-CP-04136-2025-V2-CIPET,Machine Operator – CNC Lathe,Chemicals & Petrochemicals,Level 3.5,https://www.nqr.gov.in/qualifications/14329
14339,QG-4.5-CP-04138-2025-V2-CIPET,Quality Control Inspector – Plastics Materials & Products,Chemicals & Petrochemicals,Level 4.5,https://www.nqr.gov.in/qualifications/14339
14341,QG-05-CP-04128-2025-V2-CIPET,Testing and Quality Control Specialist - Plastics Materials & Products,Chemicals & Petrochemicals,Level 5,https://www.nqr.gov.in/qualifications/14341
14350,QG-3.5-CP-04117-2025-V2-CIPET,Machine Operator - Injection Molding,Chemicals & Petrochemicals,Level 3.5,https://www.nqr.gov.in/qualifications/14350
14352,QG-3.5-CP-04116-2025-V2-CIPET,Machine Operator – Plastics Processing,Chemicals & Petrochemicals,Level 3.5,https://www.nqr.gov.in/qualifications/14352
14356,QG-04-TL-00468- 2025-V2 -TSSC,Network Cloud Junior Architect,Telecom,Level 4,https://www.nqr.gov.in/qualifications/14356
14359,QG-04-FI-04000-2025-V2-FICSI,Craft Baker,Food Industry/Food Processing,Level 4,https://www.nqr.gov.in/qualifications/14359
14365,QG-03-FI-03997-2025-V2-FICSI,Fruit Pulp Junior Processor,Food Industry/Food Processing,Level 3,https://www.nqr.gov.in/qualifications/14365
14367,QG-03-FI-03892-2025-V2-FICSI,Preservation Technician-Fruits and Vegetables,Food Industry/Food Processing,Level 3,https://www.nqr.gov.in/qualifications/14367
14369,QG-06-FI-03603-2025-V2-FICSI,Quality Assurance Manager (Processed Food Industry),Food Industry/Food Processing,Level 6,https://www.nqr.gov.in/qualifications/14369
14370,QG-05-FI-03894-2025-V2-FICSI,Microbiologist (Food),Food Industry/Food Processing,Level 5,https://www.nqr.gov.in/qualifications/14370
14372,NG-03-FI-04211-2025-V1-FICSI,Fundamentals of Managing a Cloud Kitchen,Food Industry/Food Processing,Level 3,https://www.nqr.gov.in/qualifications/14372
14373,QG-04-FI-03895-2025-V2-FICSI,Assistant Sanitation Supervisor (Processed Food Industry),Food Industry/Food Processing,Level 4,https://www.nqr.gov.in/qualifications/14373
14377,NG-04-FI-04212-2025-V1-FICSI,Concept of Food Safety in Processing Unit,Food Industry/Food Processing,Level 4,https://www.nqr.gov.in/qualifications/14377
14380,NG-04-FI-04213-2025-V1-FICSI,Fundamentals of Food Quality and Testing,Food Industry/Food Processing,Level 4,https://www.nqr.gov.in/qualifications/14380
14383,NM-03-OR-04256-2025-V1-RASCI,Sustainable Practices for Retail Store Operations,Retail,Level 3,https://www.nqr.gov.in/qualifications/14383
14384,NM-04-FI-04214-2025,Fundamentals of Internal Audit- Food Industry,Food Industry/Food Processing,Level 4,https://www.nqr.gov.in/qualifications/14384
14387,QG-5.5-OR-04251-2025-V1-RASCI,Business Data Analyst (Retail),Retail,Level 5.5,https://www.nqr.gov.in/qualifications/14387
14390,NQR Code-NM-04-FI-04215-2025-V1-FICSI,Fundamentals of HACCP Implementation- Food Industry,Food Industry/Food Processing,Level 4,https://www.nqr.gov.in/qualifications/14390
14392,NQR CODE- QG-04-FI-04210-2025-V1-FICSI,Sales Associate- Food Industry,Food Industry/Food Processing,Level 4,https://www.nqr.gov.in/qualifications/14392
14396,NG-04-AG-04420-2025-V1-ASCI,Essentials of Tea sommelier,Agriculture,Level 4,https://www.nqr.gov.in/qualifications/14396
14397,NG-04-AG-04421-2025-V1-ASCI,Fundamentals of Tea Tasting,Agriculture,Level 4,https://www.nqr.gov.in/qualifications/14397
14418,QG-05-TL-00470-2025-V2-TSSC,IoT Installation Solution Architect,Telecom,Level 5,https://www.nqr.gov.in/qualifications/14418
14419,QG-03-TL-06067-2025-V2-TSSC,IoT Technical Service Operator,Telecom,Level 3,https://www.nqr.gov.in/qualifications/14419
14422,QG-06-EH-03973-2025-V3-ESSCI,Building Management System Project Manager,Electronics & HW,Level 6,https://www.nqr.gov.in/qualifications/14422
14423,QG-05-EH-03979-2025-V3-ESSCI,Building Management System Service Engineer,Electronics & HW,Level 5,https://www.nqr.gov.in/qualifications/14423
14424,QG-5.5-TL-04295-2025-V1-ICES,Digital Connectivity Infrastructure (DCI) Designer,Telecom,Level 5.5,https://www.nqr.gov.in/qualifications/14424
14432,QG-03-FI-03328-2024-V4-FICSI.,Assistant Sorter and Grader - Fruits and Vegetables,Food Industry/Food Processing,Level 3,https://www.nqr.gov.in/qualifications/14432
14437,QG-04-FI-03893-2025-V2-FICSI.,Processed Food Entrepreneur,Food Industry/Food Processing,Level 4,https://www.nqr.gov.in/qualifications/14437
14439,QG-03-FI-03331-2024-V4-FICSI.,Grain Miller,Food Industry/Food Processing,Level 3,https://www.nqr.gov.in/qualifications/14439
14440,QG-06-IT-04203-2025-V1-CGSC,Computer Aided Tool & Die Design Engineer,IT-ITeS,Level 6,https://www.nqr.gov.in/qualifications/14440
14441,QG-06-IT-04200-2025-V1-CGSC,Automated Metal Cutting Plasma Engineer,IT-ITeS,Level 6,https://www.nqr.gov.in/qualifications/14441
14446,QG-04-TL-00467-2025-V2-TSSC,AI & ML - Jr. Telecom Data Analyst,Telecom,Level 4,https://www.nqr.gov.in/qualifications/14446
14448,QG-03-TL-00466-2025-V2 -TSSC,Drone Monitoring and Maintenance Associate,Telecom,Level 3,https://www.nqr.gov.in/qualifications/14448
14449,QG-03-TL-00464- 2025-V2 -TSSC,Technician - Last Mile Active Network,Telecom,Level 4,https://www.nqr.gov.in/qualifications/14449
14450,QG-03-TL-00463-2025-V2-TSSC,Smart Devices Installation Operator,Telecom,Level 4,https://www.nqr.gov.in/qualifications/14450
14486,NM-3.5-IT-03825-2025-V1-NIELIT-,Basics of Computer Vision,IT-ITeS,Level 3.5,https://www.nqr.gov.in/qualifications/14486
14493,QG-03-FI-03998-2025-V2-FICSI.,Spice Processor,Food Industry/Food Processing,Level 3,https://www.nqr.gov.in/qualifications/14493
14494,QG-2.5-FI-04209-2025-V1-FICSI.,Food Handling and Service Assistant,Food Industry/Food Processing,Level 2.5,https://www.nqr.gov.in/qualifications/14494
14505,NM-3.5-IT-03827-2025-V1-NIELIT,Fundamentals of R Programming,IT-ITeS,Level 3.5,https://www.nqr.gov.in/qualifications/14505
14506,QG-05-ES-03868-2025-V1-TATAPWR,Green Energy Supervisor - Solar,Environmental Science,Level 5,https://www.nqr.gov.in/qualifications/14506
14509,QG-5.5-HY-04443-2025-V1-SBTETAP,Industrial Safety Engineer,Hydrocarbon,Level 5.5,https://www.nqr.gov.in/qualifications/14509
14513,QG-04-HE-03507-2025-V1-NISD,Geriatric Care Provider,Healthcare,Level 4,https://www.nqr.gov.in/qualifications/14513
14517,QG-03-PW-01878-2025-V2-PSSC,Assistant Technician - Street Light Installation & Maintenance,Power,Level 3,https://www.nqr.gov.in/qualifications/14517
14525,NM-03-FI-04216-2025-V1-FICSI,Fundamentals of FSSAI Guidelines- Labelling & Display,Food Industry/Food Processing,Level 3,https://www.nqr.gov.in/qualifications/14525
14528,NG-04-EH-046502025-V1-SS,Entrepreneurship in Drone Assembling,Electronics & HW,Level 4,https://www.nqr.gov.in/qualifications/14528
14531,QG-04-AG-04460-2025-V1-ASCI,Zoo Animal Keeper-Small Captive Animals,Agriculture,Level 4,https://www.nqr.gov.in/qualifications/14531
14541,QG-04-SP-04282-2025-V3-SPEFLSC,Swimming Pool Lifeguard,"Sports, Physical Education, Fitness & Leisure",Level 4,https://www.nqr.gov.in/qualifications/14541
14546,NG-4.5-CO-04450-2025-V1-ASAP,Fundamentals of BIM Integration for MEP Systems in Civil Engineering using Autodesk Revit,Construction,Level 4.5,https://www.nqr.gov.in/qualifications/14546
14550,QG-05-SP-00676-2025-V2-SPEFLSC,Swimming Instructor,"Sports, Physical Education, Fitness & Leisure",Level 5,https://www.nqr.gov.in/qualifications/14550
14554,NG-4.5-CO-04449-2025-V1-ASAP,Fundamentals of BIM Integration for MEP Systems in Mechanical Engineering using Autodesk Revit,Construction,Level 4.5,https://www.nqr.gov.in/qualifications/14554
14556,NG-4.5-CO-04448-2025-V1-ASAP,Fundamentals of BIM Integration for MEP Systems in Electrical Engineering using Autodesk Revit,Construction,Level 4.5,https://www.nqr.gov.in/qualifications/14556
14557,NG-4.5-CG-04444-2025-V1-ASAP,Fundamentals of Product Design and Manufacturing (Autodesk),Capital Goods & Manufacturing,Level 4.5,https://www.nqr.gov.in/qualifications/14557
14558,QG-05-IT-04446-2025-V2-ASAP,AI-Machine Learning Developer,IT-ITeS,Level 5,https://www.nqr.gov.in/qualifications/14558
14561,NG-3.5-ES-03447-2024-V1-SS,Entrepreneurship in Solar Water Heater Manufacturing,Environmental Science,Level 3.5,https://www.nqr.gov.in/qualifications/14561
14563,QG-03-HC-045202025-V2-HCSSC,Coir Fibre Artisan,Handicrafts & Carpets,Level 3,https://www.nqr.gov.in/qualifications/14563
14564,QG-03-HC-045212025-V2-HCSSC,Moonjh Craft Maker,Handicrafts & Carpets,Level 3,https://www.nqr.gov.in/qualifications/14564
14565,QG-03-HC-045222025-V2-HCSSC,Willow Craft Artisan,Handicrafts & Carpets,Level 3,https://www.nqr.gov.in/qualifications/14565
14566,QG-03-HC-045232025-V2-HCSSC,Traditional Soft Toy Artisan,Handicrafts & Carpets,Level 3,https://www.nqr.gov.in/qualifications/14566
14567,QG-06-TL-046482025-V1-ICES,Digital Connectivity Infrastructure (DCI) Evaluator,Telecom,Level 6,https://www.nqr.gov.in/qualifications/14567
14568,NG-2.5-ERT-04651-2025-V1-VBABSS,Fundamentals of MS Office,"Education, Training & Research",Level 2.5,https://www.nqr.gov.in/qualifications/14568
14572,NG-04-IT-04417-2025-V2-NIELIT,Fundamentals of Information Security,IT-ITeS,Level 4,https://www.nqr.gov.in/qualifications/14572
14578,QG-03-LT-046022025-V2 LSSC,Cutter – (Footwear/Leather Accessories & Garments),Leather,Level 3,https://www.nqr.gov.in/qualifications/14578
14581,QG-06-HE-00666-2025-V2-HSSC,Transplant Coordinator,Healthcare,Level 6,https://www.nqr.gov.in/qualifications/14581
14582,NM-3.5-IT-03828-2025-V1-NIELIT,Introduction to Data Analysis Concepts and Techniques,IT-ITeS,Level 3.5,https://www.nqr.gov.in/qualifications/14582
14585,QG-04-HM-045302025-V2-HMCGSSC,Cook (Multi-Cuisine),Home Management and Caregiving,Level 4,https://www.nqr.gov.in/qualifications/14585
14587,QG-03-HM-045312025-V2-HMCGSSC,Mother and Newborn Care (Non-Clinical),Home Management and Caregiving,Level 3,https://www.nqr.gov.in/qualifications/14587
14592,QG-04-AG-04461-2025-V1-ASCI,Interior Landscaper,Agriculture,Level 4,https://www.nqr.gov.in/qualifications/14592
14594,QG-4.5-ES-04414-2025-V1-SGSU,Junior Supervisor – E-Waste (Recycling and Resource Recovery),Environmental Science,Level 4.5,https://www.nqr.gov.in/qualifications/14594
14601,QG-5-LS-04427-2025-V2-LSSSDC,"Bioinformatics Associate/Analyst Elective 1: Open-Source language Programming, 2: Dry Lab Genomic Pipeline Analysis, 3: Dry Lab Meta-Genomics Analysis, 4: Microarray-Based Gene Expression Profiling, 5: Data Interpretation using Artificial Intelligence and Machine Learning",Life Sciences,Level 5,https://www.nqr.gov.in/qualifications/14601
14602,QG-03-LT-046042025-V2 LSSC,Shoe Maker,Leather,Level 3,https://www.nqr.gov.in/qualifications/14602
14611,QG-3.5-HM-045292025-V1-HMCGSSC,Pet Caretaker,Home Management and Caregiving,Level 3.5,https://www.nqr.gov.in/qualifications/14611
14612,QG-3.5-HM-045322025-V1-HMCGSSC,Assistant Caregiver - Persons with Disabilities (Non-Clinical),Home Management and Caregiving,Level 3.5,https://www.nqr.gov.in/qualifications/14612
14613,NM-3.5-IT-03823-2025-V1-NIELIT,Introduction to Deep Learning,IT-ITeS,Level 3.5,https://www.nqr.gov.in/qualifications/14613
14616,QG-06-IT-045862025-V2-NASSCOM,AI Database Administrator,IT-ITeS,Level 6,https://www.nqr.gov.in/qualifications/14616
14617,QG-05-IT-045822025-V2-NASSCOM,AI DevOps Analyst,IT-ITeS,Level 5,https://www.nqr.gov.in/qualifications/14617
14618,QG-07-IT-01546-2025-V2-NASSCOM,AR/VR Test Engineer,IT-ITeS,Level 5,https://www.nqr.gov.in/qualifications/14618
14621,QG-04-TL-04422-2025-V1-TSSC,Broadband Network Technician,Telecom,Level 4,https://www.nqr.gov.in/qualifications/14621
14622,QG-04-TL-04423-2025-V1-TSSC,Wireless Network Technician,Telecom,Level 4,https://www.nqr.gov.in/qualifications/14622
14624,QG-05-IT-045942025-V2-NASSCOM,Business Intelligence Analyst,IT-ITeS,Level 5,https://www.nqr.gov.in/qualifications/14624
14625,QG-06-IT-045952025-V2-NASSCOM,Data Scientist,IT-ITeS,Level 6,https://www.nqr.gov.in/qualifications/14625
14626,QG-05-IT-045832025-V2-NASSCOM,AI Machine Learning Analyst,IT-ITeS,Level 5,https://www.nqr.gov.in/qualifications/14626
14627,QG-05-IT-03660-2025-V2-NASSCOM,XR Designer,IT-ITeS,Level 5,https://www.nqr.gov.in/qualifications/14627
14629,NM-3.5-IT-03822-2025-V1-NIELIT,Machine Learning Fundamentals,IT-ITeS,Level 3.5,https://www.nqr.gov.in/qualifications/14629
14631,NCVET-QG-04-CO-046442025-V1-ICES,Construction Fabricator,Construction,Level 4,https://www.nqr.gov.in/qualifications/14631
14639,QG-06-IT-00471-2025-V2-NASSCOM,AR/VR Consultant,IT-ITeS,Level 6,https://www.nqr.gov.in/qualifications/14639
14641,QG-04-LT-046012025-V2 LSSC,Sample Maker (Footwear/Leather Accessories & Garments),Leather,Level 4,https://www.nqr.gov.in/qualifications/14641
14650,NM-5-LS-04431-2025-V2-LSSSDC,Life Sciences GMP: Computer System Validation – Fundamentals,Life Sciences,Level 5,https://www.nqr.gov.in/qualifications/14650
14652,NM-5.5-LS-04432-2025-V2-LSSSDC,Life Sciences GMP: Computer System Validation - Lifecycle & Risk Assessment,Life Sciences,Level 5.5,https://www.nqr.gov.in/qualifications/14652
14653,NM-5.5-LS-04433-2025-V2-LSSSDC,Life Sciences GMP: Computer System Validation – Testing Methodologies,Life Sciences,Level 5.5,https://www.nqr.gov.in/qualifications/14653
14654,NM-06-LS-04434-2025-V2-LSSSDC,Life Sciences GMP: Computer System Validation - Implementation Strategies and Quality Assurance,Life Sciences,Level 6,https://www.nqr.gov.in/qualifications/14654
14656,NM-5.5-LS-04435-2025-V2-LSSSDC,Life Sciences GMP: Vendor Qualification,Life Sciences,Level 5.5,https://www.nqr.gov.in/qualifications/14656
14657,NM-5-LS-04436-2025-V2-LSSSDC,Life Sciences GMP: Deviation Investigation and Regulatory Requirements,Life Sciences,Level 5,https://www.nqr.gov.in/qualifications/14657
14659,NM-5.5-LS-04437-2025-V2-LSSSDC,Life Sciences GMP: Investigative Steps and Analytical Tools for Deviation,Life Sciences,Level 5.5,https://www.nqr.gov.in/qualifications/14659
14660,NM-5.5-LS-04438-2025-V2-LSSSDC,Life Sciences GMP: Deviation types and Investigation Process Mode,Life Sciences,Level 5.5,https://www.nqr.gov.in/qualifications/14660
14661,NM-06-LS-04439-2025-V2-LSSSDC,Life Sciences GMP: Deviation special Investigation & Reporting,Life Sciences,Level 6,https://www.nqr.gov.in/qualifications/14661
14664,NG-04-EH-04418-2025-V2-NIELIT,Fundamentals of Internet of Things,Electronics & HW,Level 4,https://www.nqr.gov.in/qualifications/14664
14666,QG-03-EH-044872025-V2-ESSCI,Assembly Line Operator (Electronics Modules),Electronics & HW,Level 3,https://www.nqr.gov.in/qualifications/14666
14672,NG-04-TW-04445-2025-V1-ASAP,Fundamentals of Q-Commerce,"Transportation, Logistics & Warehousing",Level 4,https://www.nqr.gov.in/qualifications/14672
14673,QG-03-LT-046032025-V2-LSSC,Skiving Operator - Footwear,Leather,Level 3,https://www.nqr.gov.in/qualifications/14673
14676,NM-3.5-IT-03824-2025-V1-NIELIT,Fundamentals of Natural Language Processing (NLP),IT-ITeS,Level 3.5,https://www.nqr.gov.in/qualifications/14676
14678,QG-06-PW-04248-2025-V2-PSSC,Engineer - Power Distribution,Power,Level 6,https://www.nqr.gov.in/qualifications/14678
14679,QG-05-PW-01872-2025-V2-PSSC,Junior Engineer – Power Distribution,Power,Level 5,https://www.nqr.gov.in/qualifications/14679
14680,QG-04-PW-04250-2025-V2-PSSC,Technician: Distribution Transformer Operation and Maintenance,Power,Level 4,https://www.nqr.gov.in/qualifications/14680
14682,QG-03-PW-04244-2025-V2-PSSC,"Attendant Sub Station (66/11, 33/11) - Power Distribution",Power,Level 3,https://www.nqr.gov.in/qualifications/14682
14687,QG-03-AG-04676-2025-V2-ASCI,Krishi Sahayak,Agriculture,Level 3,https://www.nqr.gov.in/qualifications/14687
14696,QG-03-LT-046002025-V2-LSSC,Stitching Operator (Footwear/Leather Accessories & Garments),Leather,Level 3,https://www.nqr.gov.in/qualifications/14696
14705,NG-02-MG-046492025-V1-SS,Yuva Udyami (Basics),Management,Level 2,https://www.nqr.gov.in/qualifications/14705
14706,QG-04-EH-044862025-V2-ESSCI,Customer Service Executive - Electronic Products,Electronics & HW,Level 4,https://www.nqr.gov.in/qualifications/14706
14709,QG-04-EH-044902025-V2-ESSCI,DTH Set Top Box Installation & Service Technician,Electronics & HW,Level 4,https://www.nqr.gov.in/qualifications/14709
14710,QG-03-EH-044852025-V2-ESSCI,Assistant Technician – Computer and Peripheral,Electronics & HW,Level 3,https://www.nqr.gov.in/qualifications/14710
14711,QG-04-EH-044892025-V2-ESSCI,Assembly Operator - TV,Electronics & HW,Level 4,https://www.nqr.gov.in/qualifications/14711
14712,QG-03-EH-044802025-V2-ESSCI,Assistant Technician - TV,Electronics & HW,Level 3,https://www.nqr.gov.in/qualifications/14712
14714,QG-03-EH-044912025-V2-ESSCI,Assembly and Wiring Assistant Operator- Standard Control Panel,Electronics & HW,Level 3,https://www.nqr.gov.in/qualifications/14714
14716,NCVET-QG-04-CO-046432025-V1-ICES,Interior Finisher,Construction,Level 4,https://www.nqr.gov.in/qualifications/14716
14718,QG-04-EH-04471-2025-V2-ESSCI,Solar Panel Installation Technician,Electronics & HW,Level 4,https://www.nqr.gov.in/qualifications/14718
14722,QG-04-EH-044762025-V2-ESSCI,Smartphone Assembly Technician,Electronics & HW,Level 4,https://www.nqr.gov.in/qualifications/14722
14726,NCVET-QG-03-CO-046422025-V1-ICES,MEP Executive,Construction,Level 3,https://www.nqr.gov.in/qualifications/14726
14727,QG-04-CO-046412025-V1-ICES,MEP Technician,Construction,Level 4,https://www.nqr.gov.in/qualifications/14727
14728,NCVET-NG-02-CO-046382025-V1-ICES,Introduction to Roads Repair and Maintenance,Construction,Level 2,https://www.nqr.gov.in/qualifications/14728
14729,NCVET-NG-02-CO-046402025-V1-ICES,Introduction to Streetscaping,Construction,Level 2,https://www.nqr.gov.in/qualifications/14729
14731,NCVET-NG-02-CO-046392025-V1-ICES,Introduction to Roadside Plantation and Bioengineering,Construction,Level 2,https://www.nqr.gov.in/qualifications/14731
14732,QG-05-IT-04447-2025-V2-ASAP,Business Analyst,IT-ITeS,Level 5,https://www.nqr.gov.in/qualifications/14732
14733,QG-5.5-IT-045972025-V2-NASSCOM,IoT Software Analyst,IT-ITeS,Level 5.5,https://www.nqr.gov.in/qualifications/14733
14734,QG-05-IT-045902025-V2-NASSCOM,Cloud Application Developer,IT-ITeS,Level 5,https://www.nqr.gov.in/qualifications/14734
14735,QG-02-LT-046072025-V2 LSSC,Helper – Footwear Upper Making,Leather,Level 2,https://www.nqr.gov.in/qualifications/14735
14737,QG-04-EH-04473-2025-V2-ESSCI,LED Light Repair Technician,Electronics & HW,Level 4,https://www.nqr.gov.in/qualifications/14737
14742,QG-04-EH-044842025-V2-ESSCI,Purchase Coordinator- Electronics,Electronics & HW,Level 4,https://www.nqr.gov.in/qualifications/14742
14743,QG-03-LT-046052025-V2-LSSC,Pre-Assembly Operator (Footwear),Leather,Level 3,https://www.nqr.gov.in/qualifications/14743
14744,NM-03-IT-03826-2025-V1-NIELIT,Overview of Data Science,IT-ITeS,Level 3,https://www.nqr.gov.in/qualifications/14744
14747,QG-04-EH-044832025-V2-ESSCI,PCB Assembly Technician,Electronics & HW,Level 4,https://www.nqr.gov.in/qualifications/14747
14748,QG-5.5-IT-045882025-V2-NASSCOM,IT Forensic Analyst,IT-ITeS,Level 5.5,https://www.nqr.gov.in/qualifications/14748
14750,QG-06-IT-045872025-V2-NASSCOM,Network Security Engineer,IT-ITeS,Level 6,https://www.nqr.gov.in/qualifications/14750
14751,QG-06-IT-045892025-V2-NASSCOM,Information Security Analyst,IT-ITeS,Level 6,https://www.nqr.gov.in/qualifications/14751
14752,QG-5.5-IT-045992025-V2-NASSCOM,Analyst Endpoint Security,IT-ITeS,Level 5.5,https://www.nqr.gov.in/qualifications/14752
14754,QG-05-IT-03661-2025-V2-NASSCOM,XR Developer,IT-ITeS,Level 5,https://www.nqr.gov.in/qualifications/14754
14755,QG-06-IT-045962025-V2-NASSCOM,IoT Solution Engineer,IT-ITeS,Level 6,https://www.nqr.gov.in/qualifications/14755
14757,QG-06-IT-045982025-V2-NASSCOM,IoT Security Analyst,IT-ITeS,Level 6,https://www.nqr.gov.in/qualifications/14757
14758,QG-05-IT-045812025-V2-NASSCOM,AI Data Engineering Analyst,IT-ITeS,Level 5,https://www.nqr.gov.in/qualifications/14758
14759,QG-06-IT-045842025-V2-NASSCOM,AI Data Architecture Analyst,IT-ITeS,Level 6,https://www.nqr.gov.in/qualifications/14759
14760,QG-04-EH-044932025-V2-ESSCI,Electronics Machine Maintenance Technician- Shop Floor,Electronics & HW,Level 4,https://www.nqr.gov.in/qualifications/14760
14761,QG-04-EH-044942025-V2-ESSCI,Electronics Manufacturing Services (EMS) Technician,Electronics & HW,Level 4,https://www.nqr.gov.in/qualifications/14761
14762,NG-03-CO-046452025-V1-ICES,Applications of AI in Construction Safety,Construction,Level 3,https://www.nqr.gov.in/qualifications/14762
14763,NG-05-CO-046372025-V1-ICES,Bexel - BIM based Project Management (3D/4D/5D/6D BIM),Construction,Level 5,https://www.nqr.gov.in/qualifications/14763
14765,NG-2.5-ERT-046362025-V1-ICES,Fundamentals of Disaster Management,"Education, Training & Research",Level 2.5,https://www.nqr.gov.in/qualifications/14765
14767,QG-04-EH-044952025-V2-ESSCI,Field Technician - Air Conditioner,Electronics & HW,Level 4,https://www.nqr.gov.in/qualifications/14767
14769,QG-04-EH-044982025-V2-ESSCI,Field Technician - Kitchen Appliances,Electronics & HW,Level 4,https://www.nqr.gov.in/qualifications/14769
14770,QG-06-IT-045852025-V2-NASSCOM,AI Solution Developer,IT-ITeS,Level 6,https://www.nqr.gov.in/qualifications/14770
14772,QG-6.5-IT-045912025-V2-NASSCOM,Cloud Engineer,IT-ITeS,Level 6.5,https://www.nqr.gov.in/qualifications/14772
14773,QG-6.5-IT-045922025-V2-NASSCOM,Cloud Security Analyst,IT-ITeS,Level 6.5,https://www.nqr.gov.in/qualifications/14773
14775,QG-6.5-IT-045932025-V2-NASSCOM,Cloud Site Reliability Analyst,IT-ITeS,Level 6.5,https://www.nqr.gov.in/qualifications/14775
14776,QG-05-IT-01509-2025-V2-NASSCOM,3D Printing Modelling Engineer,IT-ITeS,Level 5,https://www.nqr.gov.in/qualifications/14776
14785,NG-05-CO-046462025-V1-ICES,Tunnel Safety Supervisor,Construction,Level 5,https://www.nqr.gov.in/qualifications/14785
14787,QG-04-EH-044962025-V2-ESSCI,Field Technician Networking and Data Storage,Electronics & HW,Level 4,https://www.nqr.gov.in/qualifications/14787
14789,QG-04-EH-044992025-V2-ESSCI,"HVAC (Heating, Ventilation, and Air Conditioning) Technician",Electronics & HW,Level 4,https://www.nqr.gov.in/qualifications/14789
14795,NM-3.5-IT-03808-2025-V1-NIELIT,Application of Data Annotation in Agriculture,IT-ITeS,Level 3.5,https://www.nqr.gov.in/qualifications/14795
14797,QG-5.5-CO-046472025-V1-ICES,Contract Manager (Construction),Construction,Level 5.5,https://www.nqr.gov.in/qualifications/14797
14800,QG-04-EH-04472-2025-V2-ESSCI,IT Hardware Support Coordinator,Electronics & HW,Level 4,https://www.nqr.gov.in/qualifications/14800
14802,QG-03-EH-044922025-V2-ESSCI,Jr. Technician - Electrical and Electronics Sub- System,Electronics & HW,Level 3,https://www.nqr.gov.in/qualifications/14802
14805,QG-05-TL-00469-2025-V2-TSSC,Machine Learning (ML) - Telecom Architect,Telecom,Level 5,https://www.nqr.gov.in/qualifications/14805
14806,QG-04-EH-04475-2025-V2-ESSCI,Mechanical Fitter (Electronics),Electronics & HW,Level 4,https://www.nqr.gov.in/qualifications/14806
14813,QG-03-BW-06575-2025-V2-BWSSC,Junior Beauty Therapist,Beauty & Wellness,Level 3,https://www.nqr.gov.in/qualifications/14813
14818,QG-05-BW-06577-2025-V2-BWSSC,Senior Beauty Therapist,Beauty & Wellness,Level 5,https://www.nqr.gov.in/qualifications/14818
14820,QG-03-BW-065922025-V2-BWSSC,Assistant Beauty & Wellness Consultant,Beauty & Wellness,Level 3,https://www.nqr.gov.in/qualifications/14820
14825,QG-05-BW-065842025-V2-BWSSC,"Bridal, Fashion and Portfolio Makeup Artist",Beauty & Wellness,Level 5,https://www.nqr.gov.in/qualifications/14825
14826,QG-04-EH-044812025-V2-ESSCI,Pick and Place Assembly Operator,Electronics & HW,Level 4,https://www.nqr.gov.in/qualifications/14826
14828,QG-04-BW-065962025-V2-BWSSC,Professional Makeup Artist,Beauty & Wellness,Level 4,https://www.nqr.gov.in/qualifications/14828
14832,QG-5.5-HE-045282025-V1-HSSC,Carepreneur- Early Child Development (ECD) Services,Healthcare,Level 5.5,https://www.nqr.gov.in/qualifications/14832
14839,QG-4.5-HE- 045272025-V1-HSSC,Associate cum Coordinator - Early Child Development (ECD) Services,Healthcare,Level 4.5,https://www.nqr.gov.in/qualifications/14839
14840,QG-03-BW-06578-2025-V2-BWSSC,Junior Hair Dresser and Stylist,Beauty & Wellness,Level 3,https://www.nqr.gov.in/qualifications/14840
14841,QG-03-HE-045262025-V1-HSSC,Child Health Worker-Early Child Development (ECD) Services,Healthcare,Level 3,https://www.nqr.gov.in/qualifications/14841
14842,QG-04-BW-06579-2025-V2-BWSSC,Hair Dresser & Stylist,Beauty & Wellness,Level 4,https://www.nqr.gov.in/qualifications/14842
14844,QG-05-BW-04402025-V2-BWSSC,Senior Hair Dresser & Stylist,Beauty & Wellness,Level 5,https://www.nqr.gov.in/qualifications/14844
14845,QG-04-BW-065922025-V2-BWSSC,Yoga Trainer (B&W),Beauty & Wellness,Level 4,https://www.nqr.gov.in/qualifications/14845
14846,QG-5.5-BW-004412025-V2-BWSSC,Senior Yoga Instructor (B&W),Beauty & Wellness,Level 5.5,https://www.nqr.gov.in/qualifications/14846
14847,QG-03-BW-065812025-V2-BWSSC,Junior Nail Technician,Beauty & Wellness,Level 3,https://www.nqr.gov.in/qualifications/14847
14848,QG-04-BW-065822025-V2-BWSSC,Nail Technician,Beauty & Wellness,Level 4,https://www.nqr.gov.in/qualifications/14848
14849,QG-03-BW-065832025-V2-BWSSC,Pedicurist and Manicurist,Beauty & Wellness,Level 3,https://www.nqr.gov.in/qualifications/14849
14850,QG-03-BW-065852025-V2-BWSSC,Junior Spa Therapist,Beauty & Wellness,Level 3,https://www.nqr.gov.in/qualifications/14850
14851,QG-04-BW-065862025-V2-BWSSC,Spa Therapist,Beauty & Wellness,Level 4,https://www.nqr.gov.in/qualifications/14851
14852,QG-03-BW-065872025-V2-BWSSC,Wellness Neurotherapist,Beauty & Wellness,Level 3,https://www.nqr.gov.in/qualifications/14852
14853,QG-04-BW-065882025-V2-BWSSC,Senior Wellness Neurotherapist,Beauty & Wellness,Level 4,https://www.nqr.gov.in/qualifications/14853
14855,QG-05-BW-065892025-V2-BWSSC,Master Wellness Neurotherapist,Beauty & Wellness,Level 5,https://www.nqr.gov.in/qualifications/14855
14856,QG-03-BW-065902025-V2-BWSSC,Gym Assistant (B&W),Beauty & Wellness,Level 3,https://www.nqr.gov.in/qualifications/14856
14857,QG-04-BW-065802025-V2-BWSSC,Personal Trainer (B&W),Beauty & Wellness,Level 4,https://www.nqr.gov.in/qualifications/14857
14860,QG-04-EH-044882025-V2-ESSCI,Assembly Operator - RAC*,Electronics & HW,Level 4,https://www.nqr.gov.in/qualifications/14860
14861,QG-04-EH-044772025-V2-ESSCI,Service Technician – Home Appliances,Electronics & HW,Level 4,https://www.nqr.gov.in/qualifications/14861
14862,QG-04-EH-044822025-V2-ESSCI,Through Hole Assembly Operator,Electronics & HW,Level 4,https://www.nqr.gov.in/qualifications/14862
14863,QG-04-EH-044972025-V2-ESSCI,Field Technician - UPS And Inverter,Electronics & HW,Level 4,https://www.nqr.gov.in/qualifications/14863
14871,NM-3.5-IT-03809-2025-V1-NIELIT,Application of Data Annotation in Education,IT-ITeS,Level 3.5,https://www.nqr.gov.in/qualifications/14871
14878,QG-05-CG-045542025-V2-IASC,Building Automation Specialist,Instrumentation,Level 5,https://www.nqr.gov.in/qualifications/14878
14880,QG-05-CG-045552025-V2-IASC,Industrial Automation Specialist,Instrumentation,Level 5,https://www.nqr.gov.in/qualifications/14880
14883,QG-04-CG-045562025-V2-IASC,Industrial Automation Technician,Instrumentation,Level 4,https://www.nqr.gov.in/qualifications/14883
14891,QG-03-EH-044792025-V2-ESSCI,Assistant Welding Operator (Electronics),Electronics & HW,Level 3,https://www.nqr.gov.in/qualifications/14891
14895,QG-04-BW-06576-2025-V2-BWSSC,Beauty Therapist,Beauty & Wellness,Level 4,https://www.nqr.gov.in/qualifications/14895
14896,QG-03-EH-04474-2025-V2-ESSCI,Wireman Control Panel Electronics,Electronics & HW,Level 3,https://www.nqr.gov.in/qualifications/14896
14904,NG-04-FI-045142025-V1-FICSI,Fundamentals of Baking,Food Industry/Food Processing,Level 4,https://www.nqr.gov.in/qualifications/14904
14918,NM-4.5-EH-045012025-V1-ESSCI,Fundamentals of Cleanroom - Semiconductor OEM Qualification Name: Cleanroom Technician - Semiconductor Manufacturing,Electronics & HW,Level 4.5,https://www.nqr.gov.in/qualifications/14918
14928,NG-04-HE-045252025-V1-HSSC,Alzheimer's and Dementia Care- Fundamentals,Healthcare,Level 4,https://www.nqr.gov.in/qualifications/14928
14945,NM-5.5-LS-04441-2025-V2-LSSSDC,Life Sciences GMP: Internal Audit Preparation & Compliance Management,Life Sciences,Level 5.5,https://www.nqr.gov.in/qualifications/14945
14946,NM-5.5-LS-04442-2025-V2-LSSSDC,Life Sciences GMP: Audit Essentials and Auditor Qualification,Life Sciences,Level 5.5,https://www.nqr.gov.in/qualifications/14946
14950,NM-5.5-LS-04440-2025-V2-LSSSDC,Life Sciences GMP: Basics of Self Inspection & Quality audit,Life Sciences,Level 5.5,https://www.nqr.gov.in/qualifications/14950
14952,QG-5-LS-04426-2025-V2-LSSSDC,Chemist- Retail Pharmacy,Life Sciences,Level 5,https://www.nqr.gov.in/qualifications/14952
14954,QG-06-LS-04425-2025-V2-LSSSDC,Associate- Regulatory Affairs and Intellectual Property (Medical Devices) Options: 1. Regulated Business Operations,Life Sciences,Level 6,https://www.nqr.gov.in/qualifications/14954
14955,NG-5.5-LS-04429-2025-V2-LSSSDC,Human Error Reduction (Behavioral GMP),Life Sciences,Level 5.5,https://www.nqr.gov.in/qualifications/14955
14957,QG-04-HE-045242025-V1-HSSC>QG-04-HE-045242025-V1-HSSC,Palliative Care Assistant,Healthcare,Level 4,https://www.nqr.gov.in/qualifications/14957
14959,NM-4.5-EH-045002025-V1-ESSCI,Basics of Semiconductor Manufacturing Process OEM Qualification Name: Semiconductor Manufacturing Technician,Electronics & HW,Level 4.5,https://www.nqr.gov.in/qualifications/14959
15012,QG-04-EH-04690-2025-V2-ESSC,Multi Skill Technician – Consumer Durables,Electronics & HW,Level 4,https://www.nqr.gov.in/qualifications/15012
15028,QG-03-FI-03999-2025-V2-FICSI,Traditional sweet and savoury product maker,Food Industry/Food Processing,Level 3,https://www.nqr.gov.in/qualifications/15028
15049,NC-02-IT-04740-2026-V1-NIELIT,Yuva AI for All,IT-ITeS,Level 2,https://www.nqr.gov.in/qualifications/15049
15107,NG-04-IT-04174-2025-V2-NIELIT,Essentials of Cloud Computing and Virtualization (Upskilling),IT-ITeS,Level 4,https://www.nqr.gov.in/qualifications/15107
